52597627539
P33,6548,655455.4554554555,pedestrian,-34.32500377066936,6.214609289739891,2.1716561200322064,0.3272243043004308,-0.098686335012138,0.1408146695532875
P33,6549,655555.5555555556,pedestrian,-34.09296724602263,6.247744423467329,2.189995662438298,0.3357884326617713,0.0107545330151093,0.1193615620311353
P33,6550,655655.6556556557,pedestrian,-33.84568002939561,6.259704268919904,2.219387003885064,0.3341538076934162,0.1205706640343476,0.066682321285809
P33,6551,655755.7557557558,pedestrian,-33.58583624395672,6.268155760877618,2.252986571790028,0.3299966349572928,0.2040742668030311,0.0246711962399952
P33,6552,655855.8558558559,pedestrian,-33.331244331901104,6.31006696615449,2.279701366439055,0.3334355415634204,0.2284575277149234,0.0284305956407518
P33,6553,655955.955955956,pedestrian,-33.10942594605397,6.360614455507071,2.289750092306551,0.3429321354772994,0.1787368604616697,0.054224617634997
P33,6554,656056.056056056,pedestrian,-32.91156438591625,6.417312168501324,2.2848680498166245,0.3536593643783615,0.0904116798403716,0.0747775685452121
P33,6555,656156.1561561562,pedestrian,-32.70036094007753,6.449912529774906,2.275981264692417,0.3578706703371235,0.0208448278992975,0.0620799385999166
P33,6556,656256.2562562563,pedestrian,-32.464092679446644,6.479779347333173,2.269585054239012,0.3562697381858554,-0.0120547750353986,0.0317697082541873
P33,6557,656356.3563563564,pedestrian,-32.24451130863054,6.502759568635385,2.262379403007386,0.3504626073277896,-0.0353211615408241,-0.003086554709694
P33,6558,656456.4564564564,pedestrian,-32.021172639644284,6.529381919682691,2.2566835638001934,0.3446238526299169,-0.0436992297374167,-0.0245332865552026
P33,6559,656556.5565565566,pedestrian,-31.792745663578,6.565057357803958,2.253380691056553,0.3417872916661997,-0.0395438181502499,-0.0260100897630039
P33,6560,656656.6566566566,pedestrian,-31.566728593796185,6.609139308869553,2.2513055558697124,0.341689725103264,-0.0322399982856441,-0.016290643896147
P33,6561,656756.7567567568,pedestrian,-31.33928022126564,6.641528120888668,2.2500358737323043,0.3405870892942764,-0.0246478584496385,-0.01424261944184
P33,6562,656856.8568568568,pedestrian,-31.114450722859186,6.666086300462959,2.2484985129120645,0.3387864167658991,-0.0210413653674275,-0.0156969604097522
P33,6563,656956.956956957,pedestrian,-30.889381069790733,6.697884971618892,2.2464667969602736,0.3398471915328549,-0.0207523206091659,-0.0054888516181975
P33,6564,657057.057057057,pedestrian,-30.65728919173364,6.72659718203156,2.2434912131557945,0.3452344040783788,-0.0242361870849972,0.0175358334550786
P33,6565,657157.1571571572,pedestrian,-30.42647958391749,6.766836511131022,2.2359345727732896,0.3585010127042177,-0.0441346829493214,0.0621811288319022
P33,6566,657257.2572572572,pedestrian,-30.21546676590252,6.826499501346615,2.219371741425721,0.3802239287046721,-0.0912376235493,0.1222907979703738
P33,6567,657357.3573573574,pedestrian,-30.00202640964748,6.89356609312479,2.1954588909481094,0.4046102143660972,-0.1485601839731139,0.1693938137213665
P33,6568,657457.4574574574,pedestrian,-29.807630305441325,6.9400404307336565,2.16352540652893,0.42313017494631,-0.2147357322358833,0.1754581667648913
P33,6569,657557.5575575576,pedestrian,-29.60763368812245,6.983371154208701,2.128572091484971,0.4349186837296767,-0.2669321801123164,0.1530609130247602
P33,6570,657657.6576576576,pedestrian,-29.40349434220608,7.029887173846732,2.092226498307107,0.4405230561732625,-0.3042643096739081,0.1153743558235612
P33,6571,657757.7577577578,pedestrian,-29.204592588454343,7.07340741599422,2.0527276055827417,0.439091580819352,-0.3393328103890187,0.0650309558138031
P33,6572,657857.857857858,pedestrian,-29.01556356784349,7.100381048671694,2.00802055517534,0.4301860009060783,-0.3809860459030957,0.0052447206234626
P33,6573,657957.957957958,pedestrian,-28.83880205466485,7.127888819918877,1.9573508941478857,0.419091149894495,-0.4295937064470637,-0.0398216840384802
P33,6574,658058.0580580581,pedestrian,-28.67130312221181,7.186512036217743,1.902217950441036,0.410979007347322,-0.4766408970916063,-0.0558239108486835
P33,6575,658158.1581581582,pedestrian,-28.505444060336934,7.22222101358753,1.84542973218218,0.3985654515137014,-0.511842860796739,-0.0822962195118167
P33,6576,658258.2582582583,pedestrian,-28.36899865810114,7.247364754970693,1.7882609380912962,0.381699200828174,-0.534854457622504,-0.1157605602121078
P33,6577,658358.3583583584,pedestrian,-28.20914886713254,7.274403059234123,1.741839255490286,0.363505446593089,-0.5072507216138372,-0.1413816914334263
P33,6578,658458.4584584585,pedestrian,-28.02662071579265,7.306188137556277,1.7082542927193338,0.345912770664496,-0.4405776131601322,-0.154724758012117
P33,6579,658558.5585585586,pedestrian,-27.84278538071148,7.330286727757785,1.6799094837458926,0.3283627481365181,-0.3794654732441643,-0.1627222442169613
P33,6580,658658.6586586587,pedestrian,-27.69160443902205,7.360168339625346,1.6465667448748535,0.3125349575499683,-0.3614627489614087,-0.1609353792210876
P33,6581,658758.7587587588,pedestrian,-27.55620862313429,7.387554086539088,1.608295020937794,0.2974018241759411,-0.3695657579445199,-0.1571480677493292
P33,6582,658858.8588588589,pedestrian,-27.406838844576264,7.406551719541617,1.570137691639308,0.2821591326993706,-0.3740792830633314,-0.155256007052077
P33,6583,658958.958958959,pedestrian,-27.25776201721712,7.431452524875435,1.530763060273544,0.2687171830150913,-0.3815617137312725,-0.1471145027145966
P33,6584,659059.0590590591,pedestrian,-27.124833362700752,7.454813149658122,1.4869372286566318,0.2564677998874786,-0.40340278416089,-0.137508510505879
P33,6585,659159.1591591592,pedestrian,-27.020740784094283,7.471574555795308,1.4393874258076975,0.2449140283820901,-0.4312075826758546,-0.1289339751944558
P33,6586,659259.2592592593,pedestrian,-26.90945198134509,7.488728149734144,1.398722893637306,0.2358292619020333,-0.4215139514568014,-0.1141125293986279
P33,6587,659359.3593593594,pedestrian,-26.76854851042077,7.511048729940565,1.3732190782743727,0.2310028568862556,-0.3567843546599904,-0.0885295615069932
P33,6588,659459.4594594595,pedestrian,-26.617514692455583,7.537709237753081,1.3602108237716397,0.2305496583765386,-0.268721838599772,-0.0559175819982867
P33,6589,659559.5595595596,pedestrian,-26.486870314642232,7.568558209905579,1.352697395296838,0.2331640040722077,-0.1935365398282621,-0.0240693298282006
P33,6590,659659.6596596597,pedestrian,-26.37372352556478,7.60699950437404,1.351287953236979,0.2360080015266141,-0.1238665937507333,-0.0036947832002597
P33,6591,659759.7597597598,pedestrian,-26.22388487926232,7.618385926719887,1.364846841298295,0.2328480267849622,-0.023191325556009,-0.0145160067179252
P33,6592,659859.8598598599,pedestrian,-26.04653682148791,7.618284201315879,1.3906153184738068,0.2271798369629406,0.0857526294751628,-0.0308639854410259
P33,6593,659959.95995996,pedestrian,-25.87270836350549,7.642583719335558,1.416143488593033,0.2276440210055816,0.1514694725025667,-0.0170814279773416
P33,6594,660060.0600600601,pedestrian,-25.728549804925063,7.684390466385766,1.4296884994130723,0.2347191941871108,0.1451977194884506,0.0169904055516271
P33,6595,660160.1601601602,pedestrian,-25.60096109247302,7.707960744753249,1.4299719475652442,0.2423453718305986,0.0899272087104365,0.0399716106915193
P33,6596,660260.2602602603,pedestrian,-25.476814704315817,7.735306527464964,1.4218080636487784,0.2513644739971269,0.0233521412460545,0.0594331828484881
P33,6597,660360.3603603604,pedestrian,-25.336599131752624,7.755090391785203,1.411380027480363,0.261855954506758,-0.0261578991642865,0.0770496960714376
P33,6598,660460.4604604605,pedestrian,-25.186877893417225,7.786870130064409,1.3984398612198077,0.277734064286713,-0.0661897926206924,0.1087184801448157
P33,6599,660560.5605605606,pedestrian,-25.06308237060025,7.825440089947729,1.3776562771909826,0.2997903449008899,-0.1211000818264541,0.1520539624013959
P33,6600,660660.6606606607,pedestrian,-24.949838516019412,7.878854989740224,1.3518307121983415,0.3275835619200837,-0.1742474662638568,0.200815519618053
P33,6601,660760.7607607607,pedestrian,-24.824124266701183,7.928211158950583,1.327048119417796,0.356128428931152,-0.2027164800980601,0.2335616682088755
P33,6602,660860.8608608609,pedestrian,-24.687862010580503,7.985818829653502,1.3040825730573795,0.382670096724847,-0.2130857919576883,0.2458256361130638
P33,6603,660960.960960961,pedestrian,-24.5608255533814,8.039520200632268,1.2783408886040752,0.4017152092438226,-0.2301964161169094,0.2242537560929996
P33,6604,661061.0610610611,pedestrian,-24.46704448819151,8.076265345913418,1.2467943847823468,0.4088040649211978,-0.2631776194491631,0.1646855541833026
P33,6605,661161.1611611611,pedestrian,-24.374475659107347,8.102590074794676,1.2179403311559125,0.4052280272854461,-0.2729121970809184,0.0868806932384671
P33,6606,661261.2612612613,pedestrian,-24.25032876341591,8.142491676943225,1.2012754151763472,0.3958511594262833,-0.2315932014058716,0.0167839332562498
P33,6607,661361.3613613613,pedestrian,-24.10116330426869,8.166150399199047,1.1948972165679732,0.3796689613230317,-0.1664194090231694,-0.0524930788686197
P33,6608,661461.4614614615,pedestrian,-23.96763838624273,8.182517636007374,1.1865153443000405,0.3606989688238894,-0.1343189601601496,-0.1056869861350553
P33,6609,661561.5615615615,pedestrian,-23.868802279584084,8.197255093891508,1.167781089379304,0.3453982449432444,-0.1548314761080709,-0.1239986365319481
P33,6610,661661.6616616617,pedestrian,-23.78686572180923,8.233302440811356,1.1420799008593832,0.3413747106689602,-0.194401003643153,-0.0914637510745923
P33,6611,661761.7617617617,pedestrian,-23.688731703718037,8.288813955391092,1.1190884345357175,0.3491246380020925,-0.2080991451379643,-0.0258976433877762
P33,6612,661861.8618618619,pedestrian,-23.564375410255742,8.337607158352254,1.1026665311771933,0.3621762315645771,-0.1909998980595153,0.0347758343142797
P33,6613,661961.9619619619,pedestrian,-23.45484203094318,8.384142793275013,1.0860270666084688,0.3767371324847906,-0.181382848435609,0.0777478584607772
P33,6614,662062.0620620621,pedestrian,-23.35646536586236,8.429271273029793,1.0665103751051452,0.3903045626295033,-0.1866584412327696,0.100183859177378
P33,6615,662162.1621621621,pedestrian,-23.275730932374465,8.464359730541505,1.0446836497613092,0.4013081558127754,-0.1988451330707155,0.1039659916508455
P33,6616,662262.2622622623,pedestrian,-23.17258554095287,8.50349218139721,1.0275590044052945,0.4125767375538186,-0.1880640672879031,0.1073075252954912
P33,6617,662362.3623623623,pedestrian,-23.074687246481297,8.553673347802736,1.0137039152878964,0.4263910123833737,-0.168787871313754,0.1192249946456791
P33,6618,662462.4624624625,pedestrian,-22.97318136564199,8.606596104467254,1.0031952952603471,0.4416268134164817,-0.144016294750491,0.1320290129356302
P33,6619,662562.5625625625,pedestrian,-22.87210238216373,8.654147983840538,0.9944738809034956,0.4565592349403793,-0.1219302441535487,0.1386855247250642
P33,6620,662662.6626626627,pedestrian,-22.785358565116297,8.698152829409317,0.985729196774463,0.4720456965097221,-0.1085088686225689,0.1449065797847696
P33,6621,662762.7627627627,pedestrian,-22.68567212815432,8.753889621734592,0.9805567651605108,0.4913390083989921,-0.0864434284837065,0.1634769300789335
P33,6622,662862.8628628629,pedestrian,-22.57987720731399,8.823023786965996,0.977979985797253,0.5145182567946985,-0.0628774378553036,0.1899089598682799
P33,6623,662962.9629629629,pedestrian,-22.462569507877063,8.898322013857584,0.9744361820811722,0.537362486295245,-0.0522109332300924,0.2047799958972737
P33,6624,663063.0630630631,pedestrian,-22.361836208168636,8.97028886440369,0.960787084462034,0.5533126219913241,-0.08487782511603,0.1871396327149956
P33,6625,663163.1631631631,pedestrian,-22.28877362967473,9.0167753654325,0.931930592669708,0.5562830373665972,-0.1638428505227991,0.1260072227881897
P33,6626,663263.2632632633,pedestrian,-22.22892376886324,9.046327735699109,0.891126028306638,0.5489601741464745,-0.2584908237767139,0.0486866934137816
P33,6627,663363.3633633633,pedestrian,-22.166833733818454,9.087223497796424,0.8450361706788705,0.5404746928016335,-0.3368922685485168,-0.0031249299499163
P33,6628,663463.4634634635,pedestrian,-22.09081883763098,9.14218142085067,0.7979257389809661,0.5361812531972318,-0.3888142620823087,-0.0185634152647421
P33,6629,663563.5635635635,pedestrian,-22.01731987167659,9.19963030847878,0.7465108002929974,0.5362832955429357,-0.4372732730538706,-0.0109608147911296
P33,6630,663663.6636636637,pedestrian,-21.968771572874505,9.2754360386869,0.6850737828353417,0.540026084262257,-0.5057887520810265,0.0078105088125929
P33,6631,663763.7637637637,pedestrian,-21.9577062285646,9.34273812042247,0.6136845720008689,0.5391846362229953,-0.5863031711186911,0.0015147787085238
P33,6632,663863.8638638639,pedestrian,-21.95355229838656,9.393126813473565,0.5441269613108394,0.5272160122090432,-0.6284559539056866,-0.0454923978177104
P33,6633,663963.963963964,pedestrian,-21.936666410388696,9.435653480427089,0.4901486936599252,0.5022155239760758,-0.5938209364923915,-0.1247928335729873
P33,6634,664064.0640640642,pedestrian,-21.89522337538208,9.46786941496102,0.4611949830722944,0.4631997738894321,-0.4755769945623936,-0.2276633858579318
P33,6635,664164.1641641642,pedestrian,-21.83488571475344,9.485428864615043,0.4585811801672215,0.4104323177886329,-0.3010820083456565,-0.3439312983070959
P33,6636,664264.2642642644,pedestrian,-21.75270675686727,9.492058178663656,0.4779251584302221,0.3467461121235488,-0.1091698484283143,-0.4574080042895267
P33,6637,664364.3643643644,pedestrian,-21.66803994570787,9.495459963557131,0.5078927022316984,0.2760921278476689,0.0494390406704117,-0.5538536876545648
P33,6638,664464.4644644646,pedestrian,-21.60194853059053,9.48132684525068,0.5369037290123476,0.2004533451433962,0.1427617465807584,-0.6321894821359091
P33,6639,664564.5645645646,pedestrian,-21.547102001556343,9.44860830210127,0.5611076853032819,0.1253931738888176,0.1812102186991848,-0.6778690334871509
P33,6640,664664.6646646648,pedestrian,-21.48796651878796,9.414798555355278,0.5821284548595694,0.061675684748501,0.1923862457080431,-0.661823054546571
P33,6641,664764.7647647648,pedestrian,-21.427996478189588,9.410823141038046,0.6012490379909892,0.0202747621012195,0.1918537441847931,-0.5654540312184012
P33,6642,664864.864864865,pedestrian,-21.361168585740227,9.43415741184196,0.6205119054541993,0.0013887348554593,0.1920798100995823,-0.4191764283589438
P33,6643,664964.964964965,pedestrian,-21.292968855252653,9.441416618181536,0.6403551040715505,-0.0052527937074365,0.1944688665164565,-0.2821988534864559
P33,6644,665065.0650650652,pedestrian,-21.24469304004335,9.396082643132658,0.6615938791970907,-0.0040442487148278,0.201343026319909,-0.1679541074253113
P33,6645,665165.1651651652,pedestrian,-21.15010214263392,9.431644827448984,0.6944999433245435,0.0231216538403595,0.2507988435879651,0.0026106012421902
P33,6646,665265.2652652654,pedestrian,-21.0563861470129,9.47040805173801,0.7341610934373766,0.0676910444276575,0.3072534398389751,0.1744549628489112
P33,6647,665365.3653653654,pedestrian,-20.9697278805872,9.516132682360858,0.777278706369144,0.1218631061037869,0.3551963162714999,0.3168275011876293
P33,6648,665465.4654654656,pedestrian,-20.87752522848484,9.564976455830344,0.8251863824616028,0.1773066967529626,0.4031041957038334,0.4088585149344301
P33,6649,665565.5655655656,pedestrian,-20.783225696722084,9.617518740274823,0.8797929349256667,0.22613326394848,0.45839380379664,0.4394970467129032
P33,6650,665665.6656656658,pedestrian,-20.649872645247463,9.63911940313967,0.94549988990864,0.2597471939563173,0.5352702196772201,0.3992401656905917
P33,6651,665765.7657657658,pedestrian,-20.50311830577334,9.630309695135312,1.0150214324322695,0.2816603782957109,0.5970955418535447,0.3292319795671575
P33,6652,665865.865865866,pedestrian,-20.36363301698748,9.646212874741847,1.077574351040242,0.3089845567288378,0.6078914337090218,0.3073889319311796
P33,6653,665965.965965966,pedestrian,-20.21705795180631,9.718751158870782,1.1259052159397391,0.3530486436641171,0.5593372610588008,0.3589500101522704
P33,6654,666066.0660660662,pedestrian,-20.12280433109242,9.777162451736018,1.14977344033473,0.4063339644841183,0.4347573076775285,0.4262572509032222
P33,6655,666166.1661661662,pedestrian,-20.02645820992076,9.857568561186234,1.1581690016414237,0.4685691626649499,0.2985336359906768,0.5021451225027608
P33,6656,666266.2662662663,pedestrian,-19.92319200191221,9.943768278657696,1.1598970733750729,0.5337581719047171,0.1893366389916307,0.5600272466102961
P33,6657,666366.3663663664,pedestrian,-19.812786264974164,10.036211656067325,1.1614740299441573,0.5956465270255368,0.1219469005339849,0.5826366503277087
P33,6658,666466.4664664665,pedestrian,-19.69401309122534,10.131694452931988,1.16699993444247,0.6469486337452279,0.0960353475130335,0.5554107550879471
P33,6659,666566.5665665666,pedestrian,-19.56493632818848,10.214352363396616,1.1777896619911032,0.67943741917512,0.1005985925980228,0.4657891551458015
P33,6660,666666.6666666667,pedestrian,-19.42459477127369,10.2675721651296,1.1915742705276406,0.6888333812821646,0.1150056004730954,0.3213980013165269
P33,6661,666766.7667667668,pedestrian,-19.29735848207039,10.320148064727464,1.2016083930768815,0.6809502045362522,0.1092735226530495,0.1660481606107437
P33,6662,666866.8668668669,pedestrian,-19.195124741891117,10.361959720984776,1.2055250544276217,0.6609370600080179,0.0820408444621764,0.0239646421210975
P33,6663,666966.966966967,pedestrian,-19.078579170407416,10.417922185366752,1.210753065175218,0.6369476162173899,0.0704665932781335,-0.0783797352143832
P33,6664,667067.0670670671,pedestrian,-18.931651288855413,10.47500133445266,1.2204262901441978,0.610660744318738,0.0806261051623236,-0.1499014910831349
P33,6665,667167.1671671672,pedestrian,-18.78798513873988,10.523798322052134,1.2261633333023625,0.5815957804531224,0.0715753262218844,-0.204431039590951
P33,6666,667267.2672672673,pedestrian,-18.67674718984236,10.555996526745542,1.2192674460873865,0.5506882423557431,0.0170427722208951,-0.2449369223825086
P33,6667,667367.3673673674,pedestrian,-18.594722548084683,10.589541741855305,1.2018102857925652,0.524178923126858,-0.0572795402822495,-0.2526592362600736
P33,6668,667467.4674674675,pedestrian,-18.495691997843977,10.644810748213658,1.1869198843537754,0.507837435536245,-0.0927929276765084,-0.2179486249500939
P33,6669,667567.5675675676,pedestrian,-18.35689171958367,10.720063202803018,1.1823683441265211,0.4992767550440277,-0.074420793136655,-0.1665365757434278
P33,6670,667667.6676676677,pedestrian,-18.19861730078704,10.767894553812082,1.1809425672987768,0.4874739443688428,-0.05105828063029,-0.1476584028350108
P33,6671,667767.7677677678,pedestrian,-18.10722379876823,10.794669739915536,1.1659201034606024,0.4702374270602292,-0.089499126530653,-0.1571833484697291
P33,6672,667867.8678678679,pedestrian,-18.03480583477912,10.815277143992343,1.1438524122821865,0.4529168592950654,-0.1403403567731297,-0.1633364236821014
P33,6673,667967.967967968,pedestrian,-17.94334778745583,10.853839324011156,1.129144296737845,0.4438120550399673,-0.1429002232406369,-0.135236694923313
P33,6674,668068.0680680681,pedestrian,-17.80975654280415,10.922478297016362,1.1306679960134547,0.4454421276880905,-0.0815128266896986,-0.0764119371034482
P33,6675,668168.1681681682,pedestrian,-17.665119748059283,10.96750136642946,1.1423263843448446,0.4490438423693093,-0.0046513771435555,-0.0327777895752279
P33,6676,668268.2682682683,pedestrian,-17.535553035392578,11.012512491024529,1.1534579209011482,0.4545006751818723,0.0403269560746444,0.0011112433766988
P33,6677,668368.3683683684,pedestrian,-17.42569294186097,11.066028702840118,1.158436633605786,0.4623484200114753,0.0439803315788553,0.0311165114910438
P33,6678,668468.4684684685,pedestrian,-17.321030024359704,11.12327763940134,1.1589797248086544,0.4704010284963786,0.0290122549762638,0.0502674341237537
P33,6679,668568.5685685686,pedestrian,-17.21321219815607,11.17935555026736,1.1592414112692715,0.4750327691821778,0.018763806604453,0.0487159407974135
P33,6680,668668.6686686687,pedestrian,-17.09304456580762,11.221691051413096,1.162850641082407,0.4725336370319233,0.0254772020189336,0.0201104122313032
P33,6681,668768.7687687688,pedestrian,-16.981842416642245,11.245437281724874,1.1692738171002095,0.4637222419679598,0.0404978741879537,-0.0218711189626257
P33,6682,668868.8688688689,pedestrian,-16.86974770647085,11.268178381121473,1.1820328774414746,0.4565057873900798,0.074260185311809,-0.0413684245345721
P33,6683,668968.968968969,pedestrian,-16.72008597998866,11.31978817563945,1.205957354954181,0.4603591188972773,0.1382189587195536,-0.0103632831536846
P33,6684,669069.0690690691,pedestrian,-16.557637639228638,11.38515145052416,1.2329762039451946,0.47521513449632,0.1893483452020026,0.0512775875220212
P33,6685,669169.1691691692,pedestrian,-16.406447896894452,11.453306944660314,1.2496897233532585,0.4965521582925312,0.1806596890162931,0.1141236740037642
P33,6686,669269.2692692693,pedestrian,-16.30517822072214,11.511926568225446,1.2451812610457973,0.5193470411390219,0.0930369052320138,0.1582253020834134
P33,6687,669369.3693693693,pedestrian,-16.192929206841743,11.600509393237276,1.2258919520982383,0.5429921766820983,-0.0178942687694584,0.1885030576142072
P33,6688,669469.4694694695,pedestrian,-16.115247601471683,11.656754876661893,1.1929919724936706,0.5556389780864194,-0.1385464516685154,0.1643702116562106
P33,6689,669569.5695695695,pedestrian,-16.02255002689872,11.711774996424165,1.1594978584177158,0.5566876694279962,-0.2146623564333893,0.104624318798855
P33,6690,669669.6696696697,pedestrian,-15.891415992963571,11.756964512614172,1.1325814470475406,0.5453177749069942,-0.2357169734002496,0.0199092324702565
P33,6691,669769.7697697697,pedestrian,-15.806308263057849,11.782175931750375,1.1034279099564128,0.5231746985544946,-0.2572740619650138,-0.0736997716220891
P33,6692,669869.8698698699,pedestrian,-15.717598509631932,11.801877167499194,1.0789972193524542,0.498547852221269,-0.2521450007619989,-0.1406001797570378
P33,6693,669969.9699699699,pedestrian,-15.621666694169171,11.84525026789632,1.0652583527186428,0.4819343898194898,-0.2075400281643835,-0.1504488705798246
P33,6694,670070.0700700701,pedestrian,-15.510567205060315,11.917894306914668,1.0663593915339036,0.4753071365806783,-0.1226968883411554,-0.1177435213071826
P33,6695,670170.1701701703,pedestrian,-15.380135291796227,11.9723431040368,1.0820234796180357,0.468872268481149,-0.0143109274485233,-0.0969891615738332
P33,6696,670270.2702702703,pedestrian,-15.238503111664665,12.01782874369895,1.105775004110601,0.4582811329060283,0.0833628605991379,-0.1004118903626156
P33,6697,670370.3703703705,pedestrian,-15.120686502240092,12.064717687435866,1.1272583832537306,0.4415431132306689,0.1343201666581824,-0.1263458874709594
P33,6698,670470.4704704705,pedestrian,-15.003349531670844,12.100301714883516,1.1454176829398584,0.4146815493598024,0.152602308525257,-0.1814747195068891
P33,6699,670570.5705705706,pedestrian,-14.883368939337364,12.11946334646514,1.160235725208745,0.3758319873818277,0.1508280803535799,-0.2616952267672567
P33,6700,670670.6706706707,pedestrian,-14.753700646855767,12.109775993251631,1.1712391272837672,0.327023716490079,0.1349479615258459,-0.3493957229378341
P33,6701,670770.7707707708,pedestrian,-14.624649336830526,12.117027384276216,1.1741075429301828,0.2796727063191294,0.0936822296704607,-0.397396583303703
P33,6702,670870.8708708709,pedestrian,-14.511719370671724,12.130626264434628,1.1634991625245727,0.2379749470051505,0.0161686253098381,-0.4048365992598847
P33,6703,670970.970970971,pedestrian,-14.415204896367223,12.144348832841285,1.1383135079727773,0.2024634455010741,-0.0877885015434198,-0.3853954171218078
P33,6704,671071.0710710711,pedestrian,-14.346425499102684,12.149772541967474,1.1017911533075475,0.1724222208413453,-0.1953547938177519,-0.3522859332421282
P33,6705,671171.1711711712,pedestrian,-14.260122851550218,12.149177239599467,1.0666199592874102,0.1495580341082697,-0.2559204882810039,-0.3041950664179887
P33,6706,671271.2712712713,pedestrian,-14.150836533491356,12.160864065244638,1.0386394219904116,0.1380669119307004,-0.2650846435345369,-0.2306651460000977
P33,6707,671371.3713713714,pedestrian,-14.044504090981048,12.183206521470291,1.0139692381603194,0.1383086552172854,-0.2578521452735366,-0.1401768761961309
P33,6708,671471.4714714715,pedestrian,-13.953658115040378,12.211423815896577,0.9881174096326252,0.1473587854467968,-0.2580103954814525,-0.0506562588314725
P33,6709,671571.5715715716,pedestrian,-13.871610656860907,12.237717082318316,0.9609986048639132,0.1606807564476987,-0.2630210476268853,0.0206778408002342
P33,6710,671671.6716716717,pedestrian,-13.79400989053588,12.258694326932371,0.9349989140519552,0.1750238040223796,-0.2617460535638772,0.0682781801272312
P33,6711,671771.7717717718,pedestrian,-13.696936281154349,12.274213594019889,0.9138013971279187,0.1898874982429833,-0.2423413026509479,0.0994180051545722
P33,6712,671871.8718718719,pedestrian,-13.61639515074473,12.303720351775054,0.8930829944551357,0.2079887613791978,-0.2286118253168937,0.1310250582203697
P33,6713,671971.971971972,pedestrian,-13.548437560432156,12.329914701087748,0.8737828707030343,0.2279539947656685,-0.2147118657300932,0.157590584870479
P33,6714,672072.0720720721,pedestrian,-13.481725266192653,12.355453391325357,0.8616652256240769,0.250664029279758,-0.1783517445656424,0.1844880607667906
P33,6715,672172.1721721722,pedestrian,-13.394550441579144,12.394937801129494,0.864173495846596,0.2787488732556585,-0.0993825122417327,0.2217888350146459
P33,6716,672272.2722722723,pedestrian,-13.293172067846196,12.445735536695995,0.8828258179265575,0.3112070352156779,0.011541715661039,0.2615698714585062
P33,6717,672372.3723723724,pedestrian,-13.169901624387528,12.499613849552077,0.9156133600285922,0.3439346607221064,0.134224060753253,0.2869518785290325
P33,6718,672472.4724724725,pedestrian,-13.043739342108433,12.55623395098711,0.9538004562649436,0.372353152093947,0.2302192954775819,0.2857673364480111
P33,6719,672572.5725725726,pedestrian,-12.924034284724163,12.601912881843695,0.9883638971383458,0.3909695925236486,0.2748925014001833,0.2470264044138538
P33,6720,672672.6726726727,pedestrian,-12.798438223649624,12.63677417780456,1.0131114484675745,0.398040759211929,0.2641523790631093,0.1785486154060631
P33,6721,672772.7727727728,pedestrian,-12.684696022667543,12.66502228527128,1.0190707354770872,0.395480924535471,0.1847134925430094,0.099302964772893
P33,6722,672872.8728728729,pedestrian,-12.613895241061124,12.687778725761982,0.999681075566737,0.3873305768412063,0.0378016895602769,0.0291404641503998
P33,6723,672972.972972973,pedestrian,-12.5447708478492,12.721288275838132,0.9624059873785092,0.3795846415982329,-0.1214416456203237,-0.0122145089271453
P33,6724,673073.073073073,pedestrian,-12.47968334445849,12.746734906670694,0.913568343214344,0.3741653402207691,-0.2637064453344961,-0.0284907051389126
P33,6725,673173.1731731732,pedestrian,-12.4314337680226,12.781920038379983,0.8587311730390936,0.3762908331333141,-0.3740086055955613,-0.0091863034881803
P33,6726,673273.2732732733,pedestrian,-12.39295608789077,12.820602600266026,0.8079764905023025,0.3885022632277274,-0.4256548518990495,0.0417408733873694
P33,6727,673373.3733733734,pedestrian,-12.34686353507856,12.871374463079254,0.7747810070798404,0.4134987572046759,-0.3891489972340858,0.1224822650521235
P33,6728,673473.4734734735,pedestrian,-12.267106829703229,12.943007316589163,0.77125551732913,0.4514940412824774,-0.2517436739500635,0.2222920708488173
P33,6729,673573.5735735736,pedestrian,-12.147922358466785,13.030715764933792,0.7994231157762008,0.4968126878884636,-0.0447645243698481,0.3117558250467703
P33,6730,673673.6736736736,pedestrian,-12.02044384003776,13.119932603529998,0.8488481182300899,0.5388402402176712,0.1643041917350906,0.3537230592754583
P33,6731,673773.7737737738,pedestrian,-11.88443866854418,13.186013295103782,0.9079664306445,0.5663843478049636,0.3298010775886279,0.3232248590957413
P33,6732,673873.8738738738,pedestrian,-11.749377796858598,13.238296480355846,0.9637273758100348,0.5763986325623889,0.4180262117021958,0.2365792738352538
P33,6733,673973.973973974,pedestrian,-11.627595661082635,13.280300303575604,1.0042121713590109,0.5704185509545091,0.4127528688867219,0.1215394089946541
P33,6734,674074.074074074,pedestrian,-11.543563810686798,13.309745119827582,1.0222819237505167,0.553013889158016,0.3225923097797694,0.006852175142916
P33,6735,674174.1741741742,pedestrian,-11.445528262501975,13.34646021993884,1.024840688226638,0.5328620710059643,0.2072768171283045,-0.0739648189140311
P33,6736,674274.2742742742,pedestrian,-11.356682838743772,13.391863279209296,1.0132253297946645,0.5155956785494701,0.0817571387812545,-0.1122155528544143
P33,6737,674374.3743743744,pedestrian,-11.27267362892697,13.441983268859037,0.9908946268064184,0.5031599856090853,-0.0365906518037272,-0.1168808976307822
P33,6738,674474.4744744744,pedestrian,-11.19115900677751,13.494553937285977,0.9616763384867876,0.4952949735607975,-0.1357053063004611,-0.1020081012100856
P33,6739,674574.5745745746,pedestrian,-11.110984090600322,13.548221627638233,0.9287892649348288,0.4904630657828719,-0.2105698783208596,-0.0811457544639287
P33,6740,674674.6746746746,pedestrian,-11.031793981994923,13.602003718963571,0.8943594681781175,0.4863683257275324,-0.2623532150857386,-0.0655237266972877
P33,6741,674774.7747747748,pedestrian,-10.954021755166456,13.654768379901428,0.8592542240393292,0.4801947806188638,-0.2966524593622413,-0.06402904419168
P33,6742,674874.8748748748,pedestrian,-10.879391474513838,13.704421083676069,0.8231869940685644,0.4687259828103176,-0.321366737652584,-0.083651741092766
P33,6743,674974.974974975,pedestrian,-10.81245415181544,13.746170060536942,0.7852810057732786,0.4486669530880819,-0.3436176765266723,-0.1289727005586295
P33,6744,675075.075075075,pedestrian,-10.76453020104898,13.768411856216282,0.7458107508746967,0.4179624025452602,-0.363297025223865,-0.1979863647690403
P33,6745,675175.1751751752,pedestrian,-10.704114412004214,13.783207656500508,0.7111478839926787,0.3801711184241048,-0.3566913297820704,-0.2676921636932182
P33,6746,675275.2752752752,pedestrian,-10.637028316667,13.794623997311636,0.6824242859651852,0.3403088496564802,-0.3296152978555055,-0.3183683166090884
P33,6747,675375.3753753754,pedestrian,-10.582045912823446,13.810858203035009,0.6573182982048812,0.303569529167925,-0.2990204072716582,-0.3372585238019737
P33,6748,675475.4754754754,pedestrian,-10.53586302947183,13.823457635978391,0.6373657898315777,0.2724326544563211,-0.260316064934074,-0.3270865027147155
P33,6749,675575.5755755756,pedestrian,-10.465823996731228,13.8416186752543,0.627738586788916,0.250190759482187,-0.1965921844785929,-0.2863652674935257
P33,6750,675675.6756756756,pedestrian,-10.384940675091356,13.86451572713198,0.6251154830234972,0.2380365067444323,-0.1304430153499327,-0.2223292609167112
P33,6751,675775.7757757758,pedestrian,-10.305882242568815,13.888387839129228,0.6216154866498618,0.2356713822803146,-0.0933757521458717,-0.1451876887189165
P33,6752,675875.8758758758,pedestrian,-10.250532485315782,13.911724713110024,0.6087641543331747,0.2431436008686281,-0.1069672523364772,-0.0598415036900304
P33,6753,675975.975975976,pedestrian,-10.205850573953178,13.943075752269134,0.5855366847174622,0.262080828176348,-0.155524948452382,0.0368367694117691
P33,6754,676076.076076076,pedestrian,-10.17068050577835,13.966871308206905,0.553656832026707,0.2930823915453372,-0.2187885741566578,0.1427721259235426
P33,6755,676176.1761761762,pedestrian,-10.140242325738836,14.009880167555044,0.5171254037638638,0.3426139198763773,-0.2755321472806996,0.2794469931636537
P33,6756,676276.2762762762,pedestrian,-10.101783225030118,14.082888194631218,0.4805588110923928,0.4142305000611698,-0.3103826520379371,0.4487154737662572
P33,6757,676376.3763763765,pedestrian,-10.070876528797555,14.19187316391582,0.4442307117411195,0.5047511454401039,-0.3307782391087949,0.6255866761204875
P33,6758,676476.4764764765,pedestrian,-10.038580296593697,14.308150804316304,0.409818805125674,0.6012230211643232,-0.3358239264422085,0.7568727509901277
P33,6759,676576.5765765767,pedestrian,-10.003737752794128,14.399921323962916,0.3772510953519712,0.6905572108658995,-0.3317582053409721,0.8095070887538005
P34,7518,752552.5525525527,pedestrian,-8.777968958263834,14.328388834686596,-0.2276487178621507,-0.2282615649756218,0.06946753886853,-0.0167619527238602
P34,7519,752652.6526526527,pedestrian,-8.803072589303694,14.306575378581888,-0.219352073224163,-0.2304163315148713,0.080200291720504,-0.0205732847264556
P34,7520,752752.7527527529,pedestrian,-8.82360223126174,14.283658256074172,-0.2063244313383582,-0.2342511331265275,0.1150416000111947,-0.0329458600696157
P34,7521,752852.8528528529,pedestrian,-8.82979076696903,14.257880664137454,-0.1832314512054145,-0.2417717864075245,0.1828745461115389,-0.057687620081272
P34,7522,752952.952952953,pedestrian,-8.818309408401735,14.239263020694697,-0.1475929284096055,-0.2548879803666161,0.2703469868407376,-0.0947384188701143
P34,7523,753053.0530530531,pedestrian,-8.79985458770698,14.210539327966718,-0.105376124833053,-0.2789302319563082,0.3384870491831979,-0.1601982227358685
P34,7524,753153.1531531533,pedestrian,-8.78026846158979,14.151276295851137,-0.0677921199548602,-0.3182670696225724,0.3538444232246172,-0.2568752040768325
P34,7525,753253.2532532533,pedestrian,-8.780066773033381,14.105097774864428,-0.0459869114347502,-0.3662983020359298,0.3000246303924658,-0.3451000021462697
P34,7526,753353.3533533535,pedestrian,-8.80502727603913,14.042750786623913,-0.0420213589279297,-0.4236146600910316,0.1993687955601322,-0.433031904075379
P34,7527,753453.4534534535,pedestrian,-8.83036286950777,13.963927489792887,-0.047458390066806,-0.4883325374330793,0.1020290987963779,-0.5149524619097221
P34,7528,753553.5535535536,pedestrian,-8.853317988740354,13.885836872166577,-0.0539448110264401,-0.5554740030113483,0.0379618272758868,-0.5747809294193796
P34,7529,753653.6536536537,pedestrian,-8.869963220094093,13.807017175972543,-0.0539246413665464,-0.6232580858253811,0.0234082690426335,-0.6142409433526025
P34,7530,753753.7537537538,pedestrian,-8.882690390715718,13.702451239258204,-0.0411577719654309,-0.6925760474595538,0.0636842838392735,-0.6445043951385622
P34,7531,753853.8538538539,pedestrian,-8.87471732557129,13.618596587006788,-0.0086424831270829,-0.7570029110980534,0.1649317881612662,-0.6441632011457504
P34,7532,753953.953953954,pedestrian,-8.835018971029369,13.501409172250591,0.0460884415548691,-0.8200611969459627,0.3131597652021122,-0.6386464635447111
P34,7533,754054.0540540541,pedestrian,-8.773717034605097,13.380798965475892,0.1168446304084571,-0.874717462355066,0.466067112876437,-0.602669678747153
P34,7534,754154.1541541542,pedestrian,-8.707053872018431,13.283705947010665,0.1918518260083547,-0.9128588295696536,0.5760858828729021,-0.5165836570951675
P34,7535,754254.2542542543,pedestrian,-8.64969469302249,13.195844317398656,0.2590614652364503,-0.9350446405018444,0.613111613765957,-0.4020375582839139
P34,7536,754354.3543543544,pedestrian,-8.613145952232887,13.11381918292506,0.3110929260616653,-0.9454121238345768,0.5768761810197984,-0.2861420402554324
P34,7537,754454.4544544545,pedestrian,-8.582383574045663,13.019006338730572,0.3495491304405793,-0.9504619173866892,0.5020590445148939,-0.1946313277918129
P34,7538,754554.5545545546,pedestrian,-8.535722863222844,12.917156009505176,0.3795970384047842,-0.9518103033578869,0.4236821391552803,-0.1242984391423057
P34,7539,754654.6546546547,pedestrian,-8.494909090499416,12.822153500284236,0.401209129812254,-0.9476209753755542,0.3430181604163221,-0.0597952280610266
P34,7540,754754.7547547548,pedestrian,-8.45688400930292,12.74088265352883,0.4167031630553882,-0.9375197460341054,0.2699423181308105,0.002594352797939
P34,7541,754854.8548548549,pedestrian,-8.406951582211043,12.661699432120276,0.4297968957952789,-0.925581350531138,0.215926696197471,0.0478882929700884
P34,7542,754954.954954955,pedestrian,-8.353562909728188,12.582176844500497,0.4398893118312798,-0.9165491857321432,0.1712407367687871,0.0643268871824459
P34,7543,755055.0550550551,pedestrian,-8.307000556393849,12.485057823902524,0.4446479930558651,-0.9154173692847888,0.123216557702339,0.0437431133099162
P34,7544,755155.1551551552,pedestrian,-8.258083048799163,12.377445894734436,0.4436871850053042,-0.9210497244529404,0.0716541020625935,0.0049163420547723
P34,7545,755255.2552552553,pedestrian,-8.221598704611882,12.2815919450981,0.4348845998791962,-0.9283455567272804,0.0096960170797744,-0.0252884735518728
P34,7546,755355.3553553554,pedestrian,-8.191307736164324,12.195649665358072,0.4197312983461302,-0.9366834382594096,-0.0528388412454463,-0.0478084234134824
P34,7547,755455.4554554555,pedestrian,-8.160307909401636,12.09839100724053,0.4012287640220152,-0.9500885499056144,-0.1040855603641909,-0.0812382417662681
P34,7548,755555.5555555556,pedestrian,-8.131340092429932,11.98735569340968,0.381310391371213,-0.9696984276858156,-0.14092803012199,-0.1257542202769067
P34,7549,755655.6556556557,pedestrian,-8.100292407862135,11.842849031030411,0.361859479722415,-0.9924924653544962,-0.1616542051149475,-0.16533727535081
P34,7550,755755.7557557558,pedestrian,-8.078908575329656,11.749897829222336,0.3431961579239851,-1.0022661550678345,-0.1712793046231384,-0.1390549618473276
P34,7551,755855.8558558559,pedestrian,-8.053564758438188,11.655955690470003,0.3288163196779909,-1.0010043919388874,-0.1605546115825738,-0.0801762962279653
P34,7552,755955.955955956,pedestrian,-8.01060485810923,11.567323777224331,0.320814450520025,-0.9900248254415416,-0.1292572391262002,-0.0064664690350271
P34,7553,756056.056056056,pedestrian,-7.963533704762693,11.491504728635178,0.3143938682789439,-0.9718229656161004,-0.1039775250227498,0.0666380648724493
P34,7554,756156.1561561562,pedestrian,-7.9418283733166035,11.415731850096083,0.3020402275908425,-0.9531287130480156,-0.1115228722223789,0.1132710605384145
P34,7555,756256.2562562563,pedestrian,-7.934196075921362,11.316966682827807,0.284640768142158,-0.9407529229435164,-0.1357086007782601,0.1172943004265091
P34,7556,756356.3563563564,pedestrian,-7.916700773040551,11.210813708790525,0.2681715669840195,-0.932737263256113,-0.1468968373516424,0.1028452811235337
P34,7557,756456.4564564564,pedestrian,-7.890156512205288,11.116516111359772,0.2549542886178471,-0.923400474329567,-0.1411292326810847,0.0991296431909991
P34,7558,756556.5565565566,pedestrian,-7.859753299615166,11.037271446012568,0.243521564389802,-0.9104359413547184,-0.130679561633495,0.1109263584579513
P34,7559,756656.6566566566,pedestrian,-7.840241137249477,10.959342465598116,0.230109458544026,-0.8966630327433107,-0.1319635778670433,0.1212784603828099
P34,7560,756756.7567567568,pedestrian,-7.827577791921796,10.875604892203274,0.2141213925659996,-0.8853673008082416,-0.1427397035704882,0.1180041063439847
P34,7561,756856.8568568568,pedestrian,-7.817753950952922,10.781107485731228,0.1969114444660702,-0.8776695350182762,-0.1540711805291288,0.1020466010353554
P34,7562,756956.956956957,pedestrian,-7.802223148942695,10.686438930059,0.1804610509308387,-0.8702895456070319,-0.1580576041326309,0.0910517842869331
P34,7563,757057.057057057,pedestrian,-7.7865624547345185,10.602730482553058,0.1640522402896537,-0.8589902515662067,-0.1603351110008234,0.0995260907542451
P34,7564,757157.1571571572,pedestrian,-7.775902272153647,10.532586914207313,0.146035549214312,-0.8426461044270042,-0.1679644272143156,0.1242763854009132
P34,7565,757257.2572572572,pedestrian,-7.758798288402816,10.460652259127324,0.125650627200941,-0.8245987094483082,-0.1818167724346036,0.1460237943679921
P34,7566,757357.3573573574,pedestrian,-7.763914458134172,10.399014183696082,0.0982730687053686,-0.8071511738178744,-0.2174114807438902,0.1570017541560613
P34,7567,757457.4574574576,pedestrian,-7.788932040886245,10.336624498117134,0.0660028890055887,-0.7965205367841934,-0.2581628589777036,0.1372791101525343
P34,7568,757557.5575575576,pedestrian,-7.797745756883101,10.234542690566805,0.0378731817340907,-0.7997042107504406,-0.267035003548914,0.0716359438685872
P34,7569,757657.6576576577,pedestrian,-7.801461914953775,10.12632020265908,0.0167839124721252,-0.8095042473128754,-0.2451571059952644,0.0058164070877841
P34,7570,757757.7577577578,pedestrian,-7.798471893721492,10.032283547588284,0.0034565594724087,-0.8157885468262946,-0.2016690165741897,-0.0208147052332859
P34,7571,757857.857857858,pedestrian,-7.79788650726174,9.954082445683117,-0.0041036972668475,-0.8127990109600578,-0.1526971266367209,-0.0011392393502365
P34,7572,757957.957957958,pedestrian,-7.796782092980704,9.884656515650075,-0.0070548897825741,-0.7998678170271861,-0.1048617117226241,0.0494553722477962
P34,7573,758058.0580580581,pedestrian,-7.790165852837072,9.819669587611136,-0.0065569306573808,-0.7787589249476525,-0.0622201638384541,0.1121241081425038
P34,7574,758158.1581581582,pedestrian,-7.775554463730872,9.743467883575883,-0.0057651011155639,-0.751855289006952,-0.0349935166927547,0.1729374069069905
P34,7575,758258.2582582583,pedestrian,-7.767859329926782,9.669833074464671,-0.0114592675565215,-0.7155059740603058,-0.0434922981738813,0.2467753838219977
P34,7576,758358.3583583584,pedestrian,-7.797435740454923,9.626552151009909,-0.0292811412507049,-0.6639262911174888,-0.0957276989087749,0.351016823509591
P34,7577,758458.4584584585,pedestrian,-7.82865321694901,9.602803657405456,-0.0518387865659446,-0.5993571673385469,-0.1460510598187446,0.4651670379986997
P34,7578,758558.5585585586,pedestrian,-7.8492299645326495,9.57809404847064,-0.0709881707861145,-0.528605649727689,-0.1636188818988232,0.5589787195643371
P34,7579,758658.6586586587,pedestrian,-7.868373887815986,9.558254931403775,-0.0823280598840376,-0.455414665868984,-0.1440780452642363,0.6258312925369838
P34,7580,758758.7587587588,pedestrian,-7.871838989486998,9.551927997337126,-0.0814123472023231,-0.3824320580399425,-0.0845913995671273,0.6659216523296244
P34,7581,758858.8588588589,pedestrian,-7.858386011871688,9.539427558553236,-0.0686876703559313,-0.3149149850818294,-0.0023992694181411,0.6692502838264422
P34,7582,758958.958958959,pedestrian,-7.842637514037247,9.532890429178329,-0.0502737641292991,-0.2537475606062562,0.0699486659763482,0.6466601780474148
P34,7583,759059.0590590591,pedestrian,-7.83009055674543,9.531946053340802,-0.0329134058797368,-0.2001528357338106,0.1101230201861573,0.6034702373132383
P34,7584,759159.1591591592,pedestrian,-7.831918667748139,9.527816561620368,-0.0221979630140793,-0.1561985456128075,0.108928929155817,0.539658395058022
P34,7585,759259.2592592593,pedestrian,-7.847119216301469,9.524227675610469,-0.0184133391717846,-0.1219782175527586,0.0813179377334132,0.4628679168639854
P34,7586,759359.3593593594,pedestrian,-7.854378609474424,9.515726650550802,-0.0164398655069211,-0.0973166455759576,0.0574019465866246,0.3788169926417857
P34,7587,759459.4594594595,pedestrian,-7.856051841754904,9.509161781187148,-0.0135617006022921,-0.0799390344034184,0.0462795688115941,0.299146894857763
P34,7588,759559.5595595596,pedestrian,-7.851651980512947,9.500015820314648,-0.0088446881464825,-0.0681457163264069,0.0466069948148977,0.2287488527372469
P34,7589,759659.6596596597,pedestrian,-7.845137944765742,9.4967190195539,-0.0035121412349791,-0.0591859394799197,0.0491945929270531,0.1746917063600864
P34,7590,759759.7597597598,pedestrian,-7.831652788624838,9.498298725618833,0.0003080490368978,-0.0524789568067717,0.0449120905665713,0.1328838293906065
P34,7591,759859.8598598599,pedestrian,-7.833637470298007,9.501830861826017,-0.0027676707857717,-0.0496203002348452,0.0155470866448929,0.0923816020635927
P34,7592,759959.95995996,pedestrian,-7.841988376137104,9.50063381819326,-0.0132826355585604,-0.0537585561814753,-0.0312699559879749,0.040466660748921
P34,7593,760060.0600600601,pedestrian,-7.861241119223702,9.491281403081008,-0.0302147410962688,-0.0675498784803763,-0.0847995377516097,-0.0287318820149934
P34,7594,760160.1601601602,pedestrian,-7.874021712615877,9.468576046528216,-0.0491166676552438,-0.0922201826560383,-0.1251871827889731,-0.1132586356419282
P34,7595,760260.2602602603,pedestrian,-7.892672998696326,9.43360121770831,-0.068581850669709,-0.1257283890535985,-0.1520797420093493,-0.1992466369907323
P34,7596,760360.3603603604,pedestrian,-7.908973482116651,9.401520632154869,-0.0856239412028329,-0.1629196807972124,-0.1591341349367364,-0.2661361531070635
P34,7597,760460.4604604605,pedestrian,-7.916258558102972,9.37234296100753,-0.0984288832271973,-0.2011377733974363,-0.1470164626172664,-0.3110396222139268
P34,7598,760560.5605605606,pedestrian,-7.940637976795113,9.34410614166094,-0.1089802680715648,-0.2405606398716442,-0.1308630178481073,-0.343182896052326
P34,7599,760660.6606606607,pedestrian,-7.955865232848651,9.300371464801984,-0.1128182138843807,-0.2838770514330151,-0.0949434005642663,-0.3779479680849545
P34,7600,760760.7607607607,pedestrian,-7.959476979676508,9.263038134132762,-0.1080843293456576,-0.3301353643927118,-0.0397238118587078,-0.4106261288341722
P34,7601,760860.8608608609,pedestrian,-7.951122601046401,9.207469684438529,-0.0965279378497297,-0.3831871763007898,0.020518383171973,-0.4569656071821641
P34,7602,760960.960960961,pedestrian,-7.954543092823476,9.131209750668411,-0.0840658822238343,-0.4428789362910734,0.0608853915398536,-0.5110671641681753
P34,7603,761061.0610610611,pedestrian,-7.961648861936091,9.053934694624884,-0.0719377103843853,-0.5035290126447916,0.0842858581999068,-0.5478817091323674
P34,7604,761161.1611611611,pedestrian,-7.971709698101865,8.986719738316529,-0.0592777841518855,-0.5608093633590546,0.1006639615833878,-0.5573346731706071
P34,7605,761261.2612612613,pedestrian,-7.971408593655471,8.917648574545005,-0.0430451543718095,-0.6162157073594682,0.1245399940021599,-0.5558495855111582
P34,7606,761361.3613613613,pedestrian,-7.968294394201311,8.839708804225355,-0.0228969651684073,-0.673126063764362,0.154332780474565,-0.5607742105071059
P34,7607,761461.4614614615,pedestrian,-7.954396376265474,8.73739787812381,0.0016057082810053,-0.7343863463659297,0.1894475962758254,-0.5806577061482971
P34,7608,761561.5615615615,pedestrian,-7.933441279961416,8.620764990083577,0.0279417147062625,-0.796065972142878,0.2180402500076215,-0.5944482499829707
P34,7609,761661.6616616617,pedestrian,-7.909173129242921,8.492546310288969,0.051557495788485,-0.850150139204254,0.2249823132425671,-0.5734266992250054
P34,7610,761761.7617617617,pedestrian,-7.898833468441327,8.396497120015928,0.066638922750944,-0.8841067096488339,0.1961296437459113,-0.4825034590187853
P34,7611,761861.8618618619,pedestrian,-7.899519145697895,8.334803468394513,0.0722670892471847,-0.8965370027456994,0.1418148775798517,-0.3433916882703886
P34,7612,761961.9619619619,pedestrian,-7.9035180871024755,8.274274616222801,0.0715531686656005,-0.8990002468651561,0.0839894874245448,-0.2196308262496524
P34,7613,762062.0620620621,pedestrian,-7.902463217361547,8.197567306511738,0.0689447951876908,-0.9046331207304642,0.0412660951988885,-0.1562104975472713
P34,7614,762162.1621621621,pedestrian,-7.8975648236726865,8.089173651989196,0.0670874752576335,-0.9220182543724562,0.0180420098215882,-0.1629916730498246
P34,7615,762262.2622622623,pedestrian,-7.886265390587102,7.9595805703962705,0.0671913152166752,-0.9490357202333608,0.0114403272770029,-0.2044982312175949
P34,7616,762362.3623623623,pedestrian,-7.8715477310500095,7.832964496350177,0.067940899858489,-0.9757968830143472,0.0099060588426247,-0.2288967313342126
P34,7617,762462.4624624625,pedestrian,-7.875031791783708,7.729220578792725,0.0663016008015997,-0.992931432640731,-0.0002976071011475,-0.2064872031616727
P34,7618,762562.5625625625,pedestrian,-7.879008006125828,7.64870023638259,0.0659922531702369,-0.9991045894594148,-0.0013818411378938,-0.1502650311180562
P34,7619,762662.6626626627,pedestrian,-7.865767311861797,7.561616915710585,0.0717098257242839,-1.0020323352984468,0.0213296548883199,-0.1032828884803528
P34,7620,762762.7627627627,pedestrian,-7.841404666771684,7.456724918755299,0.0824614137750447,-1.0079167790103951,0.0547478294053153,-0.086007787575333
P34,7621,762862.8628628629,pedestrian,-7.821988065898024,7.344688664829557,0.0932259035965941,-1.0168531929525528,0.0752421675093042,-0.0872761240276664
P34,7622,762962.9629629629,pedestrian,-7.807599782296084,7.2357178237180255,0.1006724022739856,-1.0263154176902969,0.0749115347029313,-0.0900913605720522
P34,7623,763063.0630630631,pedestrian,-7.808059068021593,7.135095821256423,0.1031939736574288,-1.0349232705029845,0.0556084308028306,-0.0885000481249793
P34,7624,763163.1631631631,pedestrian,-7.806621220063141,7.035639137394974,0.1049423622421942,-1.0448272630651232,0.0408006231566698,-0.0925534747284105
P34,7625,763263.2632632633,pedestrian,-7.782139881602747,6.914733603348221,0.1100747968756066,-1.059589246355345,0.044866302728448,-0.1138744725419132
P34,7626,763363.3633633633,pedestrian,-7.765020969839757,6.795923096970916,0.1142654942066004,-1.075441734781858,0.0437011384060168,-0.1311474735370106
P34,7627,763463.4634634635,pedestrian,-7.758331424074655,6.658186203989485,0.1154783082378507,-1.089544069212268,0.0314389046454686,-0.1349268149218704
P34,7628,763563.5635635635,pedestrian,-7.753826852821498,6.547220634907066,0.1155079400873719,-1.0911993439847398,0.0193483623445761,-0.0889642486787277
P34,7629,763663.6636636638,pedestrian,-7.751740422907747,6.455974119459039,0.1173097558070466,-1.0781497672144795,0.0188249441633332,-0.0038143641272784
P34,7630,763763.7637637638,pedestrian,-7.736506401550178,6.377347220528232,0.1255406035523732,-1.054374886368231,0.0434390816405841,0.089874948268141
P34,7631,763863.863863864,pedestrian,-7.719636734167289,6.302044110350533,0.1409819097150141,-1.027873817747923,0.0864623523030885,0.1577646796412762
P34,7632,763963.963963964,pedestrian,-7.690697013288752,6.217967924987213,0.1650331303483484,-1.0077885034463423,0.146175461886332,0.1744148553662936
P34,7633,764064.0640640642,pedestrian,-7.642366427062922,6.100973462105727,0.1960642811022653,-1.0004412130533986,0.2097772164973902,0.1351978284176655
P34,7634,764164.1641641642,pedestrian,-7.602018309993322,5.9920205098921455,0.2260636334979535,-0.99984314991611,0.2446852568263093,0.0850297587947892
P34,7635,764264.2642642644,pedestrian,-7.570845592659976,5.895940486260376,0.2503388702759564,-1.0026015023910344,0.2438406116790704,0.0413208256244353
P34,7636,764364.3643643644,pedestrian,-7.5475700212467505,5.791371190682712,0.2680878054738106,-1.010617897043102,0.2180122813871676,-0.0058118555723439
P34,7637,764464.4644644646,pedestrian,-7.517671248699381,5.679744853852447,0.2821158796037524,-1.0235803774597958,0.1877802518142512,-0.0538291982092599
P34,7638,764564.5645645646,pedestrian,-7.493487830308601,5.568745069135238,0.2933095699233575,-1.039295375758006,0.1582922751154248,-0.0938802208335232
P34,7639,764664.6646646648,pedestrian,-7.460334404689564,5.442958888997144,0.305238152884335,-1.0565181913470931,0.1431025665122804,-0.1242302275210138
P34,7640,764764.7647647648,pedestrian,-7.414507297262214,5.314050870072934,0.3187896835377909,-1.068677918011621,0.1401043680844933,-0.1231608306283503
P34,7641,764864.864864865,pedestrian,-7.340560961007853,5.198530917189239,0.3302556371061136,-1.0670246926970446,0.1301814549192431,-0.0689344674681139
P34,7642,764964.964964965,pedestrian,-7.33131602715138,5.125656252054011,0.3237450495956868,-1.045861927819187,0.0543907004343607,0.0399054719584966
P34,7643,765065.0650650652,pedestrian,-7.326739053300188,5.06601669805154,0.305820063039972,-1.0139471240808682,-0.036245544334413,0.1481913822307573
P34,7644,765165.1651651652,pedestrian,-7.311398799928717,4.993612723383019,0.2846145863355753,-0.984827353470488,-0.104417300402791,0.2035974054731459
P34,7645,765265.2652652654,pedestrian,-7.2847716871550015,4.8851505301135,0.2637823888153181,-0.9676786240476688,-0.1446751391411244,0.191064781588055
P34,7646,765365.3653653654,pedestrian,-7.266414400077225,4.784854673093137,0.2416325563416869,-0.9579154993115986,-0.1744140671672132,0.1547533542897444
P34,7647,765465.4654654656,pedestrian,-7.251186623599124,4.692938147907455,0.2182299900128767,-0.9533227427020554,-0.1974661089318827,0.1124862941968701
P34,7648,765565.5655655656,pedestrian,-7.2418987131008,4.59759966960758,0.1936794357514746,-0.9550065689189356,-0.2160210551696481,0.0622854036039361
P34,7649,765665.6656656658,pedestrian,-7.236769161702365,4.50049841099441,0.1693207834217844,-0.9635596800016332,-0.2266281775387507,0.0049320836350411
P34,7650,765765.7657657658,pedestrian,-7.247061768801175,4.397471525818929,0.1473560622098118,-0.9800175584695712,-0.2238326973292173,-0.0608129057413628
P34,7651,765865.865865866,pedestrian,-7.238608768668223,4.273114491245922,0.1359926190900881,-1.004649752701988,-0.181006517016934,-0.1327370987054065
P34,7652,765965.965965966,pedestrian,-7.216120918525066,4.142481455081042,0.137378763120014,-1.0307847251880289,-0.1053586802743452,-0.1825666717582328
P34,7653,766066.0660660662,pedestrian,-7.182020050344838,4.036325681303515,0.1491859520709646,-1.0494214024845203,-0.0186624919938056,-0.1839696250358867
P34,7654,766166.1661661662,pedestrian,-7.146641738646032,3.9336356904240986,0.1652586181583443,-1.0607074495480835,0.0509190205957639,-0.1563192370406412
P34,7655,766266.2662662663,pedestrian,-7.123927873132324,3.830733738393548,0.1791226240353536,-1.066477363321641,0.0849209692044815,-0.1180097421687786
P34,7656,766366.3663663664,pedestrian,-7.106183919001249,3.718942437099789,0.1892510177196422,-1.0686794263464168,0.0912342118811914,-0.0807355219474346
P34,7657,766466.4664664665,pedestrian,-7.085868824226952,3.604159294493431,0.1964285163856041,-1.0656115774573427,0.0836517286465931,-0.0374933817012756
P34,7658,766566.5665665666,pedestrian,-7.066776702831083,3.505057918133824,0.2007839024561317,-1.0532993325200175,0.0680677004564505,0.0248143987222062
P34,7659,766666.6666666667,pedestrian,-7.046002003309995,3.428990097736613,0.2029956648853686,-1.0321995710274876,0.05022000269691,0.0970140410606191
P34,7660,766766.7667667668,pedestrian,-7.017212831519294,3.352766458668277,0.2030680952996965,-1.0107362136489086,0.0310041001578543,0.1425939227862799
P34,7661,766866.8668668669,pedestrian,-6.988508271703954,3.2599815624613115,0.1974305468904788,-0.9976019017029856,-0.0028972238603586,0.1381750536201201
P34,7662,766966.966966967,pedestrian,-6.982074690405756,3.149077802931086,0.1811417017872255,-0.9958737848589182,-0.0649470772137967,0.091233940418852
P34,7663,767067.0670670671,pedestrian,-6.996926785688665,3.023964195190364,0.1560890701964154,-1.002142232760862,-0.1368968923546822,0.0315028197165031
P34,7664,767167.1671671672,pedestrian,-7.004576858706819,2.90575604691845,0.1315524648338498,-1.0072778740742314,-0.1789124114817707,-0.0006455253801345
P34,7665,767267.2672672673,pedestrian,-7.000451671899877,2.813547928216296,0.1142358572900678,-1.0036978597782766,-0.1766142943808085,0.0134898088184293
P34,7666,767367.3673673674,pedestrian,-6.980650965258428,2.734736255407227,0.1065991787351537,-0.9927916462182216,-0.137665746083888,0.0505513313203419
P34,7667,767467.4674674675,pedestrian,-6.950493029396768,2.651394291340461,0.1051687628477591,-0.9809953071354404,-0.089767757353982,0.0766767908539922
P34,7668,767567.5675675676,pedestrian,-6.940668212227873,2.536422969472947,0.1018873426404053,-0.973434159576666,-0.0676440470168279,0.0762338510250193
P34,7669,767667.6676676677,pedestrian,-6.936218834685595,2.455641985222048,0.0956054395760948,-0.9627856398186276,-0.0657464519314789,0.0879369334794622
P34,7670,767767.7677677678,pedestrian,-6.934919814926475,2.359447474464061,0.0869778656642971,-0.9538186636352228,-0.0736830035628246,0.0885748538290842
P34,7671,767867.8678678679,pedestrian,-6.93501156690299,2.2681844926143118,0.07768711909923,-0.9455128535234838,-0.0811104107937895,0.0864008498788317
P34,7672,767967.967967968,pedestrian,-6.924721569820089,2.181266877846818,0.0698873946428271,-0.938352471257056,-0.0798715114396877,0.0806284294006615
P34,7673,768068.0680680681,pedestrian,-6.906431001172993,2.0882088939680346,0.061543093189116,-0.9345052046871732,-0.0812256744020435,0.0642474408981536
P34,7674,768168.1681681682,pedestrian,-6.89879695504261,1.9901665826556056,0.0464702389757663,-0.9340692943540824,-0.1081501241014964,0.0409954126590597
P34,7675,768268.2682682683,pedestrian,-6.918196032946259,1.8800676894130015,0.0206691475652899,-0.9353352630359748,-0.1662301277981213,0.020169909815225
P34,7676,768368.3683683684,pedestrian,-6.944482154046867,1.783446403575616,-0.011175194876972,-0.9314999059103044,-0.2251999790874535,0.0272144283368401
P34,7677,768468.4684684685,pedestrian,-6.968651017603197,1.7133377458179342,-0.0425230107468787,-0.919706075476598,-0.259350348597052,0.0623901999926388
P34,7678,768568.5685685686,pedestrian,-6.990368766671417,1.646643179640464,-0.0680685014579357,-0.9066773452683908,-0.2577388539486769,0.0886991822008628
P34,7679,768668.6686686687,pedestrian,-7.003089943228495,1.567063847753387,-0.0834972429861848,-0.9011577427142364,-0.2175161990592448,0.075670886470957
P34,7680,768768.7687687688,pedestrian,-7.009009595250098,1.4688449664614818,-0.0875451948119001,-0.9082748327329,-0.148769868351951,0.018690408182745
P34,7681,768868.8688688689,pedestrian,-7.012954128491721,1.3497847341167042,-0.0809028384750243,-0.9273959718561848,-0.0652515172551739,-0.0627251363802156
P34,7682,768968.968968969,pedestrian,-7.012546459178364,1.232434630458409,-0.0639674297010774,-0.9507897656057516,0.0257632245978556,-0.1291039367332641
P34,7683,769069.0690690691,pedestrian,-6.997720145653495,1.1387242156262862,-0.0372279460799547,-0.9715649036341466,0.1194675975246154,-0.1595564299219361
P34,7684,769169.1691691692,pedestrian,-6.985308627516774,1.0383252005781851,-0.0050310740273282,-0.9925114014201148,0.1979592278240076,-0.178851010808758
P34,7685,769269.2692692693,pedestrian,-6.959600519050454,0.9241557311404552,0.0306782432353479,-1.015389115849873,0.2596008643347854,-0.198144921374967
P34,7686,769369.3693693693,pedestrian,-6.934738715925202,0.8169382542685057,0.0642740087553121,-1.0377945980827157,0.2891142884885301,-0.2081168887898108
P34,7687,769469.4694694695,pedestrian,-6.918530236440923,0.6864033834997453,0.0910923011569027,-1.0607781000459064,0.2808840283378833,-0.2164592491951564
P34,7688,769569.5695695695,pedestrian,-6.901239231181357,0.5618506498636581,0.1101679928620924,-1.076958206601718,0.2458200933559178,-0.1951765903196952
P34,7689,769669.6696696697,pedestrian,-6.886130236132263,0.4547931326374405,0.1203058590574475,-1.0803080227493371,0.189704511854234,-0.1323954750528471
P34,7690,769769.7697697697,pedestrian,-6.874312366711724,0.3629714802865862,0.1207429320656441,-1.070243087782191,0.117751031791898,-0.0419599988588997
P34,7691,769869.8698698699,pedestrian,-6.869398822416498,0.2934533288596229,0.1110920361829388,-1.0509440792726166,0.0346067487629797,0.0491793032500932
P34,7692,769969.96996997,pedestrian,-6.869338234146365,0.1992827331676783,0.0923607499922006,-1.0348950442307898,-0.0514759614298626,0.0923310734923393
P34,7693,770070.0700700701,pedestrian,-6.876354266954494,0.0870832067487522,0.0659662458889389,-1.0257225760461923,-0.1338599590723261,0.092060045111916
P34,7694,770170.1701701703,pedestrian,-6.889207358870765,-0.0215847797893351,0.0344618439700009,-1.0198352347620845,-0.2040783947693529,0.0791532053809955
P34,7695,770270.2702702703,pedestrian,-6.916030673411348,-0.1272129710491992,0.001185460267709,-1.014199928239296,-0.2539085121127049,0.0702796722909311
P34,7696,770370.3703703705,pedestrian,-6.928787128002226,-0.221982895095436,-0.0260161242853232,-1.0062657136307642,-0.2608326836877522,0.0737671764838143
P34,7697,770470.4704704705,pedestrian,-6.9388185121992985,-0.3116034419061797,-0.0447667713588806,-0.997107236268258,-0.2322925915729469,0.0806489127062686
P34,7698,770570.5705705706,pedestrian,-6.941569602197094,-0.407306836198028,-0.0538271999781113,-0.989727708349763,-0.1772500338899415,0.0779594901381118
P34,7699,770670.6706706707,pedestrian,-6.943241724650151,-0.5243073549461841,-0.0544913826560653,-0.9849558553282308,-0.1110125540964359,0.0662005738450648
P34,7700,770770.7707707708,pedestrian,-6.941840292267172,-0.6043242461389431,-0.0480290000821941,-0.9748368234929036,-0.0428506636547347,0.0797452911869056
P34,7701,770870.8708708709,pedestrian,-6.935903853539911,-0.6957925458199608,-0.0361661312769571,-0.9645677174673168,0.0197941043535598,0.0886136161155292
P34,7702,770970.970970971,pedestrian,-6.92593715387906,-0.8004517803900811,-0.0216189053326705,-0.9551658229086653,0.0685294201491331,0.0906756161453894
P34,7703,771071.0710710711,pedestrian,-6.920868579502141,-0.8716649173328659,-0.0081393847801421,-0.9419316382525184,0.0942033292633638,0.1068002390724462
P34,7704,771171.1711711712,pedestrian,-6.91892692417968,-0.952917763924502,0.0026762936268561,-0.9323698379820684,0.099578463102631,0.1024218590214502
P34,7705,771271.2712712713,pedestrian,-6.9202700155934185,-1.0506871621035545,0.0107564145881416,-0.9310563432244018,0.0922572362289053,0.0677530710740951
P34,7706,771371.3713713714,pedestrian,-6.917994752427829,-1.1664876008323175,0.0176654677150152,-0.936979364899151,0.0832364473354556,0.0184775844837936
P34,7707,771471.4714714715,pedestrian,-6.911296643823399,-1.2706395770276977,0.0239858816970096,-0.9421949369515026,0.0754348048904875,-0.0089240014790278
P34,7708,771571.5715715716,pedestrian,-6.911473771238594,-1.3597697421100117,0.0287474269999566,-0.942477038245394,0.0646160649281175,-0.0065535545958141
P34,7709,771671.6716716717,pedestrian,-6.905892519315648,-1.4399515254493742,0.0337078030855195,-0.9389958372336132,0.0587686089653014,0.0094922052785599
P34,7710,771771.7717717718,pedestrian,-6.895259885792183,-1.523760441097477,0.0387321712679139,-0.9366082904262856,0.0554394866311989,0.0150669230350769
P34,7711,771871.8718718719,pedestrian,-6.875930262648692,-1.6164288068472614,0.0417095297773949,-0.939536282896874,0.0454637033260401,-0.0021384024158606
P34,7712,771971.971971972,pedestrian,-6.88895671335877,-1.7213769292220575,0.0364504244926356,-0.949512876005976,0.007416508299669,-0.0400014211056615
P34,7713,772072.0720720721,pedestrian,-6.900279120820946,-1.8397533815590617,0.0282844213387623,-0.9643592192173256,-0.0271338054019411,-0.0820517846209225
P34,7714,772172.1721721722,pedestrian,-6.910450394666533,-1.9585626989328344,0.0222323582157742,-0.976938312468426,-0.0400720137748357,-0.0989837156234106
P34,7715,772272.2722722723,pedestrian,-6.9098271442602055,-2.0395146033134086,0.0234756605000044,-0.9791543153774108,-0.0196929096608331,-0.0691499980975549
P34,7716,772372.3723723724,pedestrian,-6.894606255754791,-2.1315761687318195,0.0340523531914521,-0.9767683593584626,0.0289730634774513,-0.0330503363220893
P34,7717,772472.4724724725,pedestrian,-6.87291036039708,-2.2271033203681334,0.0513268332393121,-0.9716513203368484,0.0847222283567739,-0.000373348889213
P34,7718,772572.5725725726,pedestrian,-6.8510137201100445,-2.317976513095489,0.0707693558182659,-0.964014955675922,0.1272365340221957,0.0293884630801243
P34,7719,772672.6726726727,pedestrian,-6.836762875400704,-2.3902580164211646,0.0881367403647269,-0.9553655030310068,0.1451973784597765,0.05152506234198
P34,7720,772772.7727727728,pedestrian,-6.8225178367928025,-2.49294095199581,0.1024508409360605,-0.9546468444899446,0.1443434653999147,0.0343088293504237
P34,7721,772872.8728728729,pedestrian,-6.808898518253256,-2.6072410796225864,0.1131572875488154,-0.9601720389823916,0.1298291446543102,-0.0004397301311798
P34,7722,772972.972972973,pedestrian,-6.797088847102343,-2.715880998032973,0.1201446106911388,-0.9656453236121144,0.1065254472172663,-0.0214965950028733
P34,7723,773073.073073073,pedestrian,-6.789826650465747,-2.7925124698701507,0.1240593319055289,-0.9662649152147944,0.0803521245276829,-0.0155540359426102
P34,7724,773173.1731731732,pedestrian,-6.78284804712495,-2.884903165826443,0.1274367699908298,-0.9695499271285016,0.0622562231182792,-0.0222561082365562
P34,7725,773273.2732732733,pedestrian,-6.770854425117199,-3.0031655539315643,0.1333877375828326,-0.9782933059166716,0.0611668329704693,-0.047525971156355
P34,7726,773373.3733733734,pedestrian,-6.750507008951706,-3.1116364465804125,0.143808325054025,-0.9857363118592022,0.0778353430144453,-0.0579419985689195
P34,7727,773473.4734734735,pedestrian,-6.732164598894386,-3.188930631563079,0.1581216755876379,-0.988189783559378,0.1031303564998021,-0.0449628278262971
P34,7728,773573.5735735736,pedestrian,-6.703429058615226,-3.2836530776435264,0.177347609783917,-0.9941646445347954,0.1376580933060575,-0.05067988786195
P34,7729,773673.6736736736,pedestrian,-6.663989433814176,-3.3838219318419407,0.1995993622197454,-1.0070526386624223,0.1705165220097103,-0.0809893117344297
P34,7730,773773.7737737738,pedestrian,-6.630353858749217,-3.4983700031320866,0.2194451754741068,-1.0295706274094103,0.1812871935429355,-0.1368807248080695
P34,7731,773873.8738738738,pedestrian,-6.605725518630671,-3.630587736203103,0.2336944591004364,-1.0605988204177113,0.1661708139379902,-0.2040794862811434
P34,7732,773973.973973974,pedestrian,-6.566790297121731,-3.7739379346349335,0.2426873166492757,-1.0934914837980192,0.1365365212465015,-0.2524209594376671
P34,7733,774074.074074074,pedestrian,-6.545975247511568,-3.879203909004998,0.2409161754829629,-1.117507360324141,0.0766600143442173,-0.2475671946246604
P34,7734,774174.1741741742,pedestrian,-6.533355695866484,-4.012214099776563,0.22848349477618,-1.1365078871457617,-0.0013204516618156,-0.2251462715262383
P34,7735,774274.2742742742,pedestrian,-6.5255843108956695,-4.151903075662204,0.207499991763103,-1.1441937507944864,-0.0821902078428875,-0.1675470050314373
P34,7736,774374.3743743744,pedestrian,-6.521652452106554,-4.274832948558582,0.1806984919647538,-1.1297865015322657,-0.1542285633589582,-0.0466234904089026
P34,7737,774474.4744744744,pedestrian,-6.523050037367996,-4.339151228527312,0.1509853851401097,-1.0851885046268377,-0.2095919776551821,0.1444458760986837
P34,7738,774574.5745745746,pedestrian,-6.531167281432123,-4.377578614250888,0.122164383856647,-1.0209342704796551,-0.2400018173849727,0.3375714708535798
P34,7739,774674.6746746746,pedestrian,-6.546619196023737,-4.389157781117224,0.100039047289833,-0.9556304863794868,-0.2326372446943881,0.4597908548480831
P34,7740,774774.7747747748,pedestrian,-6.525370162708877,-4.483378891214773,0.0938247022018717,-0.9187801663483,-0.1664226360675873,0.4242073582541911
P34,7741,774874.8748748748,pedestrian,-6.510024802658897,-4.594461947073822,0.0998606216770177,-0.9104043146291566,-0.0784029883697634,0.292003031818268
P34,7742,774974.974974975,pedestrian,-6.49066062997036,-4.712483948608113,0.1174213673690774,-0.9245162565784212,0.0201428301601975,0.1239075090617311
P34,7743,775075.075075075,pedestrian,-6.445275637906932,-4.849090447998293,0.1458673599405042,-0.953479066821526,0.1226477204215279,-0.0365261967093526
P34,7744,775175.1751751752,pedestrian,-6.396401254541951,-4.979290418846165,0.1760022581030847,-0.9834222221929576,0.1919075805956083,-0.1384771979796834
P34,7745,775275.2752752752,pedestrian,-6.371174605091976,-5.066388412682145,0.1973413931715358,-1.00274595963247,0.2001653394638982,-0.1596616174170298
P34,7746,775375.3753753754,pedestrian,-6.358824015791271,-5.1620946892107655,0.2081054826532751,-1.0165572530748108,0.1642029602659849,-0.1512421936914986
P34,7747,775475.4754754754,pedestrian,-6.338119642246612,-5.265743906897609,0.2116190535899466,-1.0280535310120902,0.11408178513057,-0.1371128735728339
P34,7748,775575.5755755756,pedestrian,-6.325781302771914,-5.375740021318697,0.208021313369114,-1.0381460671508886,0.0558385583619732,-0.1230246821658149
P34,7749,775675.6756756756,pedestrian,-6.31745294387693,-5.491277798550298,0.2001253980405535,-1.0455462865815246,0.0035369521317177,-0.1039640447821058
P34,7750,775775.7757757758,pedestrian,-6.296580453096945,-5.594972533190926,0.1920485677582814,-1.0464541892309571,-0.0291613608665766,-0.0671234890360379
P34,7751,775875.8758758758,pedestrian,-6.273274721589362,-5.680159044688744,0.1827899627887073,-1.0408013570405557,-0.0537486632278134,-0.0191403264567583
P34,7752,775975.975975976,pedestrian,-6.255735274605507,-5.771617695436964,0.1693989457256541,-1.0354294715795216,-0.0848176257923494,0.0091248003021204
P34,7753,776076.076076076,pedestrian,-6.250664123735945,-5.881593831004663,0.1497519406260723,-1.0354506664068164,-0.1280879602519009,0.0055000943635038
P34,7754,776176.1761761763,pedestrian,-6.249895435364652,-5.998563618015962,0.1251359276406443,-1.0393406185513676,-0.1738313288402892,-0.011721982536763
P34,7755,776276.2762762763,pedestrian,-6.25777302726818,-6.121710581164774,0.0973312435517044,-1.042657466693253,-0.2141827741828479,-0.0200352392583325
P34,7756,776376.3763763765,pedestrian,-6.282002207404502,-6.2198331626888645,0.0704461541081262,-1.0376628090619464,-0.2353020995367719,0.0071142778460639
P34,7757,776476.4764764765,pedestrian,-6.280002577960613,-6.308131399053533,0.0548873962733868,-1.0248998471167303,-0.2042942784205971,0.0538521713516721
P34,7758,776576.5765765767,pedestrian,-6.266073997231675,-6.383002645475187,0.0520125931041456,-1.0080739416930882,-0.1361311306049333,0.0982028160039288
P34,7759,776676.6766766767,pedestrian,-6.230964572809685,-6.472378515612394,0.059124172208935,-0.9960572972898648,-0.0556996597220831,0.1066830617405756
P34,7760,776776.7767767769,pedestrian,-6.213705584777226,-6.573477264657847,0.0653455823340211,-0.9929298939488695,-0.0099463767975628,0.0773950159779614
P34,7761,776876.8768768769,pedestrian,-6.217497682535899,-6.692787025369796,0.0657606076849819,-0.9989125339133283,-0.004475279946324,0.0241450318693531
P34,7762,776976.9769769771,pedestrian,-6.223862542372284,-6.813825192211134,0.0633435313414986,-1.007518207189045,-0.0121122364436952,-0.0186049809343166
P34,7763,777077.0770770771,pedestrian,-6.219742544459076,-6.929118070239204,0.0626408496831099,-1.011018260775047,-0.0101352055115794,-0.0249566079911565
P34,7764,777177.1771771773,pedestrian,-6.211781863796861,-7.009008094068115,0.0647990887035098,-1.0026929037350554,0.0021700777345886,0.0170213033252272
P34,7765,777277.2772772773,pedestrian,-6.193092179505383,-7.102912670848906,0.0698302768538085,-0.9883732209769438,0.0208405465826467,0.0659505951973225
P34,7766,777377.3773773775,pedestrian,-6.174475664333861,-7.187575056482817,0.0736950970412487,-0.9681477551424722,0.027738974564727,0.1187891426380085
P34,7767,777477.4774774775,pedestrian,-6.174476941620317,-7.258097505002179,0.0717686261677311,-0.9444942711389678,0.0094983026863498,0.164409502348239
P34,7768,777577.5775775777,pedestrian,-6.21319974930865,-7.2919530977479665,0.0659337260406757,-0.9247691810392852,-0.0168192749574918,0.1770828780261278
P34,7769,777677.6776776777,pedestrian,-6.198794244158098,-7.401273567310202,0.0741039340837746,-0.932192403489872,0.021397765279565,0.0795441105978447
P34,7770,777777.7777777779,pedestrian,-6.156535334689392,-7.5413956393265,0.0966261910979253,-0.964849392430114,0.1004408456563774,-0.0779939751541356
P34,7771,777877.8778778779,pedestrian,-6.116366534369422,-7.688913351576255,0.1241077652553458,-1.010697112710513,0.1680313901755603,-0.2255302645543421
P34,7772,777977.9779779781,pedestrian,-6.099195668713712,-7.82296621012586,0.1479628481384183,-1.055705351929341,0.1953164062000471,-0.3125329773067876
P34,7773,778078.0780780781,pedestrian,-6.079515880507922,-7.947177378122295,0.1687451319331275,-1.091475313467941,0.2000910718530031,-0.3299290666539649
P34,7774,778178.1781781783,pedestrian,-6.053115739791564,-8.069631437616124,0.1870714761298563,-1.1137522481966575,0.1934869649415544,-0.2882401663578712
P34,7775,778278.2782782783,pedestrian,-6.027038803440508,-8.179385535081419,0.2016050039699654,-1.1186463947931204,0.1747367035971188,-0.1953186844937135
P34,7776,778378.3783783785,pedestrian,-6.010754757011595,-8.253599826460833,0.2112556479546861,-1.105900281183176,0.1443280498952074,-0.0700559698296905
P34,7777,778478.4784784785,pedestrian,-5.995076508457103,-8.338651972675178,0.2188377148019319,-1.088038200911278,0.1177021231895915,0.0264179971639796
P34,7778,778578.5785785787,pedestrian,-5.969200045103092,-8.435434509992328,0.2280189894620398,-1.0738182044609064,0.1076154952418128,0.071312605121946
P34,7779,778678.6786786787,pedestrian,-5.929148480984851,-8.556347510754419,0.2392375338340771,-1.0677542826559148,0.1093461241453565,0.0671453544170905
P34,7780,778778.7787787789,pedestrian,-5.909406975049258,-8.672373557369008,0.2475705349299253,-1.0649552181635944,0.0992135867243336,0.051933528923196
P34,7781,778878.8788788789,pedestrian,-5.881732521122844,-8.767853119314418,0.2557365479756711,-1.0615278121675074,0.0923671388723383,0.045064320567586
P34,7782,778978.978978979,pedestrian,-5.847208939886771,-8.872559117868365,0.2639928677098873,-1.0612563427411112,0.0885289198591828,0.0286219514037601
P34,7783,779079.0790790791,pedestrian,-5.805555392312045,-8.98489019185668,0.2700845552146462,-1.0650785281082589,0.0777854983342473,0.0026861463065079
P34,7784,779179.1791791792,pedestrian,-5.770840478093157,-9.096948863010338,0.268421689094249,-1.071412142233267,0.0411377236360132,-0.0229209725274635
P34,7785,779279.2792792793,pedestrian,-5.752480085929836,-9.213842738852142,0.254619385707196,-1.0790203710431558,-0.0283639336410604,-0.0435301521436675
P34,7786,779379.3793793794,pedestrian,-5.74312912601331,-9.332459229211493,0.2287998364526481,-1.0849605282769648,-0.1174907658883509,-0.0496688221978812
P34,7787,779479.4794794795,pedestrian,-5.739127681867111,-9.449947773988026,0.1927445539388808,-1.0852822145359649,-0.2117143122430067,-0.0316336169860567
P34,7788,779579.5795795796,pedestrian,-5.739481121036249,-9.561938474712417,0.1482046427469676,-1.0754863224640796,-0.3022644031533771,0.0186398181751711
P34,7789,779679.6796796797,pedestrian,-5.746123758401776,-9.659108683683572,0.0961463405978465,-1.0514277404585606,-0.3868197220672835,0.1047120921176893
P34,7790,779779.7797797798,pedestrian,-5.766157418202635,-9.719281905815418,0.037138317236403,-1.012255799781976,-0.4655020799188797,0.2159843220353489
P34,7791,779879.8798798799,pedestrian,-5.8164307763179774,-9.778516387749349,-0.0259896874490417,-0.9694281934679096,-0.5296166655126757,0.29823567396709
P34,7792,779979.97997998,pedestrian,-5.857084845133509,-9.852265760343986,-0.0806293670525309,-0.934447570414044,-0.5359190572233581,0.3181210089004584
P34,7793,780080.0800800801,pedestrian,-5.886972005724326,-9.932594685637346,-0.1179109931122289,-0.9134310500129946,-0.4724532295255663,0.2761279391115408
P34,7794,780180.1801801802,pedestrian,-5.881755984811944,-10.037371320687898,-0.1324545692097735,-0.9105793595575388,-0.3454393945722582,0.1799873048807775
P34,7795,780280.2802802803,pedestrian,-5.871511438875376,-10.153717969220972,-0.1315474885313107,-0.921743950743692,-0.2078120918031265,0.0668104373482073
P34,7796,780380.3803803804,pedestrian,-5.873496709037024,-10.265493779745388,-0.1244786383088213,-0.9388486533248922,-0.0997177767065385,-0.0254661099978542
P34,7797,780480.4804804805,pedestrian,-5.8890910159185,-10.375207213570569,-0.1157784840861858,-0.9558481909253762,-0.0272618654597338,-0.0815104363328119
P34,7798,780580.5805805806,pedestrian,-5.896588970529917,-10.492624732444854,-0.103945778037325,-0.9677197375815068,0.0292139097404131,-0.0959083861007347
P34,7799,780680.6806806807,pedestrian,-5.899179487731281,-10.565627445304605,-0.0892904928416156,-0.9658984803178972,0.0747112891939247,-0.0516104929776286
P34,7800,780780.7807807808,pedestrian,-5.897634881470057,-10.635861244461736,-0.0730351898901827,-0.9579940950188096,0.1087508140809388,-0.0009174906435141
P34,7801,780880.8808808809,pedestrian,-5.900894536384361,-10.7071114710518,-0.0572683002745362,-0.9535172215188006,0.1276809769759667,0.0168018057633458
P34,7802,780980.980980981,pedestrian,-5.890636872708559,-10.822822835078307,-0.041602255192531,-0.9631657700999612,0.1388708032520569,-0.0271420465909155
P34,7803,781081.0810810811,pedestrian,-5.887116485045273,-10.94459661550103,-0.0303917529432422,-0.9822308679584112,0.1284360525404673,-0.090546793633914
P34,7804,781181.1811811812,pedestrian,-5.8931213248294005,-11.06786867327152,-0.0257465116604816,-1.0039588289357744,0.0965896651745282,-0.1396636808607237
P34,7805,781281.2812812813,pedestrian,-5.90751834140705,-11.183770180615731,-0.026410109974951,-1.0210284367450513,0.0565171434303402,-0.1516450606721082
P34,7806,781381.3813813814,pedestrian,-5.920816288896694,-11.27688102316344,-0.0278463557691541,-1.028534402647138,0.0290052658892205,-0.1218833149118161
P34,7807,781481.4814814815,pedestrian,-5.916812005087632,-11.377696200803005,-0.0254071172158096,-1.0300549578469231,0.0272049462721831,-0.0804621057562457
P34,7808,781581.5815815816,pedestrian,-5.92044941057714,-11.471485873130598,-0.0206257320970973,-1.0263278498719657,0.0351873397294444,-0.0347692437214462
P34,7809,781681.6816816817,pedestrian,-5.90496909340763,-11.576402245638674,-0.011913477828352,-1.0204772380432825,0.0553162218298899,0.0014201597618378
P34,7810,781781.7817817818,pedestrian,-5.901111735685667,-11.674302123950351,-0.0047287160459861,-1.010957785293511,0.0617062811345368,0.0377890478223774
P34,7811,781881.8818818819,pedestrian,-5.8966179924116044,-11.766519598946712,-0.000471424769779,-0.9979635244790642,0.0542616417534158,0.0735152027076238
P34,7812,781981.981981982,pedestrian,-5.899598229407282,-11.833198857157,-0.0009942651760701,-0.9831167946329318,0.0311679637065776,0.1025560737639816
P34,7813,782082.082082082,pedestrian,-5.914318984406982,-11.917633328327211,-0.0057061263045883,-0.978060805976829,0.0007932076795416,0.0823500636767305
P34,7814,782182.1821821822,pedestrian,-5.917110578405049,-12.04705235223548,-0.0095377247552002,-0.9895130640100154,-0.0143752046187417,0.0059630306986615
P34,7815,782282.2822822822,pedestrian,-5.914650483601349,-12.163350058779976,-0.0116645032325067,-1.008175579000269,-0.0170428412111495,-0.0687326609180549
P34,7816,782382.3823823824,pedestrian,-5.916094555953661,-12.28556629087802,-0.0134265911835609,-1.0298755644452593,-0.0172604110050833,-0.1262099073196381
P34,7817,782482.4824824826,pedestrian,-5.920070674247479,-12.39389256422209,-0.0149142866334472,-1.048709421130738,-0.0163293105461722,-0.1502568808632554
P34,7818,782582.5825825826,pedestrian,-5.922467726562816,-12.512213909046626,-0.0152348081650655,-1.0644373549085924,-0.0112329235469996,-0.1529221357569645
P34,7819,782682.6826826828,pedestrian,-5.9276891824069,-12.621472682369165,-0.0139182827194471,-1.073342254165475,-0.0017659762134596,-0.1280902149803745
P34,7820,782782.7827827828,pedestrian,-5.923901969249691,-12.725267153306689,-0.0090516403725658,-1.0748051165664,0.0177944051627247,-0.0840355570810301
P34,7821,782882.882882883,pedestrian,-5.914766808281313,-12.826236098321347,-0.0016400366847303,-1.0699185124550807,0.0396312716864469,-0.0324583923950676
P34,7822,782982.982982983,pedestrian,-5.920108526343956,-12.926272237545785,0.0054302393406641,-1.0603745809924658,0.051666648069461,0.0171580400404012
P34,7823,783083.0830830832,pedestrian,-5.919458637264109,-13.022491739028853,0.0151464511493775,-1.0476120534040536,0.0692915471968832,0.0599949781553325
P34,7824,783183.1831831832,pedestrian,-5.913835220002267,-13.11472228301835,0.0292655114988144,-1.0339001823828728,0.0971499675427046,0.0898833453030891
P34,7825,783283.2832832834,pedestrian,-5.898516095303659,-13.199130516197764,0.0487644501258631,-1.022698457949528,0.1350582794847567,0.0984328587768772
P34,7826,783383.3833833834,pedestrian,-5.860116088073855,-13.336674897579805,0.0720463284551796,-1.0208662972849265,0.1729212680018749,0.0673243060667056
P34,7827,783483.4834834835,pedestrian,-5.842370701537299,-13.427838740641466,0.0889682469985246,-1.0148063281251525,0.1714183198511536,0.0646900952189705
P34,7828,783583.5835835836,pedestrian,-5.839552723603647,-13.525497011078937,0.0965558487712953,-1.0071237331187368,0.1342966555764941,0.0693717491766753
P34,7829,783683.6836836837,pedestrian,-5.841745262702054,-13.608655269994156,0.0973599851424423,-0.9979308058039084,0.0852776807598396,0.0780935244744172
P34,7830,783783.7837837838,pedestrian,-5.858025841566199,-13.670989763040724,0.0960470811717493,-0.992935515572088,0.0470785230396339,0.0671491508900621
P34,7831,783883.883883884,pedestrian,-5.851172376173976,-13.76226202169576,0.1036406744689565,-1.0076749066552988,0.058252300201133,-0.016085273328765
P34,7832,783983.983983984,pedestrian,-5.817760205017532,-13.897099988155135,0.1242728809583367,-1.0504998044421647,0.1156570445962795,-0.175932549740801
P34,7833,784084.0840840841,pedestrian,-5.783801704586273,-14.064086460792817,0.153353724542472,-1.116987197797232,0.1835428376128741,-0.3654952147611482
P34,7834,784184.1841841842,pedestrian,-5.741650881233288,-14.245854678842322,0.1870749434643646,-1.193358552996154,0.2430706838090562,-0.5197982708466874
P34,7835,784284.2842842843,pedestrian,-5.701527299963516,-14.41355652233243,0.2195329788130012,-1.2618077860133607,0.2745890173369935,-0.5834713945370328
P34,7836,784384.3843843844,pedestrian,-5.677878267962022,-14.520806385943391,0.2461839720711391,-1.3103467864057812,0.2713490229111405,-0.5452049999055966
P34,7837,784484.4844844845,pedestrian,-5.658512357124672,-14.629251692678064,0.269520490486103,-1.351391905264549,0.256512030176432,-0.4927304341667442
P35,7646,765365.3653653654,pedestrian,-8.326983639985054,6.247302019191301,0.1659473172533129,-0.8340933464057962,-0.0813550685722995,0.0853983693200875
P35,7647,765465.4654654656,pedestrian,-8.315079861135878,6.167677323093797,0.1586099723113806,-0.8260471732225675,-0.0749110744903825,0.081384689944382
P35,7648,765565.5655655656,pedestrian,-8.308532788475823,6.093675558443657,0.1541131398350728,-0.8197702298298666,-0.0539921930507377,0.0683552423797495
P35,7649,765665.6656656658,pedestrian,-8.293006751047935,6.030498032543626,0.157395412519193,-0.8188283608524215,-0.0030945258114224,0.033783452458989
P35,7650,765765.7657657658,pedestrian,-8.267040464402786,5.937820835828697,0.173596608237997,-0.8332706164605403,0.0802305533151738,-0.0561680060396068
P35,7651,765865.865865866,pedestrian,-8.230874872959005,5.833401724434609,0.2041132349836184,-0.8674446680700912,0.1813299765490002,-0.1845417582384539
P35,7652,765965.965965966,pedestrian,-8.171589655601258,5.684225265859241,0.2456447679762312,-0.9193984494731432,0.2783364119490461,-0.3234567278353311
P35,7653,766066.0660660662,pedestrian,-8.112678638664981,5.535629076294975,0.2860483709092047,-0.968622925023926,0.3279163170263268,-0.3900519648894776
P35,7654,766166.1661661662,pedestrian,-8.084027303431023,5.445432932577795,0.3143020444009786,-0.9944039418372776,0.3102665318293318,-0.3388368732527654
P35,7655,766266.2662662663,pedestrian,-8.073381365838493,5.3636402226765085,0.3329893765838759,-1.0002941061107729,0.2628484333025372,-0.2314021718931684
P35,7656,766366.3663663664,pedestrian,-8.035523453993036,5.274896585253954,0.3533048440720479,-0.9933591683708208,0.2398461700294398,-0.1159309269404414
P35,7657,766466.4664664665,pedestrian,-7.966293601570935,5.173961113506419,0.3774396127036012,-0.9769841070078672,0.2403318632410131,-0.0081993955249591
P35,7658,766566.5665665666,pedestrian,-7.90769506265351,5.099264673484275,0.395970958980569,-0.9479990352762976,0.2189804107414915,0.1069670242662977
P35,7659,766666.6666666667,pedestrian,-7.869957791023401,5.037431372061621,0.402543473909321,-0.9109180420720818,0.1595365795623557,0.2091173642270492
P35,7660,766766.7667667668,pedestrian,-7.829402307656631,4.9617359157111975,0.3976953617413813,-0.8737913404151044,0.0788021042133605,0.271920374473344
P35,7661,766866.8668668669,pedestrian,-7.790783535424341,4.886041231236542,0.3797524814942239,-0.838305443130809,-0.0214227170328333,0.3039951395039607
P35,7662,766966.966966967,pedestrian,-7.771140233506042,4.817735676470926,0.345552942605607,-0.8045878435663436,-0.1458032702523247,0.3167519283016722
P35,7663,767067.0670670671,pedestrian,-7.781736578735781,4.74718231248956,0.296258929939865,-0.7742598173200974,-0.2804262826756235,0.3114022750895674
P35,7664,767167.1671671672,pedestrian,-7.800883665646005,4.680955493605552,0.2422246522149514,-0.7471123707131613,-0.3811429244745702,0.2957927566067669
P35,7665,767267.2672672673,pedestrian,-7.806143941058821,4.63082898447002,0.196079392136677,-0.7237238261848563,-0.4121447707521191,0.2716658350512517
P35,7666,767367.3673673674,pedestrian,-7.795108334871815,4.563281797292564,0.1649509227687025,-0.7108181044381903,-0.3728665816863796,0.2162501790809032
P35,7667,767467.4674674675,pedestrian,-7.775242386556969,4.486287670748525,0.1497351717192663,-0.7093986517554512,-0.2871231366008028,0.1378019837473603
P35,7668,767567.5675675676,pedestrian,-7.750727164649998,4.404357401693104,0.1481392496897188,-0.7175967661220051,-0.1818455168109327,0.0525094682186942
P35,7669,767667.6676676677,pedestrian,-7.723896978370843,4.320104812259321,0.1566051269461174,-0.7324489533592267,-0.0784155670994299,-0.0254776522911096
P35,7670,767767.7677677678,pedestrian,-7.696094380452198,4.235254436614473,0.1714586557832082,-0.7509709285545496,0.0096346034008711,-0.0874215092556875
P35,7671,767867.8678678679,pedestrian,-7.668228838017439,4.151480561310473,0.1895568115917411,-0.7708508570142418,0.07608573447259,-0.1305841108839011
P35,7672,767967.967967968,pedestrian,-7.641266252858332,4.071530697788494,0.2086698762729019,-0.7911287844864681,0.1206751383817622,-0.1585335389862792
P35,7673,768068.0680680681,pedestrian,-7.616929653348984,4.001452768055033,0.227859620163376,-0.8134616978871432,0.14825114313556,-0.1836023128314873
P35,7674,768168.1681681682,pedestrian,-7.578224889118696,3.8920804306932513,0.2482643297607166,-0.8452444535406528,0.1698334992228605,-0.2355889734693801
P35,7675,768268.2682682683,pedestrian,-7.534888231970719,3.7679610172625337,0.2664129317458176,-0.8810075729906075,0.1742868803779862,-0.2828303843575805
P35,7676,768368.3683683684,pedestrian,-7.496605552358843,3.651633879462037,0.2769917260605211,-0.9100063287756216,0.1476525851718086,-0.2854964202167233
P35,7677,768468.4684684685,pedestrian,-7.479292891074727,3.5775056680708444,0.2758157762800884,-0.92373296927183,0.0857688839016211,-0.2278960569543443
P35,7678,768568.5685685686,pedestrian,-7.475912961249879,3.5029199948949508,0.2658060058579892,-0.9294313487987772,0.013649104327904,-0.1615209843018885
P35,7679,768668.6686686687,pedestrian,-7.471208723607479,3.4206364066983808,0.2550628661867135,-0.9351994924253384,-0.0333160418339146,-0.1211851592926716
P35,7680,768768.7687687688,pedestrian,-7.443305178313215,3.3008446263739164,0.2518308863849181,-0.9473882245520076,-0.0329167245395548,-0.1214104382167693
P35,7681,768868.8688688689,pedestrian,-7.415710810206166,3.212372131639453,0.2562404232131878,-0.958503104951058,-0.0030355854991981,-0.117383432419354
P35,7682,768968.968968969,pedestrian,-7.36877478574005,3.099956697267975,0.2690542979049024,-0.9728877922272028,0.0478402290264104,-0.1276014381335291
P35,7683,769069.0690690691,pedestrian,-7.315635724968756,2.9801059598756177,0.2842396608303782,-0.9865438501989744,0.0881622001061063,-0.1310266120093201
P35,7684,769169.1691691692,pedestrian,-7.283890168107957,2.874790491990949,0.2930000311658075,-0.9921152381442836,0.0879113657510165,-0.1017664629031019
P35,7685,769269.2692692693,pedestrian,-7.254144813259538,2.786293446463166,0.2939917595927231,-0.986642236305012,0.0576280210264492,-0.0410313780588813
P35,7686,769369.3693693693,pedestrian,-7.232427795267511,2.7107483432979573,0.2861560808933377,-0.9726340942469254,0.0048653167266211,0.0292273173769917
P35,7687,769469.4694694695,pedestrian,-7.21594036784498,2.631452124749691,0.2706311611860388,-0.957133119293683,-0.0572353658083247,0.0779994137972736
P35,7688,769569.5695695695,pedestrian,-7.197931574135436,2.535021841481535,0.2495985207244541,-0.945867223565835,-0.1165879554099798,0.0914114853852233
P35,7689,769669.6696696697,pedestrian,-7.1864220262643945,2.4310277930754207,0.2234678707326029,-0.9379501070510932,-0.1726703154706427,0.0866287125581292
P35,7690,769769.7697697697,pedestrian,-7.1795447124895695,2.333215554101637,0.1936583579283284,-0.9288218488717952,-0.2212480241083213,0.088400036937078
P35,7691,769869.8698698699,pedestrian,-7.17810186548146,2.263748511611105,0.1619705917340225,-0.9151071686833346,-0.2582511165470015,0.1072716569635179
P35,7692,769969.96996997,pedestrian,-7.181488030578461,2.1787389998042674,0.1310596610682118,-0.9037533575300604,-0.277875690487617,0.1096603920711163
P35,7693,770070.0700700701,pedestrian,-7.181361036191182,2.0891037371153023,0.1046034053584734,-0.8962110864496987,-0.2726044472956262,0.096339080676066
P35,7694,770170.1701701703,pedestrian,-7.177780833534532,2.0004936511732656,0.0845208754869104,-0.892129060716759,-0.2446597983110087,0.0747692654266143
P35,7695,770270.2702702703,pedestrian,-7.167618185553076,1.9009945139269848,0.0711604610121353,-0.8915800811546954,-0.2014930032967619,0.0478708967321607
P35,7696,770370.3703703705,pedestrian,-7.152926417949609,1.7942826500876627,0.0621350661987883,-0.8904036408162059,-0.158271836390689,0.0338487739052331
P35,7697,770470.4704704705,pedestrian,-7.14518242236289,1.713250968213464,0.0527958299807164,-0.8806662971422298,-0.1330475434086913,0.0584730303869313
P35,7698,770570.5705705706,pedestrian,-7.146374680210269,1.6594392988567557,0.0403341939844846,-0.8627883533397939,-0.1297259414477881,0.1051099520561748
P35,7699,770670.6706706707,pedestrian,-7.151180408976378,1.6055578891231657,0.0246285927232419,-0.8473795451572992,-0.1402752696761086,0.1240648173262664
P35,7700,770770.7707707708,pedestrian,-7.155876128144489,1.5261892323353958,0.0062893272616327,-0.8464175911137123,-0.1569434522181158,0.0796302095717531
P35,7701,770870.8708708709,pedestrian,-7.171556482564391,1.3898747808050531,-0.0149399231369308,-0.8642341129424859,-0.1783490918816817,-0.0203840525805534
P35,7702,770970.970970971,pedestrian,-7.190121043527044,1.2480613231657696,-0.0359264599570418,-0.8841842561026049,-0.1905031205357431,-0.0898450014682681
P35,7703,771071.0710710711,pedestrian,-7.202978612425912,1.1647092011776186,-0.0526919676336345,-0.8854163869942933,-0.1815677793460335,-0.0597433415990638
P35,7704,771171.1711711712,pedestrian,-7.217172016038456,1.0963443574296563,-0.063405633803342,-0.8668078394977373,-0.1526299339914155,0.0356220708391291
P35,7705,771271.2712712713,pedestrian,-7.217576670904889,1.0458581778939444,-0.0654171766108758,-0.831461184466839,-0.1011762688625669,0.1588810057083918
P35,7706,771371.3713713714,pedestrian,-7.217792325586851,1.0106997167077405,-0.0607527199725951,-0.7877022133709763,-0.0438061745825286,0.2669136740691288
P35,7707,771471.4714714715,pedestrian,-7.206027763523423,0.9709791889213084,-0.0510776297121557,-0.748893000494424,0.0107244719702316,0.3138078878474904
P35,7708,771571.5715715716,pedestrian,-7.201209177539544,0.9115666728670236,-0.0423401970886909,-0.7270852700665587,0.0404481786079405,0.2765579208874837
P35,7709,771671.6716716717,pedestrian,-7.206498833667172,0.8208739572059477,-0.0381077876856379,-0.7281043649250195,0.0411600302980572,0.1652379065802309
P35,7710,771771.7717717718,pedestrian,-7.2168924549299325,0.7151626650486214,-0.0382553883050024,-0.7472303712623292,0.0246080955968541,0.0269096271623263
P35,7711,771871.8718718719,pedestrian,-7.229141911087793,0.6057645111144332,-0.0406645436173848,-0.7748667272732991,0.0057108761906432,-0.0907222560713756
P35,7712,771971.971971972,pedestrian,-7.240310978414334,0.5046394770212906,-0.0423011044286813,-0.8004175066109543,-0.0028534819261184,-0.1545974379391929
P35,7713,772072.0720720721,pedestrian,-7.245955623326621,0.432509890651893,-0.0401119321222529,-0.8163947932607005,0.0067448031772885,-0.1565446564527297
P35,7714,772172.1721721722,pedestrian,-7.24849247732108,0.3444722809312911,-0.0325121156114761,-0.8266121063548164,0.0336014001447887,-0.1353964355587825
P35,7715,772272.2722722723,pedestrian,-7.245409108903038,0.2807879455239778,-0.0182596180146158,-0.8293152962603293,0.0758332615703051,-0.0933157821655694
P35,7716,772372.3723723724,pedestrian,-7.233277366557973,0.2008133162298428,0.0028932749728098,-0.8321749175294434,0.1284320124998629,-0.0681787243825955
P35,7717,772472.4724724725,pedestrian,-7.21642382016864,0.1120666020384826,0.0289788639615229,-0.8375242734653404,0.1797414121237172,-0.0624567628642675
P35,7718,772572.5725725726,pedestrian,-7.197222846354778,0.0188973935666002,0.057350641220351,-0.8446528048779385,0.2199978104842944,-0.065856579643774
P35,7719,772672.6726726727,pedestrian,-7.176967652796271,-0.0759405128708727,0.0855090215201368,-0.8511621609539999,0.2437979050160076,-0.0655350831174593
P35,7720,772772.7727727728,pedestrian,-7.156386499779766,-0.1700824412358898,0.1114757435758129,-0.8537043823258077,0.2498580092310481,-0.0499522701546352
P35,7721,772872.8728728729,pedestrian,-7.135983315446368,-0.2601197926010963,0.1339058130301328,-0.8484350944417653,0.2398488615010994,-0.0101229951454815
P35,7722,772972.972972973,pedestrian,-7.116348614490338,-0.3389561955108475,0.1520871414553258,-0.831724199700234,0.2172472341919315,0.0586185499877028
P35,7723,773073.073073073,pedestrian,-7.098628225609799,-0.3898081958541287,0.1659846338568999,-0.8023421758897458,0.1868057694263413,0.14981638680497
P35,7724,773173.1731731732,pedestrian,-7.070508287619568,-0.4437874796786146,0.1765796821237868,-0.7681722304023371,0.1553743415690539,0.2241781297144492
P35,7725,773273.2732732733,pedestrian,-7.054366639637553,-0.4925228466048094,0.1807872307484784,-0.7351458824856963,0.1113722065792581,0.2652352265253045
P35,7726,773373.3733733734,pedestrian,-7.0481581524073045,-0.5381002108654697,0.1795039068439841,-0.7107200163563289,0.0631571437954012,0.2569967062407861
P35,7727,773473.4734734735,pedestrian,-7.03939675833736,-0.6048026995657408,0.1773322576156729,-0.7042699650704098,0.0302152436967622,0.1822392326075655
P35,7728,773573.5735735736,pedestrian,-7.021865776669132,-0.7014325762150049,0.1782895351601373,-0.7189065201279565,0.0221975409072381,0.0547224429701821
P35,7729,773673.6736736736,pedestrian,-6.995322109861929,-0.7992424406551927,0.1834964126985478,-0.7479850778483466,0.0337741791536456,-0.0793005904493743
P35,7730,773773.7737737738,pedestrian,-6.967787436422412,-0.908763949493664,0.1908681939243252,-0.7857515786545787,0.0492528008853706,-0.1949874232622996
P35,7731,773873.8738738738,pedestrian,-6.9426649841605474,-1.0221488469165647,0.1979338053430853,-0.8233470487963823,0.0575347379983299,-0.2650980508700524
P35,7732,773973.973973974,pedestrian,-6.920152413165378,-1.13289442549328,0.2030986536378404,-0.8508981063425706,0.0552294769511168,-0.269033524630152
P35,7733,774074.074074074,pedestrian,-6.90262879096428,-1.203324494925431,0.2057200047617532,-0.8588238070734548,0.0439544866941655,-0.1953261767990007
P35,7734,774174.1741741742,pedestrian,-6.878496916640994,-1.274047123009293,0.2070892158249203,-0.851876197068241,0.0322004660662036,-0.0925494627576303
P35,7735,774274.2742742742,pedestrian,-6.853787390994224,-1.3410089701311616,0.2059386875076776,-0.8342545647818733,0.0152371324576632,0.0117245572352154
P35,7736,774374.3743743744,pedestrian,-6.836119097231378,-1.395905812342022,0.2002351972710996,-0.8106363225265244,-0.0127987602436895,0.0987737166875643
P35,7737,774474.4744744744,pedestrian,-6.814442296132561,-1.4773635217013157,0.1898788650599903,-0.789661013742217,-0.0479959080688114,0.141777595800061
P35,7738,774574.5745745746,pedestrian,-6.807965455055244,-1.5366875936099336,0.1722260274538673,-0.7692694484559516,-0.0978272915015933,0.1658221702653561
P35,7739,774674.6746746746,pedestrian,-6.808090360337959,-1.5966741758867171,0.1490772421520946,-0.7549842511986389,-0.1496282081608509,0.1568490347517979
P35,7740,774774.7747747748,pedestrian,-6.81213177801903,-1.6630940853718932,0.1237848586300642,-0.7527000225694745,-0.1896322817523366,0.1048149804821828
P35,7741,774874.8748748748,pedestrian,-6.818830309764448,-1.7614875253734608,0.1004952767946666,-0.7673639840485429,-0.206337985957683,0.0072501686352504
P35,7742,774974.974974975,pedestrian,-6.824561232161198,-1.872760348743083,0.0841400214350924,-0.7933708538695315,-0.1896639828552809,-0.0964295629715091
P35,7743,775075.075075075,pedestrian,-6.824176697558393,-1.9804099994978708,0.0797721141419397,-0.8208506256376212,-0.1329715802115731,-0.1655704097886522
P35,7744,775175.1751751752,pedestrian,-6.807028416814947,-2.0607546488151045,0.0914222087080627,-0.8413554287227669,-0.0361645627369004,-0.1808171264657021
P35,7745,775275.2752752752,pedestrian,-6.756116830788013,-2.164694083120771,0.1185928438983709,-0.8571527352894363,0.0832540955475351,-0.1718870904060508
P35,7746,775375.3753753754,pedestrian,-6.72025624371533,-2.243106511403772,0.1491355673781347,-0.8617788486590384,0.1693893773415362,-0.1230976031962139
P35,7747,775475.4754754754,pedestrian,-6.690223241763664,-2.312418532586838,0.1769238560915957,-0.8576899229541024,0.2114017253005509,-0.0594491692631428
P35,7748,775575.5755755756,pedestrian,-6.66148033384724,-2.3770762457410064,0.1987055568194556,-0.8507663567794294,0.213807755393063,-0.0095169801771983
P35,7749,775675.6756756756,pedestrian,-6.6376230666907405,-2.452478766489326,0.2120928334563842,-0.8491898878896885,0.1827227727672748,0.0002919540488563
P35,7750,775775.7757757758,pedestrian,-6.618061516622083,-2.549830053205684,0.2164730386595404,-0.8581746992262442,0.1287728391741183,-0.0346680721066043
P35,7751,775875.8758758758,pedestrian,-6.606619399670725,-2.6611154066468297,0.2124680848817522,-0.8756163569784949,0.0632467957421272,-0.0888546563735636
P35,7752,775975.975975976,pedestrian,-6.605538918112053,-2.7574498991107923,0.203279995124981,-0.8944757988103362,0.0030575358043329,-0.1275032176713332
P35,7753,776076.076076076,pedestrian,-6.591333036399767,-2.8715316598987197,0.1960021403444947,-0.913702696959924,-0.0263559086839642,-0.1525724633232001
P35,7754,776176.1761761763,pedestrian,-6.56877672677924,-2.9647363819794874,0.1930702307476605,-0.9257566264021718,-0.0274949187763284,-0.1400894900642533
P35,7755,776276.2762762763,pedestrian,-6.545250696181449,-3.054716725999781,0.1937616856306863,-0.9305908435155958,-0.0141388807339002,-0.1044518343432233
P35,7756,776376.3763763765,pedestrian,-6.521282442472016,-3.143015048629944,0.1969443002991912,-0.9293174959900512,0.003693679034932,-0.0589621469468737
P35,7757,776476.4764764765,pedestrian,-6.4971498655710445,-3.230462374764699,0.2013920094496354,-0.92340784573731,0.0195096787894617,-0.0131514038943318
P35,7758,776576.5765765767,pedestrian,-6.473003798667143,-3.317477771919389,0.2059254357544234,-0.91420170222872,0.0295179082096849,0.0276594365565368
P35,7759,776676.6766766767,pedestrian,-6.44894862535613,-3.404218797964694,0.2094271303330904,-0.9026132219997448,0.031639194594808,0.0618660135287861
P35,7760,776776.7767767769,pedestrian,-6.42511675565548,-3.4906171899580283,0.2107638144342266,-0.8889487072909185,0.0245401639730908,0.0908443254913809
P35,7761,776876.8768768769,pedestrian,-6.401783233306506,-3.57627736550913,0.2086372648078961,-0.8727820899175788,0.0067653750825064,0.118276594201337
P35,7762,776976.9769769771,pedestrian,-6.379610230822279,-3.660120775146552,0.2013898034026177,-0.852882316276599,-0.0239696791995111,0.149537553904563
P35,7763,777077.0770770771,pedestrian,-6.360228356489529,-3.7394527680048246,0.1868330127575246,-0.8272963590387864,-0.0711210152018768,0.1907154179694822
P35,7764,777177.1771771773,pedestrian,-6.34765570196248,-3.807636391149418,0.1623117013628853,-0.7939701690138796,-0.1386132624819387,0.2459265872781622
P35,7765,777277.2772772773,pedestrian,-6.351781826678864,-3.8483560908279286,0.1256203010560351,-0.753010531837188,-0.2271035804503321,0.3093087810253453
P35,7766,777377.3773773775,pedestrian,-6.379276257692895,-3.8857787053151625,0.0784637336998956,-0.7135375291113436,-0.3218275609926037,0.3423184644390679
P35,7767,777477.4774774775,pedestrian,-6.4059588057911565,-3.923505703628626,0.0295531228951949,-0.6859281905922794,-0.3865799098841236,0.3165008400880628
P35,7768,777577.5775775777,pedestrian,-6.423169455255015,-3.9869739998702713,-0.0137346650328097,-0.6817383233622462,-0.4043860275314769,0.209876294124596
P35,7769,777677.6776776777,pedestrian,-6.434041730503885,-4.093980936274399,-0.0484971173652358,-0.705265488300474,-0.3822146586038719,0.0371486898415382
P35,7770,777777.7777777779,pedestrian,-6.436058599942839,-4.22682363523056,-0.0751199082977891,-0.7465283429842965,-0.3370819853613577,-0.1373072812332899
P35,7771,777877.8778778779,pedestrian,-6.4482654433330655,-4.317866971514666,-0.0983859689795021,-0.786428372766474,-0.296452345873599,-0.2387489624939233
P35,7772,777977.9779779781,pedestrian,-6.482651607977745,-4.419703726892554,-0.1203420063568368,-0.8222006965639078,-0.2665154816093692,-0.2847992420052143
P35,7773,778078.0780780781,pedestrian,-6.499832065664197,-4.513385795489184,-0.1347494407984012,-0.8481758485151908,-0.2189244570132051,-0.2749741692818847
P35,7774,778178.1781781783,pedestrian,-6.508304534098839,-4.600435507449709,-0.1412302113264571,-0.8619460808654045,-0.1590668420903623,-0.2216279205665991
P35,7775,778278.2782782783,pedestrian,-6.513814079506077,-4.678622633787978,-0.1425205900267886,-0.8633711311742727,-0.102317226318167,-0.1411126459418738
P35,7776,778378.3783783785,pedestrian,-6.521967159634831,-4.739082988274001,-0.1425433428130097,-0.8551156139682291,-0.0626830476309215,-0.0543105626466681
P35,7777,778478.4784784785,pedestrian,-6.539965618859579,-4.822718286717249,-0.1444515714118619,-0.8464315868184772,-0.0457485982040356,0.0004544446310613
P35,7778,778578.5785785787,pedestrian,-6.561575036628312,-4.907018234380692,-0.1477968842551076,-0.8378215232048447,-0.0409621638077784,0.033671276726144
P35,7779,778678.6786786787,pedestrian,-6.574416861335511,-4.983216547126651,-0.1505724708157823,-0.8287935244804333,-0.0358243320523032,0.055613320009949
P35,7780,778778.7787787789,pedestrian,-6.597220707079265,-5.045735725990745,-0.1540398285604368,-0.8214494148248223,-0.0353641155129995,0.0625060520489015
P35,7781,778878.8788788789,pedestrian,-6.611411860691745,-5.122009177685486,-0.1557085790345298,-0.8236332869288642,-0.0281068517132928,0.0297695188799477
P35,7782,778978.978978979,pedestrian,-6.617286017201839,-5.223395647853902,-0.156129766924971,-0.8395753072012658,-0.018828516488079,-0.0436173571593994
P35,7783,779079.0790790791,pedestrian,-6.631694643232913,-5.326849455213194,-0.1593560338942026,-0.8654252789460696,-0.0240315070777403,-0.1269403722213684
P35,7784,779179.1791791792,pedestrian,-6.658318753531471,-5.447639633345219,-0.1669356923082967,-0.8977010649339433,-0.0440987385795723,-0.2028369210584847
P35,7785,779279.2792792793,pedestrian,-6.690539825733248,-5.551060773403371,-0.176186435467925,-0.9272204920436772,-0.0628564398366981,-0.2385780374994016
P35,7786,779379.3793793794,pedestrian,-6.709461541825359,-5.659046219282557,-0.1821178812550079,-0.9518002888045184,-0.0614583153441124,-0.2412855916171765
P35,7787,779479.4794794795,pedestrian,-6.721593442018069,-5.7675498423752645,-0.1844699079561345,-0.968017740370689,-0.0467205674357303,-0.2105094876675117
P35,7788,779579.5795795796,pedestrian,-6.731179127111517,-5.871711182914723,-0.1857105034653946,-0.971862797687191,-0.0333938541099932,-0.1436964534402773
P35,7789,779679.6796796797,pedestrian,-6.742060450474706,-5.962367090268124,-0.1898001718901548,-0.9596810126519768,-0.0362907864076002,-0.0406636310661349
P35,7790,779779.7797797798,pedestrian,-6.76003650172537,-6.018483691034564,-0.2011988403683145,-0.930959797852836,-0.0664102651040177,0.0865154580719037
P35,7791,779879.8798798799,pedestrian,-6.8004898116041845,-6.073506056580776,-0.2231685114040351,-0.8967811512121148,-0.1258350791036264,0.1854861472440551
P35,7792,779979.97997998,pedestrian,-6.849839362752331,-6.156411342288229,-0.2518861617536835,-0.8684105345056984,-0.1883608648525415,0.2235077768797756
P35,7793,780080.0800800801,pedestrian,-6.901398285472545,-6.249705149357349,-0.2809336791672674,-0.8461516629376256,-0.2278917391950561,0.2230645562947615
P35,7794,780180.1801801802,pedestrian,-6.948252719049648,-6.3368072239271935,-0.3033135914118423,-0.8250119544810972,-0.2262159852330379,0.2184528455442531
P35,7795,780280.2802802803,pedestrian,-6.978574191930152,-6.391758927250068,-0.3134672386661202,-0.8006401176041309,-0.1777724747530289,0.2281670134722681
P35,7796,780380.3803803804,pedestrian,-7.009762658843052,-6.446770202179135,-0.3114561350337421,-0.7800399972067509,-0.1009563415518592,0.2194816477577471
P35,7797,780480.4804804805,pedestrian,-7.037691601974376,-6.517050431801928,-0.296035926360902,-0.7709389178298813,-0.0019565335927551,0.1695703183874483
P35,7798,780580.5805805806,pedestrian,-7.064578481836209,-6.602611379355639,-0.2652383902429263,-0.7765288291640549,0.1182481744578618,0.0820584493746763
P35,7799,780680.6806806807,pedestrian,-7.061934832530085,-6.679456689821215,-0.2143783853333592,-0.7955454433187994,0.2695962908970779,-0.0235529603401687
P35,7800,780780.7807807808,pedestrian,-7.020733804154082,-6.80115170711731,-0.1461458604616623,-0.8321338425075789,0.4295643749702528,-0.1563134421646209
P35,7801,780880.8808808809,pedestrian,-6.990119898841039,-6.912028368160452,-0.07511376159953,-0.8757353084213024,0.5382862169847468,-0.2647320429517001
P35,7802,780980.980980981,pedestrian,-6.9498523573511,-7.035997759216259,-0.0102140282391268,-0.9211956092267573,0.5810154251845551,-0.3382687986032117
P35,7803,781081.0810810811,pedestrian,-6.925997704220125,-7.153061566564575,0.0370311437884408,-0.9596567027447584,0.5386845245245295,-0.3561108017759086
P35,7804,781181.1811811812,pedestrian,-6.921939005512652,-7.256519039660042,0.06107698739104,-0.9851580629131096,0.4228114220673425,-0.3167630237342648
P35,7805,781281.2812812813,pedestrian,-6.933160784707183,-7.354562630110342,0.0631824158862072,-0.996830496587997,0.2668298354695174,-0.2390570673324727
P35,7806,781381.3813813814,pedestrian,-6.959896080148432,-7.430228636340413,0.0495297856261758,-0.9955017677632798,0.110288648971672,-0.1410950544048702
P35,7807,781481.4814814815,pedestrian,-6.971743330482666,-7.524288873281286,0.0316410355931083,-0.9903103281533306,-0.0019082108458309,-0.066183515470288
P35,7808,781581.5815815816,pedestrian,-6.974492279658594,-7.623286892725209,0.0151222064252201,-0.9835361561367972,-0.0652339967667676,-0.0142162740275522
P35,7809,781681.6816816817,pedestrian,-6.972492850737458,-7.716621454570302,0.0014191730056096,-0.9749161283522814,-0.0930541538943496,0.0247347884259098
P35,7810,781781.7817817818,pedestrian,-6.980047241082538,-7.824413201563888,-0.0106955853700471,-0.9656159553954304,-0.1039137800859716,0.0512018278567915
P35,7811,781881.8818818819,pedestrian,-6.984814223526738,-7.925855104897211,-0.0194198666270143,-0.9502762029367195,-0.0974077718167703,0.0908175164901469
P35,7812,781981.981981982,pedestrian,-6.992646615134117,-7.9864267455745,-0.0240464097074881,-0.9239054408230644,-0.0775349160481409,0.1578359357896119
P35,7813,782082.082082082,pedestrian,-7.01003327906763,-8.040299826057101,-0.0224153778441674,-0.8956081123691159,-0.0411078903804631,0.2063079136012307
P35,7814,782182.1821821822,pedestrian,-6.992488842137261,-8.133029783158062,-0.0074268758147701,-0.8774692877598628,0.0329827361637242,0.196562978247064
P35,7815,782282.2822822822,pedestrian,-6.976728139866047,-8.203319152685596,0.016453228003217,-0.8672389786885695,0.1127944766236691,0.1599289236280237
P35,7816,782382.3823823824,pedestrian,-6.953217138671746,-8.296562351464637,0.0464837077951166,-0.8714883455613568,0.1854746669009792,0.0813592810623018
P35,7817,782482.4824824826,pedestrian,-6.926267397767336,-8.412543464970925,0.0782539502303407,-0.8896998995174178,0.2366858578309202,-0.0208583473643831
P35,7818,782582.5825825826,pedestrian,-6.899805769304251,-8.534729773836336,0.1069595084508509,-0.9137126400601814,0.2561293575191261,-0.1058915344463731
P35,7819,782682.6826826828,pedestrian,-6.877458193032046,-8.65988975632919,0.1284606633798578,-0.9330691610634784,0.2400827951481982,-0.1398537720798325
P35,7820,782782.7827827828,pedestrian,-6.864103664852317,-8.735784457472045,0.1402131844019766,-0.9351208262357456,0.1924568693891063,-0.0935157826326927
P35,7821,782882.882882883,pedestrian,-6.852554871081249,-8.804296803877515,0.1428497651976136,-0.9247081406682984,0.1279654151062746,-0.0168257803133482
P35,7822,782982.982982983,pedestrian,-6.854553295464349,-8.864906278795825,0.1372549101702629,-0.9095229319426992,0.0565865653140012,0.0486007556224808
P35,7823,783083.0830830832,pedestrian,-6.848541020839352,-8.955063360012607,0.1290654088077141,-0.9007852054822766,0.0028559180428354,0.0636209639824577
P35,7824,783183.1831831832,pedestrian,-6.8384068534363305,-9.059355297734204,0.1207690420120672,-0.8991812847056101,-0.0304294485276145,0.0451421619776908
P35,7825,783283.2832832834,pedestrian,-6.826774571419588,-9.166524088432933,0.1128711279334729,-0.8997215723746106,-0.049247141716102,0.0255212548565852
P35,7826,783383.3833833834,pedestrian,-6.816169740071052,-9.2637979201416,0.1047621642859973,-0.8953729254403239,-0.0615778118957431,0.0324789733950447
P35,7827,783483.4834834835,pedestrian,-6.810603223988407,-9.328007300662096,0.0956178552420282,-0.8814782113787724,-0.0731368516657987,0.0737589652033297
P35,7828,783583.5835835836,pedestrian,-6.807263139803056,-9.397958840679484,0.0860071842093877,-0.8651503216141448,-0.0820170850806883,0.1084497296385005
P35,7829,783683.6836836837,pedestrian,-6.797140050076899,-9.47478390860427,0.0770358743056829,-0.8515519141861767,-0.0849700648622181,0.1190865432905966
P35,7830,783783.7837837838,pedestrian,-6.8119812569160505,-9.549380325051729,0.0667962563889699,-0.8433559080194468,-0.0916956191527761,0.1046411804185577
P35,7831,783883.883883884,pedestrian,-6.801068654888618,-9.637340026584315,0.0628767354320596,-0.8445261766280907,-0.0712982678522895,0.0594777647001114
P35,7832,783983.983983984,pedestrian,-6.7765821683770335,-9.73648389958779,0.0638129296984621,-0.8548518026856173,-0.0399873415993633,-0.0036600708606517
P35,7833,784084.0840840841,pedestrian,-6.771259746954151,-9.82785379970958,0.062547792598092,-0.8705710132175046,-0.0293698378698711,-0.0632044955368587
P35,7834,784184.1841841842,pedestrian,-6.770960298693167,-9.93254811011266,0.058593974078577,-0.8917362043372757,-0.0333021262663846,-0.1207537854562708
P35,7835,784284.2842842843,pedestrian,-6.773768346794348,-10.04231461964956,0.0532778828864479,-0.9144513136592244,-0.0409912264641889,-0.1619720243780856
P35,7836,784384.3843843844,pedestrian,-6.769702586654276,-10.152445734451844,0.0492095479592143,-0.9333429802284564,-0.0408559054652054,-0.1723593487042407
P35,7837,784484.4844844845,pedestrian,-6.760992330356555,-10.25698458067544,0.0465187650692679,-0.9426961903607628,-0.0354304237312244,-0.1417200838991908
P35,7838,784584.5845845846,pedestrian,-6.751204228779,-10.354200335942233,0.0433660648763084,-0.937986444883536,-0.033902766006895,-0.0684340928873239
P35,7839,784684.6846846847,pedestrian,-6.744308866118538,-10.437103134999166,0.0369524042136553,-0.9157553198796148,-0.045615493078344,0.0443551136799499
P35,7840,784784.7847847848,pedestrian,-6.747408432501737,-10.486923306213358,0.0246890034698843,-0.8755350316392577,-0.0754686351274867,0.1831255289877228
P35,7841,784884.8848848849,pedestrian,-6.765346454190383,-10.533141421806484,0.0067526179721118,-0.8272355211405165,-0.1157340455448505,0.2993558144874387
P35,7842,784984.984984985,pedestrian,-6.7819897571991685,-10.582947419555072,-0.0116669855728091,-0.7809491951050102,-0.1422414041945201,0.3626543041157699
P36,9517,952652.6526526526,pedestrian,-34.880125036295006,-15.53004951263586,-0.0400670518427552,0.1305290336734414,0.742645025052046,0.077561084761689
P36,9518,952752.7527527527,pedestrian,-34.87591377056305,-15.51817402560063,0.0380537162592924,0.1393449208176368,0.7728701836819749,0.0859687870087475
P36,9519,952852.8528528528,pedestrian,-34.822804123060585,-15.501191641723336,0.1294977336958978,0.1518669229483507,0.8709889128174101,0.1132623760856841
P36,9520,952952.9529529528,pedestrian,-34.746312761367385,-15.46674939047175,0.2415716678740344,0.1719473691175656,1.0168101319581353,0.1644880045180647
P36,9521,953053.053053053,pedestrian,-34.648217233124186,-15.417051227412916,0.3704442981029404,0.1986260448890979,1.1535231302479356,0.2160315429179556
P36,9522,953153.1531531533,pedestrian,-34.55593497435816,-15.377913497056127,0.499906785743507,0.2213032825558619,1.2164460917922313,0.2207636042992745
P36,9523,953253.2532532532,pedestrian,-34.46840460747714,-15.357294651499917,0.6174241827911839,0.229968821233048,1.198816857997998,0.165029716600303
P36,9524,953353.3533533532,pedestrian,-34.37252508927244,-15.36780958452907,0.7207177396643212,0.223302688840904,1.1327683083673603,0.0733751298195585
P36,9525,953453.4534534534,pedestrian,-34.28955935529325,-15.363740162632125,0.8108257088046458,0.2142717408717605,1.042865380317232,0.0101410020976057
P36,9526,953553.5535535536,pedestrian,-34.162655323050195,-15.336139780667102,0.8980224670638487,0.2105821741006694,0.976956736817984,-0.0078929711854147
P36,9527,953653.6536536536,pedestrian,-34.01861585190207,-15.299034908296942,0.978281255057918,0.2103684169943561,0.9096854955806116,-0.0056818990118703
P36,9528,953753.7537537536,pedestrian,-33.88074582620447,-15.264528415235516,1.0421136858757327,0.2074570916893061,0.8048516531785703,-0.0147015726390049
P36,9529,953853.853853854,pedestrian,-33.78302991094048,-15.250054938445198,1.0821247554256712,0.1953912326902025,0.6481529519402229,-0.055636499400045
P36,9530,953953.953953954,pedestrian,-33.6656341443616,-15.250723261673697,1.1058307209992808,0.1737175863604762,0.4886767264456774,-0.1180122747130716
P36,9531,954054.0540540542,pedestrian,-33.583794006501584,-15.254590375143223,1.1131851355475306,0.1465196846447299,0.3274920633835992,-0.1776771909060615
P36,9532,954154.1541541542,pedestrian,-33.48666995261768,-15.263812735397952,1.117321920377766,0.1182461222941961,0.2163479822441373,-0.2183711082070311
P36,9533,954254.2542542544,pedestrian,-33.35085321468532,-15.26391340134423,1.1266397416334848,0.0948529645095367,0.1684715145038331,-0.2243240771858398
P36,9534,954354.3543543544,pedestrian,-33.21976911420882,-15.255523848669188,1.134904586500958,0.0786785207457926,0.1351090768628968,-0.1999577643236728
P36,9535,954454.4544544546,pedestrian,-33.10662076575456,-15.24769593629239,1.136353432310094,0.0685754466403054,0.0882660544836947,-0.1615048341884776
P36,9536,954554.5545545546,pedestrian,-33.01952475306869,-15.244118157828613,1.1309450777630057,0.06338611791039,0.0330184419398576,-0.1189269413216111
P36,9537,954654.6546546548,pedestrian,-32.90066204080596,-15.243363226589135,1.128617785067096,0.0637677673193608,0.0111732391732111,-0.071275215837914
P36,9538,954754.7547547548,pedestrian,-32.782670763588314,-15.228055380777066,1.1277940496585104,0.0722933329478074,0.0036407951682451,-0.0105394035672682
P36,9539,954854.854854855,pedestrian,-32.66418258084033,-15.198062948002086,1.1267438357252602,0.0871036596472804,-0.0018457065051072,0.0509914558377717
P36,9540,954954.954954955,pedestrian,-32.56218545808298,-15.178680974336825,1.1230294060697346,0.1011767457246503,-0.0155349738943128,0.0857756282084718
P36,9541,955055.0550550552,pedestrian,-32.469635133491074,-15.165866726191542,1.120253769091442,0.1114543644380167,-0.0202688409808171,0.092335757972442
P36,9542,955155.1551551552,pedestrian,-32.357318196936575,-15.143815982004686,1.126561950193098,0.1175283681608733,0.0120655835663594,0.0800458875840162
P36,9543,955255.2552552554,pedestrian,-32.23110291062039,-15.127070871412156,1.1442165457281868,0.1151974654902754,0.0758528576619823,0.0399297101644913
P36,9544,955355.3553553554,pedestrian,-32.079094835992365,-15.128716392394798,1.1716223861098642,0.101025658757729,0.1526954406990905,-0.0305360585790307
P36,9545,955455.4554554556,pedestrian,-31.941739793339885,-15.149159986498692,1.1981259646028308,0.0771098489923985,0.1962062573042871,-0.1114362090544887
P36,9546,955555.5555555556,pedestrian,-31.821217949783343,-15.170018893906231,1.218564959583346,0.0518856401739113,0.1993040489878932,-0.1660031195261312
P36,9547,955655.6556556558,pedestrian,-31.696375184798917,-15.187247047873676,1.234660198491197,0.0340308826632748,0.1843523633348231,-0.1708039148571403
P36,9548,955755.7557557558,pedestrian,-31.573602080398352,-15.18030594834906,1.2472461897298608,0.0316908898091811,0.1615950817992474,-0.1135684455034378
P36,9549,955855.855855856,pedestrian,-31.442558327480388,-15.142266586998126,1.2584714654763045,0.045170612898637,0.1423954231806604,-0.0171982322932896
P36,9550,955955.955955956,pedestrian,-31.287074795994545,-15.103346260880038,1.267730470517742,0.0635127009138818,0.1230236313945988,0.0606165373751092
P36,9551,956056.0560560562,pedestrian,-31.184534892954037,-15.088384815329489,1.2642308950571843,0.0747438447737856,0.0616896522351369,0.0806423480388515
P36,9552,956156.1561561562,pedestrian,-31.07457277566448,-15.09441515143382,1.2560956625053927,0.0751109101239029,0.0061883209415529,0.050758348635912
P36,9553,956256.2562562564,pedestrian,-30.959071788483005,-15.112657339027129,1.2491069339289458,0.0685707752161936,-0.0233192349502635,0.0056872807635288
P36,9554,956356.3563563564,pedestrian,-30.837991185988635,-15.118134445045724,1.2472889854248792,0.0642636799433215,-0.0213167818124859,-0.013225314315027
P36,9555,956456.4564564566,pedestrian,-30.69422343490545,-15.10113165524253,1.2530927384048034,0.067542201783745,0.0094682603760231,0.0046245394509155
P36,9556,956556.5565565566,pedestrian,-30.55916208764365,-15.07399294747576,1.260588783539652,0.0758208059222584,0.0348650679004287,0.0349368914640913
P36,9557,956656.6566566568,pedestrian,-30.42300968692148,-15.067104154104612,1.266810093783305,0.0823981747341099,0.0454581907052539,0.0468830674626631
P36,9558,956756.7567567568,pedestrian,-30.306110060624743,-15.071703815274288,1.2681078486188484,0.088012495972718,0.0328432541542413,0.0504563196261321
P36,9559,956856.856856857,pedestrian,-30.182646983436555,-15.058978230768073,1.2680212688793,0.0986615743648497,0.0197567890028898,0.072169130921242
P36,9560,956956.956956957,pedestrian,-30.068205922126875,-15.015038349647018,1.2679697857360068,0.1151050552727895,0.0118869760464412,0.1079254222829092
P36,9561,957057.0570570572,pedestrian,-29.942001815684048,-14.975287067477858,1.2733392267942316,0.1263342816876472,0.0280969515318387,0.109577158020479
P36,9562,957157.1571571572,pedestrian,-29.81591485737085,-14.967711583711328,1.2861586803956155,0.1212320444705223,0.0669078785315766,0.0472477147752192
P36,9563,957257.2572572574,pedestrian,-29.678467598436573,-14.98688147780548,1.3099102513682928,0.0988363721944437,0.1330504235654798,-0.0579545242675754
P36,9564,957357.3573573574,pedestrian,-29.525146693976957,-15.01737546676252,1.3458424465641872,0.0670136616531326,0.2207558917694981,-0.1588761109843403
P36,9565,957457.4574574576,pedestrian,-29.341660293364708,-15.03855220258575,1.3913827917668793,0.0375098460905339,0.3116758694275186,-0.2116235016855404
P36,9566,957557.5575575576,pedestrian,-29.16199902695842,-15.028896779521212,1.433817095640065,0.0187691368977594,0.3552516893682471,-0.2021492540717676
P36,9567,957657.6576576576,pedestrian,-29.0107174187653,-15.01305336800312,1.461650819391932,0.0074044654555422,0.325283279003466,-0.1677459598091086
P36,9568,957757.7577577578,pedestrian,-28.8704793797828,-15.02317581961911,1.4736785080066883,-0.0034203175420487,0.2456473403574611,-0.1446050886563498
P36,9569,957857.857857858,pedestrian,-28.7347491108282,-15.04577303781994,1.4726881926713442,-0.0113537416385482,0.1464393006768465,-0.1192343112462659
P36,9570,957957.957957958,pedestrian,-28.59930419339652,-15.04831808287866,1.4627512588353913,-0.0083407632997601,0.0510480560805692,-0.0612586687924081
P36,9571,958058.058058058,pedestrian,-28.46722781890421,-15.024433817829674,1.44735497427757,0.0078434401311402,-0.0284831654382588,0.0252924631702277
P36,9572,958158.1581581582,pedestrian,-28.34386153493342,-15.001601305750793,1.4304956578866237,0.0305551548949482,-0.0828123522826181,0.103558305064965
P36,9573,958258.2582582583,pedestrian,-28.214979516054196,-14.9835544402976,1.4192462134112225,0.054057185340548,-0.094292101343114,0.1545043067158401
P36,9574,958358.3583583584,pedestrian,-28.06049834005736,-14.980984704512784,1.4192168007478831,0.0750243342466224,-0.0577993313910253,0.1758403571094197
P36,9575,958458.4584584584,pedestrian,-27.9015254566892,-14.962931309993724,1.4268968370402395,0.0970739838175352,-0.005573762951968,0.193091522317549
P36,9576,958558.5585585586,pedestrian,-27.7345854265084,-14.927982263045225,1.4370479829260496,0.1193076230816878,0.0359603203752776,0.2043588857200211
P36,9577,958658.6586586589,pedestrian,-27.59039631345884,-14.90385236645206,1.4409129551184172,0.1346602900939369,0.0369894167384457,0.184564787526061
P36,9578,958758.7587587588,pedestrian,-27.465859301962265,-14.894870173549185,1.4375736451021133,0.1394981357235881,0.0096779095905763,0.1316746441053551
P36,9579,958858.8588588588,pedestrian,-27.326428182608264,-14.903445456055442,1.433709696947932,0.1353418080596906,-0.0090652587611186,0.0644349501423851
P36,9580,958958.958958959,pedestrian,-27.173573497562504,-14.908688757552811,1.4308474230191808,0.1304101766527292,-0.0166469102476188,0.0202926581713968
P36,9581,959059.0590590592,pedestrian,-27.02799122490933,-14.89456080067684,1.4250052626111245,0.13253769108222,-0.0328423396374552,0.0206658272900857
P36,9582,959159.1591591592,pedestrian,-26.90394982559581,-14.864608191183152,1.4139340342082058,0.1431827692956409,-0.0630306591042376,0.0539286307148528
P36,9583,959259.2592592592,pedestrian,-26.791254056275847,-14.831620429194649,1.4030787595144394,0.1582897895595706,-0.0806614698536026,0.0915830695751273
P36,9584,959359.3593593594,pedestrian,-26.655985981016684,-14.81085061540928,1.4031203658845832,0.1727231676406768,-0.0491850540257771,0.1120063438997213
P36,9585,959459.4594594596,pedestrian,-26.488471699995248,-14.793374750894982,1.4179431634849011,0.1862112289850085,0.0273986866119633,0.1208344138136844
P36,9586,959559.5595595596,pedestrian,-26.308264703600443,-14.76932736496059,1.4402781362381831,0.2005007162253157,0.1033856776107384,0.1293434280810249
P36,9587,959659.6596596596,pedestrian,-26.146749845300665,-14.726524472450407,1.457823234957843,0.2156854860705634,0.131295341312051,0.1380212668175809
P36,9588,959759.7597597598,pedestrian,-26.029073578178807,-14.700677057452875,1.4645608046516747,0.2247934322604424,0.1064537816507449,0.1197617791574931
P36,9589,959859.85985986,pedestrian,-25.88014934429758,-14.678460161930062,1.4715534280234868,0.2266122529161507,0.0922456135417723,0.0803210021937267
P36,9590,959959.95995996,pedestrian,-25.672524837860067,-14.668041302191844,1.4793594376091113,0.2208216415437053,0.0867080917436239,0.0266798314543796
P36,9591,960060.06006006,pedestrian,-25.55008133163149,-14.656876832405976,1.4643954572163602,0.2110874736770087,-0.0049907099593022,-0.0214310138459088
P36,9592,960160.1601601602,pedestrian,-25.447977203952934,-14.63561845832758,1.4318799253894954,0.200559862785191,-0.1291613752714552,-0.0539411652251649
P36,9593,960260.2602602604,pedestrian,-25.35540398961353,-14.613597224890423,1.3938693784933498,0.1879899595183388,-0.2264373580487925,-0.0817507863526603
P36,9594,960360.3603603604,pedestrian,-25.24227225932381,-14.610763685018462,1.366205230041751,0.1706523573032314,-0.2458206110205096,-0.1172549687362171
P36,9595,960460.4604604604,pedestrian,-25.098964661872174,-14.607132248675342,1.35805195640229,0.1520838175625851,-0.1820077871857058,-0.1437494962155453
P36,9596,960560.5605605606,pedestrian,-24.92215877014788,-14.603501781376536,1.3682340550097871,0.1351437621331351,-0.0718570096582395,-0.1536421918742693
P36,9597,960660.6606606608,pedestrian,-24.75185416637092,-14.593447289361867,1.3829974672889254,0.1224506269231705,0.013298301434345,-0.1432230147992208
P36,9598,960760.7607607607,pedestrian,-24.615390255186185,-14.583900344366311,1.3899925135902609,0.1140655062222937,0.0352651061340198,-0.1201406568685584
P36,9599,960860.8608608608,pedestrian,-24.480889876590687,-14.587660064070754,1.3889922224992368,0.1101759446121173,0.0176946729898576,-0.0885839481340153
P36,9600,960960.960960961,pedestrian,-24.369474820212435,-14.562225929706926,1.3803859533087548,0.1167697458071982,-0.0225534403929992,-0.028619779102022
P36,9601,961061.0610610612,pedestrian,-24.2300958720796,-14.535409116759146,1.3734880843821535,0.1299166960670576,-0.0405502474043792,0.0334803394942237
P36,9602,961161.1611611611,pedestrian,-24.097856359726023,-14.511874630458156,1.367433934039355,0.1455504940629514,-0.0482879109695605,0.0811164338588077
P36,9603,961261.2612612612,pedestrian,-23.979916011282352,-14.490484521294892,1.363770990692448,0.1613552616809134,-0.0437475417458592,0.1109219458680761
P36,9604,961361.3613613612,pedestrian,-23.84742911377409,-14.462346088559546,1.3702276276951753,0.176473945065083,-0.0017221033185258,0.1264952121179973
P36,9605,961461.4614614616,pedestrian,-23.68384058408477,-14.44185076785204,1.3908611071544736,0.1879055319381323,0.0789713272960303,0.121722468059402
P36,9606,961561.5615615617,pedestrian,-23.49157036125456,-14.424868961351509,1.4194022320015838,0.1956476398233603,0.1590063023914904,0.1044933665603918
P36,9607,961661.6616616616,pedestrian,-23.33155577697296,-14.404343336836126,1.4384063580034423,0.2013076586804877,0.1709811658768407,0.0858779149573657
P36,9608,961761.7617617616,pedestrian,-23.20567134246778,-14.386619863114998,1.441152986330664,0.2053798750111384,0.1152539915235979,0.0683313734948127
P36,9609,961861.861861862,pedestrian,-23.08667982422606,-14.372979489885156,1.4332857161274957,0.2095878862201591,0.0399967413823414,0.0581235592965472
P36,9610,961961.961961962,pedestrian,-22.958153553348502,-14.349891525354025,1.4233680516072094,0.2177710417544719,-0.0139957758462759,0.0672959004077401
P36,9611,962062.062062062,pedestrian,-22.82985482224021,-14.296429302427736,1.416741363558933,0.2310790420028635,-0.0342631611736798,0.092783472416377
P36,9612,962162.162162162,pedestrian,-22.6963394161784,-14.238128280527686,1.4194068761841736,0.2390662129533319,-0.0106233180464341,0.0877397547032547
P36,9613,962262.2622622624,pedestrian,-22.508286151452875,-14.2369888719889,1.4368032975689384,0.2273074121763828,0.0609712122008425,0.0080713971762367
P36,9614,962362.3623623624,pedestrian,-22.374644430461625,-14.241490334242444,1.4542945517883368,0.2007646166068464,0.1051385330643453,-0.0980056922052448
P36,9615,962462.4624624624,pedestrian,-22.21401106350785,-14.254178214281742,1.4780636479763087,0.1655033611959889,0.1565068332419016,-0.1967143380739444
P36,9616,962562.5625625624,pedestrian,-22.037030176444077,-14.255898272448617,1.5060061363881394,0.1296357643069194,0.2041185948304731,-0.2594531472865412
P36,9617,962662.6626626628,pedestrian,-21.854393660408885,-14.263908632886222,1.530494731784222,0.0961219728071188,0.2198505578742771,-0.2887059914099101
P36,9618,962762.7627627628,pedestrian,-21.71229248962657,-14.26549098976516,1.5411557839845775,0.0693513219912043,0.1758462039339924,-0.2804494705930142
P36,9619,962862.8628628628,pedestrian,-21.570929971675767,-14.264815617479858,1.5422983156322567,0.0508852730413545,0.1120089584504182,-0.2431898054189066
P36,9620,962962.9629629628,pedestrian,-21.41265888719996,-14.26617768921536,1.538805538270488,0.0413001142756511,0.0549775490848218,-0.1859517557986805
P36,9621,963063.0630630632,pedestrian,-21.26355495813144,-14.24358994204109,1.5287155829231982,0.0424037390637091,-0.0054991512907821,-0.1094797606511429
P36,9622,963163.1631631632,pedestrian,-21.123465822173856,-14.21855139763159,1.5122981929639574,0.0473484448520688,-0.0670374114974156,-0.0477990995105745
P36,9623,963263.2632632632,pedestrian,-21.00181300005237,-14.210139127654692,1.4922014426785244,0.0477561313537439,-0.1189548160742474,-0.0276609747677027
P36,9624,963363.3633633632,pedestrian,-20.85509367811797,-14.217780985794118,1.4778472388888726,0.0407102063261706,-0.1284445395999685,-0.0442491139808122
P36,9625,963463.4634634636,pedestrian,-20.69703651844974,-14.222049995389332,1.4694510433412942,0.0289478143893373,-0.1111425537891991,-0.0726896108511196
P36,9626,963563.5635635636,pedestrian,-20.537142067030604,-14.228295596652568,1.4623351950844652,0.013593258744541,-0.0955919877942959,-0.1040205508323825
P36,9627,963663.6636636636,pedestrian,-20.39621472504661,-14.237203201203704,1.4499190221342613,-0.0041763263340905,-0.1066353614558531,-0.1325543865271037
P36,9628,963763.7637637636,pedestrian,-20.275523799780785,-14.25003093282276,1.4314969808451783,-0.0229147829671848,-0.1366845395476946,-0.1537682554719909
P36,9629,963863.863863864,pedestrian,-20.14303537945592,-14.269967394685388,1.4135631894764875,-0.0402843639036957,-0.1531741542193504,-0.1614372583976864
P36,9630,963963.963963964,pedestrian,-20.004270490134644,-14.296179137472963,1.3981364311471165,-0.0513195115345013,-0.1535387631069997,-0.1415614803883054
P36,9631,964064.064064064,pedestrian,-19.865799437548127,-14.292673681195051,1.3843706391496986,-0.0476251554794815,-0.1473199307696262,-0.072275148820471
P36,9632,964164.164164164,pedestrian,-19.74292361903553,-14.278657847016172,1.370839129814022,-0.0304718297733482,-0.1426067823459702,0.0223115329833855
P36,9633,964264.2642642644,pedestrian,-19.63424477300294,-14.261585223344062,1.3618052529307527,-0.0039799261893335,-0.1222797983647324,0.1163957354952924
P36,9634,964364.3643643644,pedestrian,-19.50502483555129,-14.239871638018942,1.3682338544648645,0.0278133052694805,-0.049874663355608,0.1945144697852885
P36,9635,964464.4644644645,pedestrian,-19.329013402271404,-14.21293249129896,1.3959687149089144,0.0603765653932452,0.0770549318755815,0.2452917939968696
P36,9636,964564.5645645644,pedestrian,-19.155643979168534,-14.182248454909995,1.435200092292907,0.0880557564436974,0.1992949680071877,0.2574135661929761
P36,9637,964664.6646646648,pedestrian,-18.9696510474824,-14.168573466919227,1.4782115981937831,0.103791705328165,0.2887388321912515,0.2185086697907737
P36,9638,964764.7647647648,pedestrian,-18.798978759926957,-14.165620753935878,1.513300260243344,0.1063744195067028,0.3127301263375939,0.143694258137067
P36,9639,964864.8648648649,pedestrian,-18.645076044231693,-14.17842399628656,1.534504134960786,0.0980803809989118,0.2735565834334055,0.0557405194568847
P36,9640,964964.9649649648,pedestrian,-18.486946782820624,-14.18769936828276,1.5421111843546007,0.0868675453982749,0.1968574000870376,-0.0093873648741662
P36,9641,965065.065065065,pedestrian,-18.34286022301944,-14.183943114112283,1.5341793163784736,0.0796487531279174,0.0896688772071359,-0.0337402811652016
P36,9642,965165.1651651652,pedestrian,-18.22446788675423,-14.1711418630811,1.5126225330928718,0.078716545805167,-0.0287489033725032,-0.0242568274354523
P36,9643,965265.2652652652,pedestrian,-18.119530065628062,-14.148919508748508,1.4881680915532407,0.0830835323167153,-0.112431847444326,0.0020972699451899
P36,9644,965365.3653653652,pedestrian,-17.978052309978565,-14.128666341307618,1.4773847362531087,0.0880745932700279,-0.1106047962821148,0.0206403755513752
P36,9645,965465.4654654654,pedestrian,-17.79707422672897,-14.119700852596234,1.484602234311406,0.0892599452223113,-0.0396725699059662,0.0172244692013167
P36,9646,965565.5655655656,pedestrian,-17.610748488789817,-14.10515740143449,1.4996160003582826,0.086006199463965,0.0339588088225094,-0.0020818774691089
P36,9647,965665.6656656656,pedestrian,-17.43799321898497,-14.107156930242628,1.5092601094940512,0.0748796335592762,0.058178745936876,-0.0444268938272914
P36,9648,965765.7657657656,pedestrian,-17.30780282853931,-14.124158473315854,1.503951962613709,0.0576641018938282,0.0150050111251053,-0.0939478220723749
P36,9649,965865.8658658658,pedestrian,-17.177954330370383,-14.13815583956193,1.48917752230883,0.0414876187909042,-0.0481215272912676,-0.1202134894139067
P36,9650,965965.965965966,pedestrian,-17.058738536295653,-14.132402357235948,1.470436091533786,0.0327398336706147,-0.1021261402368589,-0.1074706332060546
P36,9651,966066.066066066,pedestrian,-16.93952209544949,-14.115822565405749,1.457407365794727,0.030669348024708,-0.1130084962593273,-0.0737776817579994
P36,9652,966166.166166166,pedestrian,-16.799936667707552,-14.114283460910942,1.4611197150060111,0.0301136437669528,-0.0547374510277254,-0.0472903547647068
P36,9653,966266.2662662663,pedestrian,-16.594725958680858,-14.105272285193507,1.487232282305455,0.0313681200138693,0.0677881152911821,-0.0240655507106998
P36,9654,966366.3663663664,pedestrian,-16.384594114181645,-14.095569923095711,1.517700800243796,0.0320232892350069,0.1596399266379593,-0.012181620006931
P36,9655,966466.4664664664,pedestrian,-16.246078505203116,-14.093681575864286,1.53092212052983,0.0290523486116541,0.1489407727088242,-0.0189748652434038
P36,9656,966566.5665665668,pedestrian,-16.098722028021186,-14.100495564343309,1.5310949097352264,0.0218615633539795,0.091787923940513,-0.0394970220532087
P36,9657,966666.6666666667,pedestrian,-15.974397343379708,-14.104616310564673,1.5190829517958546,0.0128404983336702,0.0095661089029168,-0.0591504555884569
P36,9658,966766.7667667668,pedestrian,-15.84141316573488,-14.115974218684718,1.504102937442852,0.0031615871039385,-0.0522461929395593,-0.0737252637709106
P36,9659,966866.8668668668,pedestrian,-15.687616112741372,-14.130072596838511,1.492353490202157,-0.0033207345077776,-0.0775317942920465,-0.0702440724692534
P36,9660,966966.9669669672,pedestrian,-15.52886496053377,-14.142403511918024,1.4818176961865537,-0.0010309237537181,-0.0882937833065019,-0.0340925499504786
P36,9661,967067.0670670673,pedestrian,-15.392584898038644,-14.1261989657457,1.4673520975670065,0.0165585319871776,-0.1101190151090623,0.0473620599794109
P36,9662,967167.1671671672,pedestrian,-15.277090870890978,-14.098704493451503,1.4512084804270309,0.0471311891497081,-0.129979103482563,0.1475477335498686
P36,9663,967267.2672672672,pedestrian,-15.151634320073509,-14.066054778964736,1.4438874689080734,0.0856112714155354,-0.1079113644086538,0.2395066606701339
P36,9664,967367.3673673676,pedestrian,-14.992694650314451,-14.025632593733553,1.4539114258190553,0.1264140493693183,-0.0271402373799057,0.3047728877502603
P36,9665,967467.4674674676,pedestrian,-14.819765355711516,-13.993503889744895,1.4789750177962535,0.1620573486134657,0.0806029703145351,0.3246904150853589
P36,9666,967567.5675675676,pedestrian,-14.636502493756208,-13.966665718102004,1.512730428498284,0.1887206326347666,0.1802275756639915,0.3020473183449605
P36,9667,967667.6676676676,pedestrian,-14.43059021027396,-13.950724189073362,1.5457750172919311,0.2048936462706793,0.2384182582615742,0.2475094562475448
P36,9668,967767.767767768,pedestrian,-14.291979214693152,-13.942192105034168,1.5593819876561723,0.2133666035290359,0.1986308465854298,0.1842808357872838
P36,9669,967867.867867868,pedestrian,-14.13851148280288,-13.93614258752997,1.5591065813429248,0.2202356400360343,0.1204486335538605,0.1393786986471108
P36,9670,967967.967967968,pedestrian,-13.987637419035648,-13.907175590989413,1.54465836453247,0.233665642409769,0.0176511420336868,0.137354875257923
P36,9671,968068.068068068,pedestrian,-13.862637485857208,-13.863345451222566,1.5149565498409887,0.2544855149334984,-0.1043970094875511,0.1647776204163436
P36,9672,968168.1681681684,pedestrian,-13.767897776385636,-13.82004730312322,1.4767818555286572,0.2786341475341953,-0.2119238442488813,0.1944643441831043
P36,9673,968268.2682682684,pedestrian,-13.637414272375004,-13.777423271373472,1.4480829622380569,0.3027430164905769,-0.2409548043343263,0.2124716281151616
P36,9674,968368.3683683684,pedestrian,-13.48534228876332,-13.729833167543685,1.4340962474090626,0.3242402282050785,-0.2016554346499786,0.2133589300192241
P36,9675,968468.4684684684,pedestrian,-13.320267714999735,-13.684014602063204,1.43192545755174,0.3388667020794128,-0.1317863157806285,0.1872542950808281
P36,9676,968568.5685685688,pedestrian,-13.161696028618962,-13.652119328239758,1.4332972077394184,0.342520338405719,-0.0753029696402491,0.1287271733084543
P36,9677,968668.6686686688,pedestrian,-13.01731561775718,-13.638089448119496,1.4316116967467931,0.3355178307794514,-0.0526053240900163,0.0515931494395654
P36,9678,968768.7687687688,pedestrian,-12.876402896715124,-13.626356680199049,1.4250315132385944,0.3245061794234595,-0.0577030344468327,-0.01114433655113
P36,9679,968868.8688688688,pedestrian,-12.742993597991727,-13.60070570124159,1.4124963192763618,0.3172887169972228,-0.0839175756834724,-0.0348099893885059
P36,9680,968968.9689689692,pedestrian,-12.6169544666891,-13.558142023407518,1.395051521027041,0.3168887640701872,-0.1189962985163588,-0.0228469500577656
P36,9681,969069.0690690692,pedestrian,-12.50363046916777,-13.515647538808476,1.3759113677720982,0.3199758782949248,-0.1470317379922406,-0.0020040618267651
P36,9682,969169.1691691692,pedestrian,-12.39089873122797,-13.476383898039812,1.3631436289160437,0.3228738252232379,-0.13946826760334,0.0100133651532689
P36,9683,969269.2692692692,pedestrian,-12.26177536970464,-13.42885534956048,1.3663144106929093,0.3227340760844907,-0.0730252099173457,0.005583892467016
P36,9684,969369.3693693696,pedestrian,-12.08002243123379,-13.40820911350276,1.391062794820674,0.3126113104920455,0.0513093320546641,-0.0358440533273237
P36,9685,969469.4694694696,pedestrian,-11.901009850536871,-13.393451785817966,1.4247264772621249,0.2944062187192948,0.1619507923522508,-0.0925349902102895
P36,9686,969569.5695695695,pedestrian,-11.73360204831125,-13.37571589699314,1.455794008441244,0.2714776962065983,0.219569218079474,-0.1455362600465015
P36,9687,969669.6696696696,pedestrian,-11.593708113375158,-13.36624289716053,1.4772008994622374,0.245062159605021,0.217350736400775,-0.1914849784486782
P36,9688,969769.76976977,pedestrian,-11.44242273136021,-13.360135280762872,1.492829221934119,0.2184278644189772,0.1935819384135259,-0.2204435459246623
P36,9689,969869.86986987,pedestrian,-11.276567379598028,-13.35981527738522,1.503083161565823,0.1954550354277542,0.1581968559821601,-0.2239589575259358
P36,9690,969969.96996997,pedestrian,-11.13275351756528,-13.341951117127316,1.502397410242896,0.1822272176107405,0.0941207729848183,-0.1883145480207272
P36,9691,970070.07007007,pedestrian,-11.005909646247956,-13.315697221930495,1.4924298070483046,0.1786357074441481,0.018922103341375,-0.1291348562343098
P36,9692,970170.1701701704,pedestrian,-10.881232400768225,-13.293896592974097,1.4809717416662551,0.1815645919886142,-0.0328629358927971,-0.0676416932135008
P36,9693,970270.2702702704,pedestrian,-10.71732648981119,-13.27249029131542,1.4772624637085037,0.1899430653857683,-0.034490679638951,-0.008886225657805
P36,9694,970370.3703703705,pedestrian,-10.557365146104264,-13.229633010267502,1.4759046576430712,0.2037116167546278,-0.0263665417777027,0.0479635898315638
P36,9695,970470.4704704704,pedestrian,-10.408905876181906,-13.193717363808506,1.4719696792219654,0.2151277968339019,-0.0313917247154004,0.0736192751262568
P36,9696,970570.5705705706,pedestrian,-10.271306715010526,-13.169078138207992,1.4640468289924622,0.2185097172440369,-0.049932547578726,0.058154639336484
P36,9697,970670.6706706708,pedestrian,-10.134510629091524,-13.160233578364586,1.4544217225051157,0.2116841323207393,-0.067877330488789,0.0091050335196209
P36,9698,970770.7707707708,pedestrian,-9.986722543457793,-13.163356781129892,1.4455957046045615,0.197787275630766,-0.0757562600972768,-0.0483273485334466
P36,9699,970870.8708708708,pedestrian,-9.83165076247104,-13.155141056267237,1.4355431353769017,0.1843766874706383,-0.0853334229593749,-0.0815769223572516
P36,9700,970970.970970971,pedestrian,-9.68800969853971,-13.135233697325258,1.418215966507784,0.1749147021471967,-0.1194062604393525,-0.0866038206322277
P36,9701,971071.0710710712,pedestrian,-9.583555052547617,-13.121112261537018,1.3899182184110856,0.1682174370784345,-0.1827993458987702,-0.0789564480251358
P36,9702,971171.1711711712,pedestrian,-9.501753132550093,-13.109540598946468,1.360603335131915,0.1650344483317448,-0.2255263096643354,-0.060648235383036
P36,9703,971271.2712712712,pedestrian,-9.364180173332842,-13.092749400644124,1.3500750195604694,0.1674102494944696,-0.1788036637714387,-0.0278885814326806
P36,9704,971371.3713713714,pedestrian,-9.206028779461302,-13.060515751475355,1.3591430532137103,0.1761291435507796,-0.0742176051780836,0.0167538978687416
P36,9705,971471.4714714716,pedestrian,-9.041717297699524,-13.01844895251048,1.3817243843328513,0.1865882322160651,0.0421751623888561,0.0508140806088054
P36,9706,971571.5715715716,pedestrian,-8.887069231866764,-12.988209043001454,1.4101686630029706,0.189947741366197,0.136119834828087,0.0441161425079607
P36,9707,971671.6716716716,pedestrian,-8.733301812481926,-12.988436377857552,1.441574752136222,0.1805134660440311,0.20507962705013,-0.0096008659412039
P36,9708,971771.7717717718,pedestrian,-8.552077955440666,-13.001036820534544,1.474998398724272,0.1631142261509093,0.2550921820781297,-0.0733547308269378
P36,9709,971871.871871872,pedestrian,-8.356116447233944,-12.999920668172033,1.499892352787989,0.1473241011231498,0.2526069084131682,-0.1061167643056742
P36,9710,971971.971971972,pedestrian,-8.238351502848683,-12.992490778136704,1.4983728453427552,0.1379644951152679,0.1486445507651043,-0.1012195383867707
P36,9711,972072.072072072,pedestrian,-8.134249696390892,-12.971008590863171,1.4801561603048683,0.1378577857444424,0.020284989085175,-0.0623371301228577
P36,9712,972172.1721721722,pedestrian,-8.028128716155265,-12.944129092041798,1.4605301797289958,0.1449714285158533,-0.063707593079931,-0.0105465606176593
P36,9713,972272.2722722724,pedestrian,-7.883222059681921,-12.91481386526594,1.4553480057048536,0.1554729969437409,-0.0590730522787224,0.0342771808948786
P36,9714,972372.3723723724,pedestrian,-7.6664367339063135,-12.885151130851106,1.4673883372787724,0.1646764232841643,0.0105579743394756,0.0566643734034805
P36,9715,972472.4724724723,pedestrian,-7.525125938624924,-12.869754728377366,1.4712347185676138,0.167434398069339,0.0213768724745186,0.0453621970554791
P36,9716,972572.5725725726,pedestrian,-7.379329358438875,-12.861551439727332,1.4677953933689916,0.1634799900065315,-0.0002613049333304,0.012414545739184
P36,9717,972672.6726726728,pedestrian,-7.249145151806564,-12.853073121133896,1.4559833799338162,0.1549748617386545,-0.0459715575910466,-0.0253914090059892
P36,9718,972772.7727727728,pedestrian,-7.117344479640416,-12.842441086489064,1.4399930741414944,0.1436348528158159,-0.0901408894075441,-0.0595148272080523
P36,9719,972872.8728728727,pedestrian,-6.981601649618283,-12.84070143142117,1.4230547454091085,0.1297513180338057,-0.1208392561753029,-0.0902553829707934
P36,9720,972972.972972973,pedestrian,-6.850913495449936,-12.83677918165152,1.406345290232645,0.1164223538157059,-0.1387319912095717,-0.1069107451657333
P37,9883,989289.2892892892,pedestrian,-9.767131370230723,-13.91676292031808,-0.9290085148705858,0.8961862838251275,-0.278307795729367,-0.2732823811769679
P37,9884,989389.3893893892,pedestrian,-9.869011358090429,-13.827114477239483,-0.9564231828434656,0.8664881036942778,-0.2747595855851293,-0.2920043318411437
P37,9885,989489.4894894896,pedestrian,-9.989216118063608,-13.75545991516078,-0.9822737998539705,0.8285372880758142,-0.2632411722553371,-0.3527806549234099
P37,9886,989589.5895895896,pedestrian,-10.1138352601699,-13.696992472342064,-1.000547348468789,0.7751742035103995,-0.2159174434393785,-0.4585362492519125
P37,9887,989689.6896896895,pedestrian,-10.224166021926925,-13.651764697429869,-0.9979449555166744,0.7025795811898908,-0.0937089482253715,-0.5932571500010115
P37,9888,989789.7897897896,pedestrian,-10.288324141772213,-13.630716595133489,-0.9608519180170588,0.6119836060546546,0.1152442292778713,-0.7335873986266067
P37,9889,989889.88988989,pedestrian,-10.345425687970524,-13.620577653439176,-0.8935223289437771,0.5124524333915608,0.3467349156028058,-0.8418735156556616
P37,9890,989989.98998999,pedestrian,-10.391085360173156,-13.618670817273514,-0.8039402322130492,0.413909697905233,0.5636557304559973,-0.8982883409068104
P37,9891,990090.09009009,pedestrian,-10.410854954463812,-13.628204041830912,-0.69905517310973,0.3243499401769559,0.7507927555582242,-0.8969021042089661
P37,9892,990190.19019019,pedestrian,-10.415670215966166,-13.656493049634186,-0.5894014293982625,0.252635932559644,0.8830354213308367,-0.8276516332147186
P37,9893,990290.2902902904,pedestrian,-10.423940400457212,-13.653514980632483,-0.4861966358246122,0.214497608537049,0.9398644876898764,-0.6561243338483138
P37,9894,990390.3903903904,pedestrian,-10.44622718819447,-13.60610562482954,-0.3958625695017165,0.2160326074948652,0.9254393385213948,-0.3973311332354962
P37,9895,990490.4904904905,pedestrian,-10.462327243579104,-13.526087804168656,-0.3167384888580557,0.2495858070673141,0.8732285809761942,-0.1140072936503404
P37,9896,990590.5905905904,pedestrian,-10.459754137834162,-13.456417100611446,-0.2468676413327808,0.2973813019992607,0.8052947785569082,0.1153161208485709
P37,9897,990690.6906906908,pedestrian,-10.47179475477686,-13.38345516647467,-0.1895792640993639,0.3469520438150951,0.714849509239361,0.2627930942179415
P37,9898,990790.7907907908,pedestrian,-10.473606101767274,-13.331838706298411,-0.1415116000154029,0.3856567016300163,0.6237122299667703,0.3109016795435958
P37,9899,990890.8908908908,pedestrian,-10.470580071524347,-13.292098433458053,-0.1019182012317023,0.4093522799534123,0.5350872719544811,0.2820883744455913
P37,9900,990990.9909909908,pedestrian,-10.466407873115244,-13.259281783086289,-0.0713415875811382,0.4187710241361581,0.445909116004913,0.2090783829388525
P37,9901,991091.091091091,pedestrian,-10.464901562592823,-13.231511888900146,-0.050743697030422,0.4173239573613391,0.3526634170322121,0.1222791453467811
P37,9902,991191.1911911912,pedestrian,-10.472592182736236,-13.209893486414735,-0.0404684822004564,0.4101970601755711,0.2555930517478968,0.047159884971593
P37,9903,991291.2912912914,pedestrian,-10.497988683457688,-13.17899482245471,-0.037858839069522,0.4050356968193004,0.1664844689362579,0.00883265898656
P37,9904,991391.3913913916,pedestrian,-10.511567323417434,-13.137369003936533,-0.0332943008984752,0.4065145457944837,0.1195542155237091,0.0111391092182054
P37,9905,991491.4914914916,pedestrian,-10.507529367891433,-13.090405727442926,-0.0204610885509023,0.4158457832347424,0.1229121592267813,0.043004239503226
P37,9906,991591.5915915916,pedestrian,-10.493672255332028,-13.025123265116116,0.0014419003989384,0.4329866194894461,0.1601421401238212,0.0927869946285371
P37,9907,991691.6916916918,pedestrian,-10.474524435277354,-12.953026211006124,0.0305796678244972,0.4515226763598167,0.2109778427429635,0.1286543435380893
P37,9908,991791.791791792,pedestrian,-10.452238122750312,-12.88449520854608,0.0643123183671684,0.4620304278137717,0.2598987565435464,0.1194604047838789
P37,9909,991891.891891892,pedestrian,-10.427190405829224,-12.83517306656765,0.1001248152720941,0.454934131408292,0.2978938457839259,0.0455603539055189
P37,9910,991991.991991992,pedestrian,-10.381417813149431,-12.774577175007266,0.1357879023144914,0.425518053446151,0.3205587603306475,-0.0862147650244417
P37,9911,992092.092092092,pedestrian,-10.34785862466788,-12.73326027293876,0.1617400258913323,0.36061389757658,0.2967615069021564,-0.3044681288646521
P37,9912,992192.1921921924,pedestrian,-10.332683444491956,-12.769840677866044,0.1723144201608192,0.247005718962296,0.2225620150616625,-0.6268830906132135
P37,9913,992292.2922922923,pedestrian,-10.32740248866751,-12.847697558288502,0.167922007688225,0.0926097382538255,0.1191216090350456,-0.9823188080516962
P37,9914,992392.3923923924,pedestrian,-10.32729820069004,-12.946660890772852,0.1518103091614941,-0.0864336366001279,0.0103876330895423,-1.2953567229883562
P37,9915,992492.4924924924,pedestrian,-10.329790218681705,-13.05582947171485,0.1281032886482614,-0.2730649231789832,-0.0855904265446553,-1.516293410762751
P37,9916,992592.5925925928,pedestrian,-10.33349721893692,-13.169465206005569,0.100710415537992,-0.4529635650108141,-0.1586023036883805,-1.6253443656365854
P37,9917,992692.6926926929,pedestrian,-10.337702099126512,-13.28466333154689,0.0728052019727502,-0.6159378293238106,-0.2052559768399731,-1.626419188652602
P37,9918,992792.7927927928,pedestrian,-10.342049562968388,-13.400042721967546,0.0466583159066068,-0.7559988895640994,-0.2269778880920908,-1.5382101949543283
P37,9919,992892.8928928928,pedestrian,-10.34637687907538,-13.515018468348774,0.0236749050672164,-0.8707566293524287,-0.2279975250087192,-1.3861100453190445
P37,9920,992992.9929929932,pedestrian,-10.350620435203052,-13.629404256398308,0.0045344906651673,-0.9605454521981788,-0.2137166377040009,-1.1962200306895032
P37,9921,993093.0930930933,pedestrian,-10.354765063325326,-13.743199696280628,-0.010632042679559,-1.0275249298161135,-0.1895676967196379,-0.9915869187620934
P37,9922,993193.1931931932,pedestrian,-10.358817237143796,-13.856480052398611,-0.0220676604484321,-1.074887063956704,-0.1603240748322407,-0.7903142504215922
P37,9923,993293.2932932932,pedestrian,-10.362791404333946,-13.969341701284394,-0.0302375906409752,-1.1062268782867606,-0.1297680101131117,-0.6050403429586648
P37,9924,993393.3933933936,pedestrian,-10.36670340706321,-14.08187719242783,-0.0357096994615678,-1.125085940272235,-0.1006114414010815,-0.4432896390107245
P37,9925,993493.4934934936,pedestrian,-10.370567624454102,-14.194165453315206,-0.0390679219407184,-1.1346511128486687,-0.0745757779469197,-0.308289695276028
P37,9926,993593.5935935936,pedestrian,-10.374395989307954,-14.306269200691023,-0.0408554704555042,-1.1375768610240466,-0.0525561908390265,-0.1999501886396662
P37,9927,993693.6936936936,pedestrian,-10.378197881100434,-14.418235109175416,-0.0415424679397893,-1.135893662315334,-0.0348168505734361,-0.1157957895950233
P37,9928,993793.793793794,pedestrian,-10.3819803602707,-14.530093839525994,-0.0415120800029757,-1.1309634569405762,-0.0211821140522233,-0.051719306875305
P37,9929,993893.893893894,pedestrian,-10.385748440607877,-14.641856956744505,-0.041059560799905,-1.1234424145927473,-0.0112035720877465,-0.0024708167652569
P37,9930,993993.993993994,pedestrian,-10.389505168315477,-14.753505479520047,-0.0403994650692988,-1.1132089966786942,-0.0042939160263361,0.0381776993711218
P37,9931,994094.094094094,pedestrian,-10.393251184524148,-14.86495805543129,-0.0396773535885013,-1.0992093812054604,0.000173739154189,0.0776521350886131
P37,9932,994194.1941941944,pedestrian,-10.396983081766296,-14.975989594105428,-0.0389835313376959,-1.079162062827014,0.002797208107016,0.1252568889719303
P37,9933,994294.2942942944,pedestrian,-10.400688893822457,-15.08602871656585,-0.0383678211508623,-1.0490517124722998,0.0040992229409724,0.1934085903899857
P37,9934,994394.3943943944,pedestrian,-10.404336637598432,-15.193657827903191,-0.0378565981064797,-1.0023425614660468,0.0044905162144226,0.2994786541024507
P37,9935,994494.4944944944,pedestrian,-10.407845860230784,-15.29538252196949,-0.0374776736412258,-0.928896237238762,0.0042167917923281,0.4680667579773968
P37,9936,994594.5945945948,pedestrian,-10.411017473599928,-15.38260490460603,-0.037308601186742,-0.8138084345318606,0.0032354451004149,0.7327064810759565
P37,9937,994694.6946946948,pedestrian,-10.413361087888337,-15.434181261423324,-0.0375881869071908,-0.6371046966758888,0.0008950094554369,1.1335767936273151
P37,9938,994794.7947947948,pedestrian,-10.413670372965612,-15.3981233660134,-0.0389906726146534,-0.377291631911444,-0.0048918572374188,1.7011490963257798
P37,9939,994894.8948948948,pedestrian,-10.411734572258776,-15.228954099761609,-0.0433095713794629,-0.027267347645401,-0.0197431124934299,2.3982489627553023
P37,9940,994994.9949949952,pedestrian,-10.403919259738734,-14.979275175239753,-0.054012330329045,0.3889809550743475,-0.053587848633977,3.0815582206269148
P37,9941,995095.0950950952,pedestrian,-10.428111015715135,-14.696965350270222,-0.0786028188308808,0.8344276355571101,-0.1281552603854015,3.612830571855449
P37,9942,995195.1951951951,pedestrian,-10.45191852421745,-14.406403892394032,-0.1147278503140366,1.2758155444696062,-0.2185090645498297,3.922106529241232
P37,9943,995295.2952952952,pedestrian,-10.50269957309591,-14.103059573097957,-0.1622575330630902,1.691939140261571,-0.3180167680161749,4.013327785857468
P37,9944,995395.3953953956,pedestrian,-10.553858649056712,-13.79935422812811,-0.2129667402908558,2.070659970006705,-0.3912242480355586,3.924071544257413
P37,9945,995495.4954954956,pedestrian,-10.602167051419809,-13.453852468628972,-0.2597454218811097,2.4122041466909665,-0.4207663808197779,3.725281198222577
P37,9946,995595.5955955955,pedestrian,-10.647517327439669,-13.033215222162516,-0.2975356100404857,2.711508693976933,-0.4039784653046245,3.4398447244619152
P37,9947,995695.6956956956,pedestrian,-10.678327993095827,-12.742220504275776,-0.3228894936291122,2.9402381211345907,-0.3454751418867728,2.991504252231111
P37,9948,995795.795795796,pedestrian,-10.712875348328904,-12.409587111320814,-0.3381120218354102,3.1223409755137927,-0.2703910165364781,2.5363857094336666
P37,9949,995895.895895896,pedestrian,-10.740446275147557,-12.04339386568209,-0.3442111229019851,3.2716895546135563,-0.1890723702704239,2.1309228353644274
P37,9950,995995.995995996,pedestrian,-10.765098113451716,-11.657318896699998,-0.3445958023365764,3.3923144643744743,-0.1171611021660844,1.771470200951828
P37,9951,996096.096096096,pedestrian,-10.779228855540774,-11.241354446754288,-0.3437500363390134,3.4813126575442856,-0.0683956514635572,1.4289061630195723
P37,9952,996196.1961961964,pedestrian,-10.803692398857589,-10.9561835639082,-0.3508415711231558,3.5221006919383857,-0.0693463370867923,1.0323568916790975
P37,9953,996296.2962962964,pedestrian,-10.860214131282245,-10.629578139731164,-0.3729303328026719,3.54595811377576,-0.128093166427545,0.7240955260002423
P37,9954,996396.3963963964,pedestrian,-10.925557093032324,-10.284748804606089,-0.4067536010401009,3.570746162496872,-0.2095439214318285,0.5391192288929441
P37,9955,996496.4964964964,pedestrian,-11.00021820402766,-9.894658638030036,-0.4470036388409629,3.609093000373474,-0.2842987793022143,0.4785423208248798
P37,9956,996596.5965965966,pedestrian,-11.082766143404152,-9.436463439298745,-0.4859320432522541,3.658052010321166,-0.3249058788932905,0.4826413063777959
P37,9957,996696.6966966968,pedestrian,-11.133498297425223,-9.118626621106404,-0.5130029094233185,3.687521607543359,-0.3037598991618422,0.409561235858676
P37,9958,996796.7967967968,pedestrian,-11.179717609631863,-8.749032277477202,-0.5296614058626071,3.719850449766189,-0.2504400609718116,0.3759421951032148
P37,9959,996896.8968968968,pedestrian,-11.226520643719272,-8.359483855482967,-0.5396793250057441,3.761563296790116,-0.192065675687359,0.391769923728816
P37,9960,996996.996996997,pedestrian,-11.284050940019124,-7.96062764376439,-0.5471304458061559,3.814107271132869,-0.1463987999085209,0.4434603142888639
P37,9961,997097.0970970972,pedestrian,-11.346309466497784,-7.544062282663613,-0.552226007472732,3.8781032434632263,-0.1093252911693827,0.519498457484614
P37,9962,997197.1971971972,pedestrian,-11.407137480536305,-7.13383894614281,-0.552982053597881,3.950466772889507,-0.0698143887287794,0.5984691795932409
P37,9963,997297.2972972972,pedestrian,-11.4580840190919,-6.704377455805938,-0.5471219541650436,4.034069132882356,-0.0199826782346003,0.6903699146006557
P37,9964,997397.3973973974,pedestrian,-11.500564094358316,-6.259066149490185,-0.5351559087931166,4.1289823681138245,0.0341842549589675,0.7904602860470513
P37,9965,997497.4974974976,pedestrian,-11.54720547509896,-5.769018865419131,-0.5200827362023015,4.233860136299641,0.0793727406643956,0.8903391946003946
P37,9966,997597.5975975976,pedestrian,-11.593004923145935,-5.223669135376845,-0.5026159870095903,4.334003626150254,0.1163010307046368,0.933080884225736
P37,9967,997697.6976976976,pedestrian,-11.621646478174762,-4.849744517589758,-0.482770134932672,4.393243091977074,0.1481198303553932,0.8005869314554316
P37,9968,997797.7977977978,pedestrian,-11.65023634592724,-4.421969701899241,-0.4664877956601026,4.440253885346547,0.1537649539200155,0.6721031867071525
P37,9969,997897.897897898,pedestrian,-11.690766388530404,-3.9736007060605214,-0.4602288405531938,4.487950696944339,0.1183438008622746,0.5961610952005303
P37,9970,997997.997997998,pedestrian,-11.74053678921269,-3.5115613761924136,-0.4669664377619266,4.544425510455624,0.046268322262275,0.5837464500776455
P37,9971,998098.098098098,pedestrian,-11.807742247765535,-3.025323213898367,-0.4875497678736633,4.615892138014002,-0.0515247034288154,0.6342957525402884
P37,9972,998198.1981981982,pedestrian,-11.880142332696998,-2.494967974881624,-0.5177392295635082,4.703282361051936,-0.1486081369572683,0.726978448398449
P37,9973,998298.2982982984,pedestrian,-11.958274934280768,-1.890708642298559,-0.5526518131615384,4.79400506558529,-0.226319203164958,0.7966038089002606
P37,9974,998398.3983983984,pedestrian,-12.01654571727642,-1.4802728517955248,-0.5864020113504539,4.846548516711243,-0.2693524551014724,0.6911242774115032
P37,9975,998498.4984984983,pedestrian,-12.091426362469925,-1.0182182472106291,-0.6221258851677927,4.892465446390926,-0.3033336902724844,0.6008945719996709
P37,9976,998598.5985985986,pedestrian,-12.16860231836483,-0.5162194313875729,-0.6586584446093231,4.949513536226335,-0.327258860190407,0.5888656523405257
P37,9977,998698.6986986988,pedestrian,-12.248457454665848,0.0426917208198433,-0.6954678054437985,5.0247361503140135,-0.3429691528730121,0.6519947501990431
P37,9978,998798.7987987988,pedestrian,-12.351388888257466,0.6807799255549152,-0.7325402277291079,5.1067044169186495,-0.3536005255820816,0.7167776884507522
P37,9979,998898.8988988989,pedestrian,-12.422914111668955,1.122849709269219,-0.761921488906864,5.152633505303172,-0.3302751106826795,0.6166357641444927
P37,9980,998998.998998999,pedestrian,-12.505772803577727,1.6367691674157747,-0.7880341853138738,5.193199538934634,-0.3033284798081997,0.5345716844740795
P37,9981,999099.0990990992,pedestrian,-12.595924820478444,2.1749197597057206,-0.8123175417909657,5.236515527592189,-0.2797483786576095,0.4950326093268462
P37,9982,999199.1991991992,pedestrian,-12.689161997125844,2.7209071744344997,-0.8341994302664695,5.283584440573182,-0.2560088849506531,0.4853990516115067
P37,9983,999299.2992992993,pedestrian,-12.7841898068968,3.2609026972486936,-0.8523144845134203,5.334127613192942,-0.2268764446394544,0.4929800761378762
P37,9984,999399.3993993994,pedestrian,-12.872162993456149,3.816049938779315,-0.8646587293054603,5.392464674172589,-0.186672536087419,0.5278457410246818
P37,9985,999499.4994994996,pedestrian,-12.955254675233729,4.397499055177082,-0.8717771621625294,5.460343056047522,-0.1418091321692698,0.5861806222256872
P37,9986,999599.5995995996,pedestrian,-13.0408664951468,4.97530053654488,-0.8761280764611415,5.532413684118019,-0.1036294219988004,0.6381274654971512
P37,9987,999699.6996996996,pedestrian,-13.143517581105536,5.568549988650528,-0.8793541034478674,5.607335796233341,-0.0759093868399176,0.6809662764116888
P37,9988,999799.7997997998,pedestrian,-13.240057833777286,6.160150168555204,-0.8761139290039486,5.680708457298679,-0.033872540666818,0.7011644677951031
P37,9989,999899.8998999,pedestrian,-13.321166019224911,6.761349519902849,-0.8618172056077584,5.751220424658351,0.0347261263442605,0.7024262425794963
P37,9990,1000000.0,pedestrian,-13.389359158438204,7.366212755769393,-0.8359237787276228,5.816276001268771,0.121669503456796,0.6820361016656499
P37,9991,1000100.1001001,pedestrian,-13.451384132374924,7.971006280134252,-0.8010567002262476,5.87369942998982,0.2096624174362776,0.639961473440791
P37,9992,1000200.2002002002,pedestrian,-13.498449172396883,8.56996419607418,-0.7604524664700636,5.922799298316304,0.2857449849906234,0.5819393119390676
P37,9993,1000300.3003003004,pedestrian,-13.54923903977442,9.156687908383146,-0.7216390737387847,5.966543436327412,0.3253445657250233,0.5256713263912793
P37,9994,1000400.4004004004,pedestrian,-13.60173746029471,9.771600135133864,-0.6900478484196445,6.0147902563729065,0.3215600308714548,0.5087113508854666
P37,9995,1000500.5005005004,pedestrian,-13.66101873555415,10.40902540265059,-0.6702102914617601,6.069516758280457,0.2736593457058059,0.5234665048345094
P37,9996,1000600.6006006006,pedestrian,-13.733352831454864,11.049615902426527,-0.6644754937015381,6.126125199537587,0.189658928692565,0.5397922045908281
P37,9997,1000700.7007007007,pedestrian,-13.815171926260216,11.685929233223668,-0.6709669966707402,6.180241274182117,0.0908513646294216,0.5401134171919889
P37,9998,1000800.8008008008,pedestrian,-13.890894408339614,12.309540883356515,-0.6848871754502792,6.230614986354941,0.001592306848516,0.5257955519629002
P37,9999,1000900.9009009008,pedestrian,-13.972859623040597,12.950795804396934,-0.7046313190405932,6.282987647245823,-0.0756015339728454,0.5247890047280992
P37,10000,1001001.001001001,pedestrian,-14.05686550322638,13.602019900521004,-0.7274455167448273,6.339148090857598,-0.1347334502671192,0.5388637593302414
P37,10001,1001101.1011011011,pedestrian,-14.143413841644218,14.275212551361475,-0.7508470269548417,6.399600310470984,-0.1731865267573993,0.5641195174377245
P37,10002,1001201.2012012012,pedestrian,-14.237878299670788,14.946642044034013,-0.7722507806462319,6.45859876541074,-0.1889629417032648,0.5739320012429554
P37,10003,1001301.3013013012,pedestrian,-14.329560861655168,15.602390513784409,-0.786345438998214,6.512489119496849,-0.1702669224453755,0.5601237508836507
P37,10004,1001401.4014014014,pedestrian,-14.403845802475695,16.28761033150587,-0.78825477392895,6.565496722737323,-0.1115696797741498,0.5482525916106415
P37,10005,1001501.5015015017,pedestrian,-14.486276589978644,16.946318743151068,-0.7787453639014024,6.612544777853502,-0.031373909905497,0.5178766458121634
P37,10006,1001601.6016016016,pedestrian,-14.553689593727189,17.617385269915488,-0.7540225743422352,6.660137016489827,0.0766911607736833,0.5014040566474095
P37,10007,1001701.7017017016,pedestrian,-14.60148581656731,18.30918011271073,-0.7134252207618618,6.712806864215395,0.2043702234943997,0.5110195825198883
P37,10008,1001801.8018018018,pedestrian,-14.6389928134435,19.01188883781137,-0.661111065481641,6.769689639205252,0.3279231149165488,0.5332415029780031
P37,10009,1001901.901901902,pedestrian,-14.67131936783784,19.72012480069917,-0.6027287097093847,6.827791463474069,0.4270442026398771,0.5515642085720122
P37,10010,1002002.002002002,pedestrian,-14.701205446355829,20.43099069896621,-0.5436095413850145,6.883812998452211,0.4905413510414591,0.5547053334006898
P37,10011,1002102.102102102,pedestrian,-14.730077372171538,21.14297200282812,-0.4879335439279722,6.9350467101848245,0.5160331320176234,0.5380578974168048
P37,10012,1002202.2022022022,pedestrian,-14.758644882916355,21.855310158009853,-0.4384863746139815,6.97970771094818,0.5074704076131232,0.5023818697383826
P37,10013,1002302.3023023024,pedestrian,-14.787235553530666,22.567651032907023,-0.3967462567015267,7.016942765996763,0.4723409546872325,0.451755499892005
P37,10014,1002402.4024024024,pedestrian,-14.815979657397309,23.27985024528397,-0.3631282883514967,7.0466783720616695,0.4193488077538542,0.391697855924485
P37,10015,1002502.5025025024,pedestrian,-14.84491057048711,23.991867176359285,-0.3372781906176222,7.069408950263437,0.3568028017251404,0.327787985806596
P37,10016,1002602.6026026026,pedestrian,-14.874017992405618,24.70370860198547,-0.3183529549572895,7.085984301781076,0.2916815365392118,0.2648172998653768
P37,10017,1002702.7027027028,pedestrian,-14.90327517488012,25.415399708658214,-0.3052567954803968,7.097427073404654,0.2292346948499951,0.2063874124759647
P37,10018,1002802.8028028028,pedestrian,-14.932652098433314,26.12696995196737,-0.2968208895861342,7.104792565546243,0.1729571504436287,0.154828333851215
P37,10019,1002902.9029029028,pedestrian,-14.962121249760225,26.83844675921096,-0.2919275350944998,7.109072023268498,0.1247887034947366,0.1113170665607598
P37,10020,1003003.003003003,pedestrian,-14.99165965123285,27.549853227232404,-0.2895859024343065,7.11113441766774,0.0854240066564817,0.0760994404922588
P37,10021,1003103.1031031032,pedestrian,-15.02124910665929,28.26120773933671,-0.2889693429998731,7.111698985254003,0.0546512696401681,0.04874511702367
P37,10022,1003203.2032032032,pedestrian,-15.050875690124766,28.972524411429134,-0.2894246133224215,7.111330196276575,0.0316683908273177,0.0283905818035481
P37,10023,1003303.3033033032,pedestrian,-15.080528992272551,29.683813817718704,-0.2904624008817172,7.110447458782084,0.0153488774002914,0.0139449519514873
P37,10024,1003403.4034034034,pedestrian,-15.11020136418364,30.39508373570052,-0.2917368986822476,7.109343094684095,0.0044470010623678,0.0042479652781724
P37,10025,1003503.5035035036,pedestrian,-15.139887256731145,31.1063397996394,-0.2930203393364962,7.108203517425878,-0.0022571444174139,-0.0018209492952868
P37,10026,1003603.6036036036,pedestrian,-15.169582682746048,31.81758602317292,-0.2941766497592226,7.107129820780461,-0.0058654904542127,-0.0052782293648454
P37,10027,1003703.7037037038,pedestrian,-15.199284796753108,32.52882517694296,-0.2951368757548709,7.1061549802780055,-0.0073124815363941,-0.0070098925934151
P37,10028,1003803.803803804,pedestrian,-15.22899157348718,33.2400589976633,-0.2958778100550199,7.1052554555924905,-0.0073472093644029,-0.0077771707121006
P37,10029,1003903.903903904,pedestrian,-15.25870156091094,33.95128815110164,-0.2964043348761515,7.104355063543858,-0.0065368894101802,-0.0082499338794498
P37,10030,1004004.0040040042,pedestrian,-15.288413678472889,34.66251172892314,-0.2967353201501904,7.103318445452104,-0.0052827780954554,-0.0090674960177578
P37,10031,1004104.1041041042,pedestrian,-15.318127018669225,35.37372570862833,-0.2968924387804476,7.1019301032390025,-0.0038412238618357,-0.0109317839604701
P37,10032,1004204.2042042044,pedestrian,-15.34784057480036,36.0849189472206,-0.2968908966823715,7.099852579051322,-0.0023439719228831,-0.0147452254587955
P37,10033,1004304.3043043044,pedestrian,-15.377552726382026,36.7960631730705,-0.2967307499920231,7.09655362763633,-0.000812863411322,-0.0218153636604939
P37,10034,1004404.4044044046,pedestrian,-15.407260084169764,37.50708826677623,-0.2963871230026954,7.091187094381212,0.0008354355104744,-0.0341595823938534
P37,10035,1004504.5045045046,pedestrian,-15.436954728489647,38.21782140556872,-0.2957972107547393,7.082406490845827,0.0027990109107187,-0.0549525544917556
P37,10036,1004604.6046046048,pedestrian,-15.466617474192695,38.92783738415818,-0.2948415291545059,7.068087751873535,0.0054188705629232,-0.0891522081574338
P37,10037,1004704.7047047048,pedestrian,-15.49620135003908,39.63609056578055,-0.2933168902879603,7.0449506798917945,0.0092282702337278,-0.144275607073456
P37,10038,1004804.804804805,pedestrian,-15.525591007134476,40.34000994892117,-0.2909004240839395,7.008132392833668,0.0150176159460677,-0.2310597611432977
P37,10039,1004904.904904905,pedestrian,-15.554502937029405,41.03327422862194,-0.2871115998663905,6.950975678483594,0.0238819265877367,-0.3630323991146391
P37,10040,1005005.0050050052,pedestrian,-15.582240155432215,41.70034142464636,-0.2813032251341906,6.865897847411773,0.0371374849569849,-0.5520587749192178
P37,10041,1005105.1051051052,pedestrian,-15.607089062960656,42.30299911066337,-0.2727803038775718,6.748832466610066,0.0557749569432299,-0.7917602727782058
P37,10042,1005205.2052052054,pedestrian,-15.624836539603862,42.74729605056717,-0.2613273620161855,6.613976684918987,0.0785406268238496,-1.007401181155141
P37,10043,1005305.3053053054,pedestrian,-15.64704291309214,43.32682038984839,-0.2488962484890256,6.536401754597317,0.0962617635887322,-0.917166243464928
P37,10044,1005405.4054054056,pedestrian,-15.675278278881304,44.01137251512295,-0.2352580350598725,6.548417196014203,0.1117846717726812,-0.5144958557361393
P37,10045,1005505.5055055056,pedestrian,-15.687842730576296,44.767285125412855,-0.2168491640544619,6.650294061347056,0.1397836632567174,0.0803650072040451
P37,10046,1005605.6056056058,pedestrian,-15.695337688143084,45.59817995518421,-0.194775710469153,6.823675064306278,0.171125371917019,0.721605724145335
P37,10047,1005705.7057057058,pedestrian,-15.700300171787728,46.4626896439059,-0.1712038020688238,7.029889882027988,0.1961109536972307,1.2412413988930808
P37,10048,1005805.805805806,pedestrian,-15.704155580465716,47.331100428044,-0.1485254439207212,7.223041434362797,0.2079308861515827,1.5084753467829646
P37,10049,1005905.905905906,pedestrian,-15.707796917399476,48.16970260216079,-0.1289954563565331,7.357491728350101,0.202951351953553,1.444294675851252
P37,10050,1006006.0060060062,pedestrian,-15.712037062326717,48.91665429398506,-0.1146578745469283,7.395650625168652,0.1797667927105045,1.0315743073243118
P37,10051,1006106.1061061062,pedestrian,-15.718168424229974,49.43081130103169,-0.1073982461381937,7.327282644750549,0.1381320051258559,0.3659298746632258
P37,10052,1006206.2062062063,pedestrian,-15.73156378776402,50.03537229718538,-0.1088922904829715,7.226639643963545,0.0787107785141546,-0.1664680799535471
P37,10053,1006306.3063063064,pedestrian,-15.762758124603648,50.6679750174324,-0.1189044035195268,7.135539542171821,0.0093220749326564,-0.4551630167030966
P37,10054,1006406.4064064064,pedestrian,-15.793301521019446,51.36137740894148,-0.1309675134461435,7.08532746015782,-0.0410825674748905,-0.4731984184151443
P37,10055,1006506.5065065066,pedestrian,-15.79935085648424,52.174519194578906,-0.1386322466931016,7.085866699184742,-0.0548600522085105,-0.2873981083089705
P37,10056,1006606.6066066067,pedestrian,-15.799211357303577,52.975775001078034,-0.1448329849771811,7.101001851821204,-0.0576107738396523,-0.1171219272004504
P37,10057,1006706.7067067068,pedestrian,-15.813068117158815,53.58418000389894,-0.1560596175380114,7.094311124040301,-0.0787860102854268,-0.0976012136481965
P37,10058,1006806.8068068068,pedestrian,-15.85568457740923,54.39401591917996,-0.1750789829064242,7.102163775161599,-0.1219637502421823,-0.0292539666705187
P37,10059,1006906.906906907,pedestrian,-15.884460530354788,54.96677539843737,-0.1945365969374328,7.085953782208048,-0.1500783810413159,-0.0807655715798187
P37,10060,1007007.0070070073,pedestrian,-15.915178198996497,55.6581346772573,-0.2124269071976195,7.09648207904158,-0.1611994929087562,-0.0085771729646023
P37,10061,1007107.1071071072,pedestrian,-15.940525794636894,56.49908298084434,-0.2264203644800209,7.147299749377988,-0.1528895267088884,0.1918439176405112
P37,10062,1007207.2072072072,pedestrian,-15.962456554134889,57.32795531086907,-0.2364468868466187,7.19678171055005,-0.1324203673893237,0.3092754948762
P37,10063,1007307.3073073074,pedestrian,-15.981379003629634,57.92378420982485,-0.2440454049207589,7.202867198087233,-0.1104811421376774,0.2128080025048381
P37,10064,1007407.4074074076,pedestrian,-16.010657712782375,58.66071832492731,-0.2524013659853191,7.211082121366042,-0.0999970067451195,0.1620507030607981
P37,10065,1007507.5075075076,pedestrian,-16.04416139292497,59.448841217355394,-0.2612719675564515,7.21773385901692,-0.0955790885037214,0.1249361566428008
P37,10066,1007607.6076076076,pedestrian,-16.07658335744732,60.20170040031387,-0.2688969626513371,7.196729806125827,-0.0880453716507717,-0.0050296641723358
P37,10067,1007707.7077077078,pedestrian,-16.100315072845593,60.78208486325455,-0.273811555897983,7.128681997433144,-0.072924436188653,-0.2669935458546403
P37,10068,1007807.807807808,pedestrian,-16.130294624969,61.57346551545799,-0.277892359362751,7.056167213201518,-0.0604401035953921,-0.4445803982146406
P37,10069,1007907.907907908,pedestrian,-16.15243506859668,62.09662891105935,-0.280832954687421,6.937675542600949,-0.04838035794206,-0.7315397434083512
P37,10070,1008008.008008008,pedestrian,-16.18089477186307,62.663843626560926,-0.2855034861789152,6.826245800426288,-0.0477119268428599,-0.8797044306513107
P37,10071,1008108.1081081082,pedestrian,-16.209249122291098,63.333101055998775,-0.2929285082377341,6.761416620714998,-0.0579860123585342,-0.7896118569478738
P37,10072,1008208.2082082084,pedestrian,-16.250106786024286,64.03339421649086,-0.3048113024689808,6.746658802094213,-0.0815604272910502,-0.5402990464598431
P37,10073,1008308.3083083084,pedestrian,-16.293423900047117,64.74984571578106,-0.3187660573380106,6.775296999513408,-0.1040184813695694,-0.2194694204228819
P37,10074,1008408.4084084084,pedestrian,-16.341354621415416,65.5043962227499,-0.3317158083002124,6.8374048990923,-0.1138598816979252,0.106613979547433
P37,10075,1008508.5085085086,pedestrian,-16.378160034443795,66.31361214180339,-0.3386731857841891,6.911569028680608,-0.0966397597803005,0.3528615063334816
P37,10076,1008608.6086086088,pedestrian,-16.407002587019427,67.07247474534589,-0.3383401368353124,6.955175590236303,-0.0578297921606632,0.3849943872062665
P37,10077,1008708.7087087088,pedestrian,-16.426908453942573,67.61003580605251,-0.332018797504601,6.939983771304044,-0.0108619666424281,0.1766088130186153
P37,10078,1008808.8088088088,pedestrian,-16.450839488603318,68.26470780781197,-0.3242066494192658,6.921297855929217,0.0236535797600828,0.0355728763766278
P37,10079,1008908.908908909,pedestrian,-16.483428335983376,68.94479684688211,-0.3179305953910055,6.9150853253407645,0.0388116356003999,-0.0023321851697657
P37,10080,1009009.0090090092,pedestrian,-16.515079984468045,69.67090137187049,-0.3127727565756557,6.929236327685368,0.0437480235939886,0.0534564649894494
P37,10081,1009109.1091091092,pedestrian,-16.54359019456654,70.40147293267391,-0.3083099214616345,6.955212314350957,0.0440724655103434,0.1334483979619364
P37,10082,1009209.2092092092,pedestrian,-16.568683987860815,71.12355449789976,-0.3051334618064067,6.982728801085211,0.0392818729369254,0.1883598878353259
P37,10083,1009309.3093093092,pedestrian,-16.607797339186597,71.83188056744167,-0.3053044126399076,7.0046631398234345,0.023368530270113,0.2003033979381933
P37,10084,1009409.4094094096,pedestrian,-16.63967843324899,72.5297008141259,-0.3056629199477436,7.019235894713914,0.0129057756970434,0.1790589438609652
P37,10085,1009509.5095095095,pedestrian,-16.670230256438042,73.21227081505558,-0.3055268832765856,7.029093626313308,0.0084229952918832,0.1477754433578429
P38,9900,990990.9909909908,pedestrian,-10.858373859440825,-18.720643200645554,-0.3989189248114512,0.1054016651288017,0.0974391111781927,-0.032723464122003
P38,9901,991091.091091091,pedestrian,-10.900115373651962,-18.70957399508836,-0.3877429147470813,0.1016769923264204,0.1088064946700831,-0.036312277861031
P38,9902,991191.1911911912,pedestrian,-10.93544115127692,-18.700659418442036,-0.3715561622611969,0.0963703704978719,0.1457079791412014,-0.0479625010240818
P38,9903,991291.2912912914,pedestrian,-10.954958504367426,-18.697053864084843,-0.3450455093201681,0.0878320320973649,0.2155796989384303,-0.0698597574488198
P38,9904,991391.3913913916,pedestrian,-10.971549049931594,-18.696824597936697,-0.3065352691876546,0.0757051998569141,0.3010230230644771,-0.095768586178594
P38,9905,991491.4914914916,pedestrian,-10.97421264297436,-18.70171636722452,-0.2572591598791723,0.0616981944953673,0.3870967588575361,-0.115644296970875
P38,9906,991591.5915915916,pedestrian,-10.968369504659233,-18.70785045430701,-0.203132221654064,0.0500789494223689,0.450903016470538,-0.1158236993767089
P38,9907,991691.6916916918,pedestrian,-10.961738644959688,-18.712056401000165,-0.1516795169560003,0.0458113794275219,0.4758756703935951,-0.0868618901392248
P38,9908,991791.791791792,pedestrian,-10.967626792020384,-18.7100251282204,-0.1081049036086716,0.0533235226909793,0.4601959658488206,-0.0242794903803085
P38,9909,991891.891891892,pedestrian,-10.96832285292465,-18.69765464278452,-0.070346743555736,0.0758144344520871,0.4283516733852611,0.0712487281273133
P38,9910,991991.991991992,pedestrian,-10.96325767294525,-18.663389447982595,-0.0368088339562319,0.1148675002142605,0.3925185382595587,0.193712867470367
P38,9911,992092.092092092,pedestrian,-10.955208343532458,-18.61763246851645,-0.0071352161375911,0.1665623953349783,0.3554878069497968,0.3180950279509654
P38,9912,992192.1921921924,pedestrian,-10.94568063252728,-18.566062731641967,0.0186093761187228,0.225281515067705,0.3174680192895423,0.4219477632963971
P38,9913,992292.2922922923,pedestrian,-10.935474926859683,-18.51172842739717,0.0403419519263496,0.2855653263227441,0.2785577665100578,0.4918467419908822
P38,9914,992392.3923923924,pedestrian,-10.925003374855589,-18.4562221504432,0.0581210758513378,0.3429871326401537,0.2393707820668423,0.5236007015511068
P38,9915,992492.4924924924,pedestrian,-10.914467674705874,-18.400341626143287,0.0721795401234506,0.3944786514448655,0.2009485520932998,0.5200273396443502
P38,9916,992592.5925925928,pedestrian,-10.903958125509908,-18.344459326203168,0.0828947773069679,0.4383139181184833,0.1644756301652062,0.4881338819022814
P38,9917,992692.6926926929,pedestrian,-10.893508144599387,-18.288727071986703,0.0907353672409249,0.4738981076416969,0.1310190450761579,0.436618625368726
P38,9918,992792.7927927928,pedestrian,-10.883123724733558,-18.23318748190831,0.0962059631821408,0.5014762338140119,0.1013651718860229,0.3740578433062484
P38,9919,992892.8928928928,pedestrian,-10.87279892998842,-18.17783328509475,0.0998017857860756,0.5218401165050934,0.0759563304889554,0.3078119447368023
P38,9920,992992.9929929932,pedestrian,-10.862523727839092,-18.12263783722861,0.1019764857726846,0.5360765153073483,0.0549019680397275,0.2435241086291864
P38,9921,993093.0930930933,pedestrian,-10.85228770039316,-18.06757001505507,0.1031230576754564,0.5453729893011966,0.038034558743765,0.1850373830304481
P38,9922,993193.1931931932,pedestrian,-10.84208160396406,-18.012600849620853,0.1035656215243816,0.5508821964767414,0.0249851647135854,0.1345685456598958
P38,9923,993293.2932932932,pedestrian,-10.83189785365133,-17.957705949945026,0.1035593244036653,0.5536374142141962,0.0152609528764786,0.0930117456397573
P38,9924,993393.3933933936,pedestrian,-10.821730508552095,-17.90286590410253,0.1032956988551932,0.55450898010223,0.0083138452645546,0.0602825732883916
P38,9925,993493.4934934936,pedestrian,-10.81157505567802,-17.848065806144213,0.102911190514272,0.5541909368062027,0.0035949222327312,0.0356458004179197
P38,9926,993593.5935935936,pedestrian,-10.80142813958872,-17.79329448782902,0.1024970508625974,0.5532081324236121,0.0005930778527834,0.0179954161484008
P38,9927,993693.6936936936,pedestrian,-10.79128730449108,-17.73854372842621,0.1021092859303752,0.5519356527382292,-0.001141079049141,0.0060739036134612
P38,9928,993793.793793794,pedestrian,-10.781150774366877,-17.683807556518186,0.1017778023536445,0.5506243097784979,-0.0019837062076743,-0.0013700728700033
P38,9929,993893.893893894,pedestrian,-10.771017276668331,-17.62908167830494,0.1015142673703391,0.5494277114761004,-0.0022356696375244,-0.0054790603438702
P38,9930,993993.993993994,pedestrian,-10.760885906269053,-17.57436303006353,0.1013184868891411,0.548428032612283,-0.0021270345759691,-0.0072290892424238
P38,9931,994094.094094094,pedestrian,-10.7507560231824,-17.519649437414696,0.101183307490273,0.5476589287555067,-0.001825539510696,-0.0074054451211604
P38,9932,994194.1941941944,pedestrian,-10.740627177103102,-17.46493935939566,0.1010981747869386,0.5471250819393535,-0.0014469923007862,-0.0066009139512867
P38,9933,994294.2942942944,pedestrian,-10.730499052544172,-17.410231694368544,0.1010515467714994,0.5468186890285157,-0.0010660712548931,-0.0052265675080061
P38,9934,994394.3943943944,pedestrian,-10.720371429464729,-17.35552562269128,0.1010323819048961,0.5467338884448089,-0.0007265214339667,-0.0035263576237972
P38,9935,994494.4944944944,pedestrian,-10.710244155482062,-17.300820452009752,0.1010309113703612,0.5468807896118187,-0.0004501687207451,-0.0015875852297752
P38,9936,994594.5945945948,pedestrian,-10.700117126965829,-17.246115403633127,0.1010388737637078,0.5473015848218463,-0.0002445192384856,0.0006607715598366
P38,9937,994694.6946946948,pedestrian,-10.689990277682927,-17.191409206157545,0.1010493457167981,0.5480924089580612,-0.0001089755890573,0.0034713728020576
P38,9938,994794.7947947948,pedestrian,-10.679863575706484,-17.136699180509172,0.1010562470124362,0.5494364871856124,-3.990222619066804e-05,0.0073365596564719
P38,9939,994894.8948948948,pedestrian,-10.669737033280814,-17.081979049702287,0.1010535332000569,0.551657134603821,-3.4936307105948127e-05,0.0131008572361313
P38,9940,994994.9949949952,pedestrian,-10.659610743314095,-17.027233595417265,0.1010340079541121,0.5553039951499428,-9.70997409681699e-05,0.0221587157581943
P38,9941,995095.0950950952,pedestrian,-10.649484977649411,-16.972425549477425,0.1009875825331218,0.5612933746601635,-0.0002394591889807,0.0367852817344238
P38,9942,995195.1951951951,pedestrian,-10.639360434634334,-16.917463384803114,0.1008986683875675,0.5711344959294319,-0.0004913389158971,0.0606719942651873
P38,9943,995295.2952952952,pedestrian,-10.62923885194838,-16.862122138575998,0.1007422001718183,0.5872881049089643,-0.0009074334771959,0.0997675582910408
P38,9944,995395.3953953956,pedestrian,-10.61912451620636,-16.805848753455905,0.1004775564906809,0.6137190962337604,-0.0015815360283877,0.1635449127258901
P38,9945,995495.4954954956,pedestrian,-10.609027976542317,-16.74728348542669,0.1000394464170355,0.6567078934049702,-0.0026667048685051,0.2667798796901632
P38,9946,995595.5955955955,pedestrian,-10.5989751764102,-16.68308321511568,0.0993249305005315,0.7259356656250954,-0.0044025927497729,0.4317013398614228
P38,9947,995695.6956956956,pedestrian,-10.589029906489262,-16.60502837857614,0.0981769613807882,0.8356413652625369,-0.0071456645427842,0.6895851983603899
P38,9948,995795.795795796,pedestrian,-10.57934900930666,-16.49290990807353,0.0963694207192961,1.0049570081035142,-0.0113818802340949,1.0785424261012468
P38,9949,995895.895895896,pedestrian,-10.562849038474694,-16.256693730239945,0.0936125718249221,1.254565313011459,-0.017655273826359,1.6279024888472322
P38,9950,995995.995995996,pedestrian,-10.552129817781449,-15.919604320757651,0.0865191639555325,1.574724607326726,-0.0383120647688018,2.237610406221721
P38,9951,996096.096096096,pedestrian,-10.551407493843996,-15.559067669938193,0.0728514065905948,1.9321868152306487,-0.0764472579792421,2.755288147952988
P38,9952,996196.1961961964,pedestrian,-10.560220027605428,-15.173562836488914,0.0530527428821997,2.298136862705587,-0.123555397052428,3.1049080667818414
P38,9953,996296.2962962964,pedestrian,-10.573426612,-14.78740841646066,0.0302588516039553,2.6470203377498724,-0.1639915194520842,3.252604732616679
P38,9954,996396.3963963964,pedestrian,-10.581913434587245,-14.390501197223168,0.0086635864483269,2.9642966963808703,-0.1840804525066401,3.2203763995414447
P38,9955,996496.4964964964,pedestrian,-10.590972804451972,-14.003239095637324,-0.0097855769013106,3.241057341815869,-0.1841684596862429,3.043523918293016
P38,9956,996596.5965965966,pedestrian,-10.605411452487598,-13.601236550418305,-0.023296482796119,3.4802107208739224,-0.1650697682831292,2.789474564727985
P38,9957,996696.6966966968,pedestrian,-10.60562557351437,-13.19646653621343,-0.0278147811648928,3.686214773062941,-0.1185088075660313,2.5054880016155083
P38,9958,996796.7967967968,pedestrian,-10.592054570235389,-12.759334731427558,-0.024011978416471,3.868535312363431,-0.0577515720003522,2.2398988965993785
P38,9959,996896.8968968968,pedestrian,-10.573763848419215,-12.304643739345869,-0.017589803044761,4.029511505623237,-0.0104230313677894,1.9946370612179465
P38,9960,996996.996996997,pedestrian,-10.57732787510004,-11.853556401437318,-0.0165929677277002,4.168310265496324,-0.0025103927484573,1.7585798331124445
P38,9961,997097.0970970972,pedestrian,-10.581451634131987,-11.398927881308596,-0.021480889414868,4.288273609673884,-0.020493097266163,1.5411154023855274
P38,9962,997197.1971971972,pedestrian,-10.594116932500173,-10.944260040566618,-0.0329381612418487,4.394278951457471,-0.0569729700666223,1.3539420763426588
P38,9963,997297.2972972972,pedestrian,-10.607404499161962,-10.471561823057549,-0.0491160619758448,4.494300657835304,-0.0975988123398956,1.2162277720127437
P38,9964,997397.3973973974,pedestrian,-10.614065109747497,-9.970350021023636,-0.0686638239729271,4.592897014103394,-0.1355222266151987,1.1264499551945522
P38,9965,997497.4974974976,pedestrian,-10.642138157518676,-9.435137693167183,-0.0939902682336922,4.686615586417189,-0.1811347398443859,1.0526084188607532
P38,9966,997597.5975975976,pedestrian,-10.666947782246254,-8.853720257354588,-0.1207021573152036,4.7600083090397005,-0.2144125009286098,0.9286024915960028
P38,9967,997697.6976976976,pedestrian,-10.682329748558452,-8.4653312036966,-0.1463559766944135,4.776589224631841,-0.2306672835790127,0.632400307238715
P38,9968,997797.7977977978,pedestrian,-10.696385715975984,-8.038965306923824,-0.1732203684618067,4.769849541637453,-0.2453065852164602,0.3607455548754645
P38,9969,997897.897897898,pedestrian,-10.723191055451258,-7.581941305302866,-0.205927489540838,4.761140420662639,-0.2769229327686122,0.1869165468492137
P38,9970,997997.997997998,pedestrian,-10.77036192616094,-7.108104434916618,-0.2465258766645479,4.760969796151942,-0.3268704022213284,0.1136885398425271
P38,9971,998098.098098098,pedestrian,-10.827216893416034,-6.615868095965217,-0.2912822524267455,4.773972869946912,-0.37355319826062,0.1199825588872795
P38,9972,998198.1981981982,pedestrian,-10.88199692710142,-6.115138021874146,-0.3340505763663529,4.798539570181324,-0.3944019629968792,0.1686814175885255
P38,9973,998298.2982982984,pedestrian,-10.925762332704622,-5.614333229651734,-0.3703037111590199,4.830672926277484,-0.3818881495870129,0.2278205194879905
P38,9974,998398.3983983984,pedestrian,-10.971100849655558,-5.114800936342534,-0.4005585987809986,4.867505333730357,-0.3509689557159656,0.2822249549008779
P38,9975,998498.4984984983,pedestrian,-11.019160715975284,-4.602674938965409,-0.4257212088584015,4.908289443208861,-0.31230357889381,0.3308343356945383
P38,9976,998598.5985985986,pedestrian,-11.06912027817295,-4.08375757462887,-0.4463563189003087,4.949176639698906,-0.2710897374685797,0.3609720011508421
P38,9977,998698.6986986988,pedestrian,-11.112437268824102,-3.5826731835223664,-0.4627202801770263,4.98476193995753,-0.2293110494841155,0.3588465098919437
P38,9978,998798.7987987988,pedestrian,-11.156402556444048,-3.085581810530171,-0.4780672542598236,5.017433406281356,-0.1998077405409731,0.3462451840826757
P38,9979,998898.8988988989,pedestrian,-11.20569834266604,-2.580301969204581,-0.496344905021503,5.053011783132509,-0.1931247782489654,0.3498102053980907
P38,9980,998998.998998999,pedestrian,-11.278139658287492,-2.063741976353259,-0.5207700533953689,5.096676296302944,-0.2128787770366342,0.3833524465285833
P38,9981,999099.0990990992,pedestrian,-11.353597272524286,-1.534410900044735,-0.5468053679045844,5.15220361738688,-0.231208584659365,0.4498813467078134
P38,9982,999199.1991991992,pedestrian,-11.420631371168511,-0.9964498597169216,-0.5689679992861866,5.221930385553915,-0.2274024362268561,0.5456529762645789
P38,9983,999299.2992992993,pedestrian,-11.47996157246543,-0.4232157922924728,-0.5850149334207339,5.309127535736511,-0.2013548288107309,0.6720004758091388
P38,9984,999399.3993993994,pedestrian,-11.542653050637844,0.2288268158300465,-0.5958298808458331,5.408191530816297,-0.1651279038014763,0.7953206816606319
P38,9985,999499.4994994996,pedestrian,-11.601996615654992,0.8590987906421208,-0.601120594839151,5.485057241891594,-0.12154010906335,0.784670719711952
P38,9986,999599.5995995996,pedestrian,-11.646885534110217,1.3213999837505548,-0.6016293049102832,5.510641527986042,-0.076327803145117,0.5792655558941853
P38,9987,999699.6996996996,pedestrian,-11.7068678931354,1.9099141222836065,-0.60376215148351,5.518578759024675,-0.0549672341966331,0.3851621330307079
P38,9988,999799.7997997998,pedestrian,-11.76930987208858,2.493453543503887,-0.6088053428440058,5.495175420766822,-0.0531869161832908,0.1448638886086071
P38,9989,999899.8998999,pedestrian,-11.818983472779909,2.8940485032707075,-0.6174394826650523,5.421957065965752,-0.0660248978148095,-0.1953463230443162
P38,9990,1000000.0,pedestrian,-11.888976108144533,3.359400828338245,-0.6363052543442442,5.3457164818875285,-0.1135611627286512,-0.415198778677989
P38,9991,1000100.1001001,pedestrian,-11.96986021537491,3.872087863561159,-0.6663161540497617,5.2903543151232455,-0.1858677645276489,-0.4687235033055954
P38,9992,1000200.2002002002,pedestrian,-12.05640133030636,4.398141762791839,-0.70612353642854,5.2618867432279055,-0.2680975777170535,-0.3971604613118396
P38,9993,1000300.3003003004,pedestrian,-12.1546531756073,4.946191756668692,-0.7543721986124892,5.261443051467583,-0.3511421155659303,-0.2446924209090296
P38,9994,1000400.4004004004,pedestrian,-12.262517462802649,5.500021745632886,-0.8075594688910499,5.282871544353154,-0.4211003213491964,-0.0665877047816442
P38,9995,1000500.5005005004,pedestrian,-12.37449428544592,6.057781180110729,-0.8605172537109413,5.319274393556961,-0.4630087492221483,0.1004482799714171
P38,9996,1000600.6006006006,pedestrian,-12.48311134922418,6.625434360403244,-0.9080224929550748,5.3642020346935775,-0.4675000013370679,0.2356987432880235
P38,9997,1000700.7007007007,pedestrian,-12.589181082885268,7.182725909139489,-0.9472384127161512,5.409281869896208,-0.4380983365193581,0.319031444569465
P38,9998,1000800.8008008008,pedestrian,-12.691304389217857,7.730784780231319,-0.9771290513115386,5.451664882384057,-0.3839440652102913,0.3595526950531674
P38,9999,1000900.9009009008,pedestrian,-12.794460163808823,8.297644110257249,-0.9987218163642771,5.494111198985352,-0.3186315414449785,0.384587975773523
P38,10000,1001001.001001001,pedestrian,-12.900292211414214,8.867687282986374,-1.0129652519488843,5.534269870561344,-0.2501715446375025,0.3910314571659211
P38,10001,1001101.1011011011,pedestrian,-13.005056677192778,9.43910190505375,-1.019658039741184,5.569747837564582,-0.1790052195439468,0.3768197590396104
P38,10002,1001201.2012012012,pedestrian,-13.102520339027544,10.004570930667525,-1.0184068362648158,5.598411646398584,-0.1046576960096393,0.3416974187941876
P38,10003,1001301.3013013012,pedestrian,-13.202513286350998,10.564305973021993,-1.0108153618837985,5.620956314124035,-0.034583871796827,0.2964780887563666
P38,10004,1001401.4014014014,pedestrian,-13.290376912810224,11.129088121973313,-0.9965918044159744,5.641033855376607,0.0340071873043437,0.2592456732901079
P38,10005,1001501.5015015017,pedestrian,-13.388112559339332,11.701634616250294,-0.9789958652080024,5.661355542441902,0.0890487106375959,0.237414822815498
P38,10006,1001601.6016016016,pedestrian,-13.48485661142532,12.27527137553021,-0.9564367792633056,5.682530212478342,0.1419706298549131,0.2273675302107958
P38,10007,1001701.7017017016,pedestrian,-13.566634096013043,12.860047914819637,-0.9257828667045156,5.705575288374708,0.2057417382865728,0.2284750588104609
P38,10008,1001801.8018018018,pedestrian,-13.630799021497156,13.437588432051282,-0.8874155100252137,5.728030640334205,0.2746709223432287,0.2268654290773357
P38,10009,1001901.901901902,pedestrian,-13.702485926550686,14.012383983894445,-0.8467101648328085,5.750836996570155,0.3259075115837395,0.2272420374081122
P38,10010,1002002.002002002,pedestrian,-13.766898897143282,14.610437802695415,-0.804711628021633,5.777241221740423,0.3622681295903293,0.2414264063097474
P38,10011,1002102.102102102,pedestrian,-13.827142286675366,15.197882248778065,-0.7634878543765885,5.802743341042376,0.3815076931828079,0.2466052782213712
P39,9941,995095.0950950952,pedestrian,-7.422374027727297,-14.616030209311438,0.1259210539138089,1.638110995366255,-0.0177424429127488,-0.0951253319503745
P39,9942,995195.1951951951,pedestrian,-7.408617437781242,-14.449278772236942,0.1236223671155849,1.6268766439743545,-0.021919593473956,-0.1088100027141397
P39,9943,995295.2952952952,pedestrian,-7.396029073188919,-14.288790724319911,0.1194823924314524,1.6096100899766932,-0.0354797110399618,-0.1532340046000411
P39,9944,995395.3953953956,pedestrian,-7.386319224897202,-14.143735715695511,0.1112939283544264,1.5796022550213926,-0.0626481595045466,-0.2391821616631255
P39,9945,995495.4954954956,pedestrian,-7.383698847611423,-14.036690595907096,0.0968543633193967,1.5328876106100324,-0.1038716350243123,-0.35410700115014
P39,9946,995595.5955955955,pedestrian,-7.3873082046852945,-13.889734043517922,0.0762866300937886,1.4817439844488811,-0.1495987345199991,-0.4246859661638441
P39,9947,995695.6956956956,pedestrian,-7.393047288396953,-13.789286562486836,0.0524945163541386,1.4268341283289314,-0.186182029445199,-0.4761290209735713
P39,9948,995795.795795796,pedestrian,-7.404899762492758,-13.670267653263664,0.0286400917122231,1.3824505687307986,-0.2068075512572056,-0.4631747710714697
P39,9949,995895.895895896,pedestrian,-7.419743014436112,-13.521656023438496,0.0091738676602148,1.3544267299559376,-0.2020377797724752,-0.3923560246003699
P39,9950,995995.995995996,pedestrian,-7.418196621759696,-13.373387441233277,-0.0006863654378946,1.3351696129035209,-0.1623114120195179,-0.3156240059889075
P39,9951,996096.096096096,pedestrian,-7.40456019567977,-13.245564920390716,-0.0018950846411361,1.3160890680055304,-0.1046160332044021,-0.2676165525452463
P39,9952,996196.1961961964,pedestrian,-7.394420532972784,-13.127780774787745,0.0001234274319325,1.295621667232626,-0.0565230482678166,-0.2432784000806259
P39,9953,996296.2962962964,pedestrian,-7.391876027850282,-13.012071639424532,0.0011232201215514,1.2754932389238651,-0.030798221621732,-0.2269582462025626
P39,9954,996396.3963963964,pedestrian,-7.388471719763594,-12.910285956312771,-0.0005065634666912,1.257957491248289,-0.025169981764671,-0.2068842079633106
P39,9955,996496.4964964964,pedestrian,-7.398302878668256,-12.79457664259196,-0.0070921200355228,1.2510450269997009,-0.0409387212728776,-0.1533785642990868
P39,9956,996596.5965965966,pedestrian,-7.415646040429315,-12.662777182434365,-0.0163968126308526,1.2590533776584196,-0.0611409302693652,-0.0627351463301146
P39,9957,996696.6966966968,pedestrian,-7.420113952543389,-12.507131929905682,-0.0231796196956728,1.2818813893662686,-0.0637119323229943,0.0502092044427352
P39,9958,996796.7967967968,pedestrian,-7.416120019059224,-12.34490763273535,-0.0267611497997376,1.3117320425048642,-0.0528640566591734,0.1465222989856933
P39,9959,996896.8968968968,pedestrian,-7.40936586597837,-12.199494508728073,-0.0298971728844404,1.338801271262465,-0.0445018706843062,0.1946328170824649
P39,9960,996996.996996997,pedestrian,-7.409009023850541,-12.060257862981512,-0.0371305715262046,1.3599837868185976,-0.0552798748334029,0.2012256658563089
P39,9961,997097.0970970972,pedestrian,-7.422025947630733,-11.923103508188127,-0.0517244807838955,1.3751486858877393,-0.0904202308566042,0.1819194265805961
P39,9962,997197.1971971972,pedestrian,-7.451092771552022,-11.786182564616158,-0.0730603323957049,1.3854723560274649,-0.1380648902603463,0.1513328911526089
P39,9963,997297.2972972972,pedestrian,-7.480505771460877,-11.648022047398952,-0.0951303852254289,1.3925728706299714,-0.1700600685132253,0.1201204383609887
P39,9964,997397.3973973974,pedestrian,-7.498476503580917,-11.50790737708268,-0.1118123095349589,1.3978214130963142,-0.1687371460426583,0.0938426651560646
P39,9965,997497.4974974976,pedestrian,-7.51017823264364,-11.366747889788044,-0.1211739514708429,1.4019581957341578,-0.139537110835834,0.0734545979537471
P39,9966,997597.5975975976,pedestrian,-7.518516269667826,-11.22504702835036,-0.1235765010058314,1.405356222496326,-0.0946831373382219,0.0581164330245334
P39,9967,997697.6976976976,pedestrian,-7.525102169082997,-11.083078890965124,-0.1204527166722455,1.4081839521030215,-0.0458092691172781,0.0465210795389406
P39,9968,997797.7977977978,pedestrian,-7.530815299587336,-10.940989474261228,-0.1135599156455243,1.4105003486731325,-0.0012917827267961,0.0374441966287864
P39,9969,997897.897897898,pedestrian,-7.536124804580624,-10.7988545302031,-0.1045587847917071,1.412304616769677,0.0341197244911745,0.0299049727498474
P39,9970,997997.997997998,pedestrian,-7.54127292580147,-10.656712829516966,-0.0948079264554662,1.4135548249873429,0.0586912227281844,0.023143823114365
P39,9971,998098.098098098,pedestrian,-7.546378429442408,-10.51458627064856,-0.0852938934418223,1.4141634862326122,0.0728048612365685,0.0165193683754768
P39,9972,998198.1981981982,pedestrian,-7.551494119403908,-10.37249477193858,-0.0766394432305492,1.413973216847865,0.0781053783182643,0.0093681429276636
P39,9973,998298.2982982984,pedestrian,-7.556637839244786,-10.230473785726778,-0.0691502278521704,1.412711460580403,0.0768288388829985,0.0008375717659812
P39,9974,998398.3983983984,pedestrian,-7.561807532149727,-10.088606983234792,-0.0628731269314725,1.4099202490777023,0.0713468247700542,-0.0103130285266897
P39,9975,998498.4984984983,pedestrian,-7.566984949326578,-9.947101113745203,-0.0576488043668958,1.4048571015486864,0.0639099885506879,-0.0259461258209415
P39,9976,998598.5985985986,pedestrian,-7.5721270321423955,-9.806467241624585,-0.0531478526013704,1.3963729691612137,0.0565548207778942,-0.0487779585902738
P39,9977,998698.6986986988,pedestrian,-7.577135593083506,-9.667964982115068,-0.0488857792965125,1.3828108643428427,0.0511286698344839,-0.0824402341907447
P39,9978,998798.7987987988,pedestrian,-7.581778307767808,-9.534694125536472,-0.0442207320677555,1.3620827920252958,0.049371996677338,-0.1308263480475897
P39,9979,998898.8988988989,pedestrian,-7.585492466204804,-9.414278354416592,-0.0383580823667723,1.3323970816892343,0.05294209334661,-0.1951689052171588
P39,9980,998998.998998999,pedestrian,-7.586901728457336,-9.325463553800867,-0.030440005000678,1.2949376883266506,0.0630979463149622,-0.2646813163250633
P39,9981,999099.0990990992,pedestrian,-7.586561606098282,-9.209552487743862,-0.0199420057501634,1.261929466988876,0.0793169776434927,-0.2899436355951096
P39,9982,999199.1991991992,pedestrian,-7.58568619852222,-9.07219870745933,-0.0063307291981202,1.2351851246577363,0.1013138560698239,-0.2811045917132804
P39,9983,999299.2992992993,pedestrian,-7.579539611198117,-8.975145363496528,0.0116470043418569,1.2068696620307346,0.1317057895187966,-0.2817905441643117
P39,9984,999399.3993993994,pedestrian,-7.562497044416526,-8.858039333304216,0.0344261791293978,1.1830673326425951,0.1689206240858651,-0.2647064601037042
P39,9985,999499.4994994996,pedestrian,-7.541022570608356,-8.735090707999115,0.059383949143828,1.16200944620063,0.200137074955201,-0.2436108534655837
P39,9986,999599.5995995996,pedestrian,-7.520510636518803,-8.621526243469672,0.0829116632975568,1.1384674030193456,0.2136880952790254,-0.2403397047446431
P39,9987,999699.6996996996,pedestrian,-7.508438664021046,-8.54373105399164,0.1022011915791401,1.1090761330130023,0.2055408536911732,-0.2610241421211439
P39,9988,999799.7997997998,pedestrian,-7.498790296963021,-8.453012364985483,0.1181085303068497,1.0832350218587905,0.187439120418651,-0.2599093677499011
P39,9989,999899.8998999,pedestrian,-7.484556033028073,-8.366010720690854,0.1331582687604159,1.0659067133318132,0.1730388729211577,-0.226211336741587
P39,9990,1000000.0,pedestrian,-7.464787899287527,-8.25962573726178,0.148960825463817,1.0643094433156737,0.1671489356333701,-0.1445845878389168
P39,9991,1000100.1001001,pedestrian,-7.4470186059333,-8.136255803480823,0.1657381197865932,1.0799837566382984,0.1673260587482415,-0.0276615492576436
P39,9992,1000200.2002002002,pedestrian,-7.411415647095397,-8.004403593972777,0.185282313937422,1.109728102910087,0.178165558627953,0.0984378781370108
P39,9993,1000300.3003003004,pedestrian,-7.378036811240425,-7.869676400114633,0.2032611385756592,1.148868856972468,0.1787257327722488,0.2120249801432139
P39,9994,1000400.4004004004,pedestrian,-7.351756519618736,-7.738648879325716,0.2160968827141443,1.1935707211871691,0.1591215143980749,0.3030825794500906
P39,9995,1000500.5005005004,pedestrian,-7.332576451292679,-7.601401268256622,0.2227302707162319,1.243747101193892,0.1230729940933711,0.3800214147754188
P39,9996,1000600.6006006006,pedestrian,-7.325830148526813,-7.444161785493687,0.2247064365082911,1.2997816164679876,0.0829569576097488,0.4498106164377607
P39,9997,1000700.7007007007,pedestrian,-7.307017752972767,-7.2784305060393875,0.2286996456714727,1.3570219426784544,0.0662379925858023,0.4971823041369347
P39,9998,1000800.8008008008,pedestrian,-7.272807444092304,-7.102774598978138,0.2377234644664489,1.409278583850942,0.075520509993729,0.5068342531997162
P39,9999,1000900.9009009008,pedestrian,-7.235298480372469,-6.938531738612038,0.2494541704862155,1.4472529359192028,0.0916976813708848,0.4573466316156706
P39,10000,1001001.001001001,pedestrian,-7.208199354527633,-6.820966094697568,0.2603483051182656,1.4654840763062296,0.0983498626757986,0.350499447435767
P39,10001,1001101.1011011011,pedestrian,-7.175098308895876,-6.676052337916242,0.2709854285190757,1.4763780022758368,0.1014226881792188,0.2566766997906977
P39,10002,1001201.2012012012,pedestrian,-7.13949710061315,-6.518630938260674,0.2800604252525758,1.4829338600172135,0.0972440062835374,0.1824538212842502
P39,10003,1001301.3013013012,pedestrian,-7.104311573165915,-6.3604005967659765,0.2852826100065644,1.4828982375394368,0.0797448648417924,0.1114819614954884
P39,10004,1001401.4014014014,pedestrian,-7.0735562222988415,-6.216215200797643,0.2840650887837926,1.472293373829103,0.0440636341045046,0.0270716400937228
P39,10005,1001501.5015015017,pedestrian,-7.055382686602705,-6.114888894905019,0.2746538954987461,1.4506719409450568,-0.0095434677618333,-0.0672948705551336
P39,10006,1001601.6016016016,pedestrian,-7.0395257672146405,-5.99211279786784,0.259150047564341,1.433332310364125,-0.0659685303607793,-0.1084191125722628
P39,10007,1001701.7017017016,pedestrian,-7.03235697769405,-5.836146013009557,0.2397489051358975,1.4286323635531135,-0.115603059968998,-0.0845560337683502
P39,10008,1001801.8018018018,pedestrian,-7.01860831665607,-5.679630467407252,0.2213156904019737,1.4328522922255504,-0.1422140605197139,-0.0353624386168266
P39,10009,1001901.901901902,pedestrian,-7.001231855877827,-5.523165650168002,0.205885851589698,1.4419360638292564,-0.146845633175797,0.0135967427468027
P39,10010,1002002.002002002,pedestrian,-6.9819563709514165,-5.367209523563878,0.1936705562647713,1.4519360893271434,-0.1372118175865176,0.0471021918111793
P39,10011,1002102.102102102,pedestrian,-6.96188613469817,-5.212425762225802,0.1837056271482156,1.4591164312254816,-0.1225903024121267,0.0566640263662744
P39,10012,1002202.2022022022,pedestrian,-6.9419613781691245,-5.060268096313596,0.1742327391801352,1.459885613586294,-0.111736938598993,0.0376486546219214
P39,10013,1002302.3023023024,pedestrian,-6.923503621804591,-4.914271106242866,0.1629134471478586,1.450826612348728,-0.1122582469539779,-0.0121020306950941
P39,10014,1002402.4024024024,pedestrian,-6.909217518766054,-4.783146814458016,0.1470549191830573,1.4294258863461426,-0.1301821358871969,-0.0904042319962024
P39,10015,1002502.5025025024,pedestrian,-6.905459228165444,-4.688358968862392,0.1242716679058425,1.397035095584228,-0.1680043058476788,-0.1809311717585469
P39,10016,1002602.6026026026,pedestrian,-6.911814921475306,-4.567992629267561,0.0946778509036751,1.3680312537153148,-0.217556936215074,-0.2231770706055224
P39,10017,1002702.7027027028,pedestrian,-6.923344606378083,-4.43416675997707,0.0608165988215402,1.3474357842320015,-0.2644226577454863,-0.2164109028636827
P39,10018,1002802.8028028028,pedestrian,-6.937256955025192,-4.294580729847137,0.0259523412246628,1.3348561573095443,-0.2969838443042847,-0.1811829175508654
P39,10019,1002902.9029029028,pedestrian,-6.951815045145115,-4.155683999344617,-0.0068307014926365,1.3272424142146522,-0.3088320817863197,-0.1403717484696618
P39,10020,1003003.003003003,pedestrian,-6.96549943397912,-4.026359255581972,-0.0350675170899107,1.3213283963286857,-0.2984484187148154,-0.1088124101085453
P39,10021,1003103.1031031032,pedestrian,-6.976007835122771,-3.924602575430404,-0.0572228589891368,1.3172876716789303,-0.2685096052863386,-0.0822399157162352
P39,10022,1003203.2032032032,pedestrian,-6.989679489631858,-3.782010585178532,-0.0733550062204027,1.3270114394997443,-0.2268335298216042,-0.0125994196150883
P39,10023,1003303.3033033032,pedestrian,-6.992412912250464,-3.6134893567387447,-0.0824050938784968,1.349132437655728,-0.1738702269760567,0.0780860816209094
P39,10024,1003403.4034034034,pedestrian,-6.992183359884976,-3.4495305005042503,-0.0873986204098302,1.3731474833906474,-0.1257358051708693,0.1409107942309474
P39,10025,1003503.5035035036,pedestrian,-6.997593887503752,-3.333072165625937,-0.0928682611862279,1.389986541788053,-0.0981350797251038,0.1515138470203438
P39,10026,1003603.6036036036,pedestrian,-7.014554178629296,-3.1917923258370915,-0.1018285942565483,1.4093710979413676,-0.0947880284232649,0.167872952107551
P39,10027,1003703.7037037038,pedestrian,-7.032105891611926,-3.0088625198425736,-0.1134091221449849,1.433812360076689,-0.1029025569155761,0.1974929151440268
P39,10028,1003803.803803804,pedestrian,-7.048767427148103,-2.8769041996482385,-0.126853125495528,1.450345944776977,-0.1150940983453712,0.1849444494367391
P39,10029,1003903.903903904,pedestrian,-7.0760185165794045,-2.714277126154449,-0.142309313877587,1.4650592849198971,-0.1303565967121549,0.1702080165310653
P39,10030,1004004.0040040042,pedestrian,-7.109416653143806,-2.539787371610379,-0.1563657695627556,1.4730260143717473,-0.1342650426395456,0.1350266343536132
P39,10031,1004104.1041041042,pedestrian,-7.1275754485010205,-2.420133575148669,-0.162955476672655,1.4632304323611247,-0.1076970913879838,0.0446143263454792
P39,10032,1004204.2042042044,pedestrian,-7.138926306394183,-2.282496266057508,-0.1610569525374378,1.4437254471095655,-0.0585228197885706,-0.048354320244669
P39,10033,1004304.3043043044,pedestrian,-7.146299982228852,-2.140926514369629,-0.1516372989450586,1.4148839836578366,0.0007305568073436,-0.1414405109031176
P39,10034,1004404.4044044046,pedestrian,-7.1507077905539305,-2.011863289261388,-0.1364386357770528,1.3731647031477328,0.0593934109137096,-0.2483333360502662
P39,10035,1004504.5045045046,pedestrian,-7.151346082687923,-1.925525351856207,-0.117464861754896,1.316434346013778,0.1099230815883148,-0.3719463034281824
P39,10036,1004604.6046046048,pedestrian,-7.148415102335946,-1.8280902697175307,-0.0972976407231931,1.2560659024749297,0.145464377314086,-0.4616791924052205
P39,10037,1004704.7047047048,pedestrian,-7.145381932313471,-1.7333919758522325,-0.0792578288673441,1.1975967653280497,0.1589566019205299,-0.5092089841712428
P39,10038,1004804.804804805,pedestrian,-7.146552902812994,-1.6623560057571407,-0.0664646567512087,1.1457891355883891,0.1468622045100387,-0.5124503926169452
P39,10039,1004904.904904905,pedestrian,-7.154450331328017,-1.567007019352231,-0.0605198037109776,1.1140123466213565,0.1129026797130425,-0.436745806646221
P39,10040,1005005.0050050052,pedestrian,-7.166299294410368,-1.4429867290051326,-0.0606850420480643,1.107845360112185,0.0684298259501923,-0.2911068419782714
P39,10041,1005105.1051051052,pedestrian,-7.174940804027307,-1.306524470457464,-0.0649379641605229,1.12349138798552,0.0253689162118941,-0.1174094483197982
P39,10042,1005205.2052052054,pedestrian,-7.188424097333556,-1.1679962680174665,-0.0728608766583078,1.1538459132672738,-0.0152082243201708,0.0458991535491669
P39,10043,1005305.3053053054,pedestrian,-7.210784347678739,-0.9968679387637392,-0.082762143919027,1.19268408043802,-0.0477050271169641,0.1787097125020408
P39,10044,1005405.4054054056,pedestrian,-7.220067627895348,-0.8791278451440409,-0.0897076833338966,1.222142763402802,-0.0561221663955502,0.2235820994249171
P39,10045,1005505.5055055056,pedestrian,-7.218933896428055,-0.744677226308053,-0.0935875765490682,1.2447072942384632,-0.0493817371255751,0.2242954932715163
P39,10046,1005605.6056056058,pedestrian,-7.222953689735257,-0.5976231722518863,-0.0987347501347542,1.2575089485611302,-0.0501731506016549,0.1868675991514589
P39,10047,1005705.7057057058,pedestrian,-7.232865359876678,-0.5013260167854414,-0.1084953336526737,1.2519578707380157,-0.0685499586066575,0.0927910514172055
P39,10048,1005805.805805806,pedestrian,-7.25773525190014,-0.3986424860179504,-0.1250851578897838,1.2375033640748017,-0.1062788921514333,0.0007066160910823
P39,10049,1005905.905905906,pedestrian,-7.290097010243795,-0.2871225008968543,-0.146075277079393,1.2212740043579324,-0.1464264918604042,-0.0625116411734973
P39,10050,1006006.0060060062,pedestrian,-7.319716218224753,-0.1736738347470962,-0.1667388159351492,1.206751759819806,-0.1697210561714881,-0.0945659206672979
P39,10051,1006106.1061061062,pedestrian,-7.346697428893426,-0.0573270783249822,-0.1836433427580294,1.196298023368262,-0.1693930681734594,-0.0983965310913306
P39,10052,1006206.2062062063,pedestrian,-7.363077136788356,0.0526866568106877,-0.1944629344137372,1.1910276869863965,-0.1455926091645136,-0.0806366983405673
P39,10053,1006306.3063063064,pedestrian,-7.381836243015193,0.1761388509648745,-0.2010021017012938,1.1948871992136014,-0.11443096462074,-0.0343625380660034
P39,10054,1006406.4064064064,pedestrian,-7.397420087055737,0.3156145910515312,-0.2043795410492437,1.207744984330203,-0.0831047045373931,0.0288455832297815
P39,10055,1006506.5065065066,pedestrian,-7.425657291147282,0.4611008591088568,-0.2070411704083907,1.224025822396012,-0.0611639825068914,0.0807904996665563
P39,10056,1006606.6066066067,pedestrian,-7.435541493586824,0.5892535718897146,-0.2065081524992266,1.2357639273836345,-0.0353511493621016,0.0949504090781717
P39,10057,1006706.7067067068,pedestrian,-7.447743322333693,0.7036013947845529,-0.2070816855370232,1.2412308977848057,-0.023851229410338,0.0792910828942807
P39,10058,1006806.8068068068,pedestrian,-7.476835541773891,0.8166657580320237,-0.2128915146179086,1.24419214723768,-0.0371243458308287,0.0599929621823351
P39,10059,1006906.906906907,pedestrian,-7.512646150585117,0.944809636532319,-0.2222727155194973,1.2496774892652307,-0.0590956695289785,0.0579763519185635
P39,10060,1007007.0070070073,pedestrian,-7.549669372039792,1.0846984112380498,-0.2310278611682505,1.2576946972604608,-0.0701090158909787,0.0665622323371567
P39,10061,1007107.1071071072,pedestrian,-7.57863689730183,1.2167485992639364,-0.2340552625645469,1.263763948584514,-0.0546321952852792,0.064259879865361
P39,10062,1007207.2072072072,pedestrian,-7.592660488598644,1.337253234781745,-0.2284918983264434,1.2659392873761282,-0.0118454964278944,0.0477492196929342
P39,10063,1007307.3073073074,pedestrian,-7.6008091901641475,1.453137825769353,-0.2163897355271207,1.266587475311955,0.0396902717435136,0.0317255618347095
P39,10064,1007407.4074074076,pedestrian,-7.612760014516494,1.5782436185036226,-0.2015878255865758,1.2703553131812293,0.0816891022429853,0.034021984847957
P39,10065,1007507.5075075076,pedestrian,-7.629811198043042,1.7300568452438123,-0.186025202439276,1.2792066134377909,0.1103331554683852,0.0551425662582469
P39,10066,1007607.6076076076,pedestrian,-7.640046945182084,1.8774934182254064,-0.1689013742959281,1.2849735980580912,0.1339117577019379,0.056101338311323
P39,10067,1007707.7077077078,pedestrian,-7.635712848318491,1.996532222436856,-0.1510626095858738,1.2798133394305438,0.151109292942545,0.0143076811492848
P39,10068,1007807.807807808,pedestrian,-7.636701271449549,2.098293772777268,-0.1386485615756098,1.2653809015854007,0.1405910469677112,-0.0472217122458255
P39,10069,1007907.907907908,pedestrian,-7.648516202057257,2.1994417341424493,-0.136474056892951,1.2495981133515452,0.0944432472947452,-0.090100863040493
P39,10070,1008008.008008008,pedestrian,-7.685515397352121,2.3123031827794462,-0.1462855974355404,1.2411575716876562,0.0197246572606661,-0.087856962111558
P39,10071,1008108.1081081082,pedestrian,-7.727319597750009,2.4497264590689607,-0.1609623435294572,1.2453419799555612,-0.044855283330366,-0.0375196160925385
P39,10072,1008208.2082082084,pedestrian,-7.7577852681619,2.609485244951528,-0.1712399495007292,1.259020632758108,-0.067301856134131,0.0300978238658193
P39,10073,1008308.3083083084,pedestrian,-7.768138055229613,2.7643365700687075,-0.171354854868524,1.2704084884667113,-0.0416190327826402,0.0625796484529366
P39,10074,1008408.4084084084,pedestrian,-7.771693109175002,2.874897075858269,-0.162478111804948,1.2681306337644045,0.0089661950500648,0.0294500410962822
P39,10075,1008508.5085085086,pedestrian,-7.770884513801242,2.975638515453145,-0.1479478045183851,1.256450173947434,0.0618395922734598,-0.0272847737875025
P39,10076,1008608.6086086088,pedestrian,-7.768877853438805,3.0871033610276246,-0.1324078400306296,1.2435463372309057,0.0981019038573916,-0.0667382823828657
P39,10077,1008708.7087087088,pedestrian,-7.77205826352371,3.2095378436451205,-0.1208883767487471,1.2338607047839794,0.1046930598677879,-0.0783933504948737
P39,10078,1008808.8088088088,pedestrian,-7.78906269938714,3.338790836605501,-0.1167261707924513,1.2276166767616283,0.0801909659725736,-0.0721756791541213
P39,10079,1008908.908908909,pedestrian,-7.8037725709499695,3.463749067972582,-0.1182727667901831,1.2220093249560968,0.0430602630298552,-0.0659025983197136
P39,10080,1009009.0090090092,pedestrian,-7.823872641821311,3.570592158643424,-0.1249621534419675,1.2152482254234391,0.0003989495607305,-0.0665395975666235
P39,10081,1009109.1091091092,pedestrian,-7.849772153468898,3.690731123062871,-0.134645365849267,1.2124353860430168,-0.0373112931252503,-0.0516163684172659
P39,10082,1009209.2092092092,pedestrian,-7.862548288516638,3.823147952253464,-0.143161132061551,1.2142785759266843,-0.0558535377801168,-0.0244288180183882
P39,10083,1009309.3093093092,pedestrian,-7.884255840087095,3.947789751734025,-0.1515404576523251,1.216898123364452,-0.0666679907560067,-0.0047852146431973
P39,10084,1009409.4094094096,pedestrian,-7.897216571988499,4.062435102212742,-0.1578194819738633,1.2191728387782932,-0.0651381632324433,0.0058947936798041
P39,10085,1009509.5095095095,pedestrian,-7.915442948976939,4.175163978995578,-0.1635266569564043,1.224156604999645,-0.0619843979694421,0.0229353019564157
P39,10086,1009609.6096096096,pedestrian,-7.931981740848166,4.306954902687422,-0.1685349871670018,1.236781293322057,-0.0573446143080584,0.0629947489732144
P39,10087,1009709.7097097096,pedestrian,-7.948727583376162,4.453167553708069,-0.1735495656974603,1.256075960089084,-0.0545303585496272,0.1133708290234752
P39,10088,1009809.80980981,pedestrian,-7.967030820621035,4.598932049299876,-0.1795150184354123,1.2762367213504089,-0.0564965453491132,0.1475485587241996
P39,10089,1009909.90990991,pedestrian,-7.991449726130358,4.7271341474928565,-0.187195856439278,1.2916698209815964,-0.064352351304141,0.1501217759977827
P39,10090,1010010.01001001,pedestrian,-8.0114134906196,4.856128690687627,-0.1953756119979012,1.3036342074674807,-0.0710933138250333,0.1382429451461904
P39,10091,1010110.11011011,pedestrian,-8.039582625675244,4.987008065078234,-0.2048559539267209,1.3137286496593796,-0.0802614378288509,0.1237234206257404
P39,10092,1010210.2102102104,pedestrian,-8.060276162485474,5.133021546268082,-0.2136943201036676,1.3233685884872908,-0.0833804004305779,0.1130780383258763
P39,10093,1010310.3103103105,pedestrian,-8.083108488007959,5.267084196814786,-0.2230621174534016,1.3282271151291132,-0.0873418393045414,0.0880212694203941
P39,10094,1010410.4104104104,pedestrian,-8.103680938016542,5.391940946043347,-0.2339355849839467,1.3279389146363036,-0.0956049256669521,0.0527311821941932
P39,10095,1010510.5105105104,pedestrian,-8.142738052740704,5.514886021558665,-0.2489952527924589,1.3254791380157087,-0.1168958037342168,0.0227194605007868
P39,10096,1010610.6106106108,pedestrian,-8.190252792573046,5.648841671451807,-0.2646577532854083,1.3247916548058165,-0.1322589900694823,0.011232793316
P39,10097,1010710.7107107108,pedestrian,-8.231034945427718,5.792080714945738,-0.273876449745689,1.3258777511282014,-0.1166661139164907,0.0110842218920871
P39,10098,1010810.8108108108,pedestrian,-8.24910330190878,5.930884474011671,-0.271129657979605,1.324877497859912,-0.060719895530579,0.0029016343493795
P39,10099,1010910.9109109108,pedestrian,-8.252937176379797,6.067158079489179,-0.2584548097579094,1.318805951457401,0.0120113905224466,-0.0217727398625039
P39,10100,1011011.0110110112,pedestrian,-8.257882446749026,6.186298309551767,-0.2428978251447057,1.3045586935600944,0.0676844213709206,-0.0685764980309056
P39,10101,1011111.1111111112,pedestrian,-8.26696928454172,6.289745368056366,-0.2312169901179804,1.2843802727877691,0.086710362999853,-0.120213136673933
P39,10102,1011211.2112112112,pedestrian,-8.294270268825697,6.397494738055671,-0.2291170329528313,1.2660936532025295,0.0611914342549208,-0.1444658214265102
P39,10103,1011311.3113113112,pedestrian,-8.332421557626738,6.524484310398583,-0.2360721772993158,1.2563211756853172,0.0104603761864436,-0.1262816940252341
P39,10104,1011411.4114114116,pedestrian,-8.365092884267625,6.664727284375366,-0.2477617769592455,1.2548240556520152,-0.0389375649966241,-0.0830620195522479
P39,10105,1011511.5115115116,pedestrian,-8.398226039641752,6.800812406244743,-0.2622982730010443,1.2561836890903062,-0.0801992364684994,-0.0455418082775149
P39,10106,1011611.6116116116,pedestrian,-8.432744712162874,6.92770108675563,-0.2783226691688557,1.2560528981729282,-0.1112126373854559,-0.0283684576053353
P39,10107,1011711.7117117116,pedestrian,-8.462672454529068,7.045665227123989,-0.2946771818098807,1.2532216246845531,-0.1314660877084694,-0.0283358326791658
P39,10108,1011811.811811812,pedestrian,-8.499688256518198,7.162215794343936,-0.3128263176001853,1.2498647988046838,-0.1508168436015963,-0.0303541754239181
P39,10109,1011911.911911912,pedestrian,-8.542081644345926,7.291635329067771,-0.3326004742068273,1.2490692718816965,-0.1689575709320321,-0.0216552020188772
P39,10110,1012012.012012012,pedestrian,-8.594857668580534,7.423759022755455,-0.3526017270901484,1.249279904116687,-0.1809363279591117,-0.012431128132226
P39,10111,1012112.112112112,pedestrian,-8.642007755800735,7.5477964947748015,-0.3677894526565141,1.2475899759256244,-0.1695958163172806,-0.0141592302382476
P39,10112,1012212.2122122124,pedestrian,-8.681748277195492,7.660069460176282,-0.3749117841127661,1.2437614520945184,-0.1313771953080535,-0.0235107612712182
P39,10113,1012312.3123123124,pedestrian,-8.713250891666092,7.776595103113849,-0.37298642805202,1.2421586242067528,-0.0729055768876911,-0.0205996286690959
P39,10114,1012412.4124124123,pedestrian,-8.740836372683406,7.906713533857868,-0.3635027915614519,1.2462734246113458,-0.0078202585380187,0.0033565630670455
P39,10115,1012512.5125125124,pedestrian,-8.768771252545575,8.043408691581787,-0.3487318212968701,1.2551094691617697,0.052503498783621,0.0363231554071443
P39,10116,1012612.6126126128,pedestrian,-8.794302408944578,8.182969447342693,-0.3299257963498704,1.265457374639408,0.1050574291908695,0.0623547896016578
P39,10117,1012712.7127127128,pedestrian,-8.809347847767906,8.322887600077312,-0.3081612311352049,1.2729738221075368,0.1486828456765986,0.0672986884270231
P39,10118,1012812.8128128127,pedestrian,-8.824397150785785,8.440980151145189,-0.2876568140439768,1.2726362557705566,0.1704842923588604,0.0398622291575812
P39,10119,1012912.9129129128,pedestrian,-8.861204699961517,8.5599542831202,-0.2723790674847297,1.2671528127343523,0.163550692019822,0.003119612579826
P39,10120,1013013.013013013,pedestrian,-8.871848460030145,8.687658611744906,-0.2574619739132631,1.2588049921537108,0.1579101541033783,-0.0304676859187932
P39,10121,1013113.1131131132,pedestrian,-8.888445665689131,8.802618249125029,-0.2473319243618351,1.245963299185104,0.1358933658235936,-0.0684444803267896
P39,10122,1013213.2132132133,pedestrian,-8.920089422142093,8.91198291316945,-0.2447157782816961,1.2309623696988712,0.093282199467733,-0.1000519960302262
P39,10123,1013313.3133133132,pedestrian,-8.948005952510341,9.028342270169368,-0.2470265465735756,1.2179544046588515,0.0481053468310459,-0.1116590748612795
P39,10124,1013413.4134134136,pedestrian,-8.985551819459316,9.152885126908556,-0.2533082128140856,1.208351081993081,0.0050666923776392,-0.1055553985984105
P39,10125,1013513.5135135136,pedestrian,-9.020286807304164,9.279848278394375,-0.259174363943393,1.2000878645477553,-0.0196516134352332,-0.0966238785543171
P39,10126,1013613.6136136136,pedestrian,-9.056587302288229,9.395368355142304,-0.2610402672787969,1.189390482949674,-0.0192590219882778,-0.1006004849247676
P39,10127,1013713.7137137136,pedestrian,-9.083031958005302,9.498097212417123,-0.2540144547536248,1.1759634138263309,0.0154667744311851,-0.113620077719025
P39,10128,1013813.8138138138,pedestrian,-9.093069246562896,9.597268457267292,-0.2356050475204606,1.164086691377033,0.0808611605553766,-0.1155722359917447
P39,10129,1013913.913913914,pedestrian,-9.095897264023009,9.706809848463234,-0.2081209372706705,1.1599229607539498,0.1560629251304766,-0.0868524534122864
P39,10130,1014014.014014014,pedestrian,-9.094816862963304,9.84552755784354,-0.1753395210154349,1.1667702020994024,0.2226143162022693,-0.0265775573262887
P39,10131,1014114.114114114,pedestrian,-9.094021647876628,9.982374186792578,-0.1412903242240663,1.1774260254771014,0.2682455452072124,0.0250681298986454
P39,10132,1014214.2142142142,pedestrian,-9.091509863567376,10.098871178937838,-0.1087333111388024,1.1849809154228672,0.29037416508945,0.0446368532877433
P39,10133,1014314.3143143144,pedestrian,-9.096816546748046,10.207323369219033,-0.0800592138207735,1.190132258155113,0.2888523369677863,0.047286533646093
P39,10134,1014414.4144144144,pedestrian,-9.104968293636508,10.31584674821374,-0.0536823678242339,1.1973829169116557,0.2790116685582981,0.0570495183371705
P39,10135,1014514.5145145144,pedestrian,-9.109026077045064,10.446646480417993,-0.0254758749224351,1.2126077339869266,0.2800875245527215,0.0939492039145222
P39,10136,1014614.6146146146,pedestrian,-9.094064063831691,10.599440971828034,0.0090547948933403,1.2347045120656033,0.3052733830822618,0.1431755996378667
P39,10137,1014714.7147147148,pedestrian,-9.064867912964434,10.75322067369139,0.049150523027981,1.254645750172371,0.3422648988695985,0.1649308813332702
P39,10138,1014814.8148148148,pedestrian,-9.032786167319529,10.890660061410465,0.0900440135561243,1.2621694591296913,0.367989309214605,0.1300800212144091
P39,10139,1014914.9149149148,pedestrian,-9.008888140643954,10.981184897600093,0.1267646781707722,1.2515964652007945,0.367542897472375,0.0385730140196201
P39,10140,1015015.015015015,pedestrian,-8.979238481304842,11.07951405808708,0.1582557036864311,1.2341496160675494,0.3469871693784818,-0.0440679526992723
P39,10141,1015115.1151151152,pedestrian,-8.948079335554336,11.21644970387379,0.181941161455213,1.2185052644099073,0.3041386482060254,-0.0876345693427342
P39,10142,1015215.2152152152,pedestrian,-8.920501127340682,11.353784771423356,0.194564272857816,1.1978508031169337,0.2350209365608552,-0.1337186040190383
P39,10143,1015315.3153153152,pedestrian,-8.905395387793046,11.441070626709406,0.1933849355012414,1.1622723386396607,0.139205262730294,-0.2197927570045997
P39,10144,1015415.4154154154,pedestrian,-8.895109224099118,11.529080872472504,0.1790996070167432,1.1181062920589413,0.0297576664609343,-0.3057565725448515
P39,10145,1015515.5155155156,pedestrian,-8.898799001051907,11.610898854122008,0.1526570712424176,1.0698815735728702,-0.0843497947202139,-0.3740879669192354
P39,10146,1015615.6156156156,pedestrian,-8.899615614665866,11.68510850182398,0.1185463024438617,1.022807536177243,-0.1838979979346328,-0.4114283932759532
P39,10147,1015715.7157157155,pedestrian,-8.91726253945998,11.751977691979674,0.0783561819943479,0.983911079551216,-0.2683769407484904,-0.402556297265181
P39,10148,1015815.8158158158,pedestrian,-8.942427431456583,11.827343691526416,0.0382878816049214,0.9631995087212696,-0.3195863167566675,-0.3266003592813644
P39,10149,1015915.915915916,pedestrian,-8.961228331716885,11.93527960171729,0.0066571396486286,0.9692436900692708,-0.3181905572761146,-0.1763631745123247
P39,10150,1016016.016016016,pedestrian,-8.960147487399992,12.078517143431863,-0.0104803581910118,1.0008294825470745,-0.2611260904566413,0.0146082660641545
P39,10151,1016116.1161161164,pedestrian,-8.95176001723798,12.225738685728142,-0.0141857920052008,1.045311498664423,-0.1741207527343478,0.1814559239328647
P39,10152,1016216.2162162164,pedestrian,-8.932435637505217,12.357118564931186,-0.0079643313764749,1.089567307651076,-0.0823928771921671,0.2826513100032388
P39,10153,1016316.3163163164,pedestrian,-8.907635928206824,12.475785850253772,0.0007192780469554,1.127456709069054,-0.0167271462133563,0.3198683355324507
P39,10154,1016416.4164164164,pedestrian,-8.909899701066033,12.587029622117706,0.0017066261456502,1.159000448829915,-0.0064038682387304,0.31802565922728
P39,10155,1016516.5165165168,pedestrian,-8.919647768818406,12.71656039839266,-0.0057973541978803,1.1887221195161162,-0.0330211348571817,0.3098316511667718
P39,10156,1016616.6166166168,pedestrian,-8.927755602164437,12.85254487017152,-0.0201835413600686,1.2156720719608265,-0.0759967730247259,0.2940689586773371
P39,10157,1016716.7167167168,pedestrian,-8.943141717418822,12.992938621891785,-0.0412595503049817,1.2369481383095444,-0.128233857234686,0.2624201934995813
P39,10158,1016816.8168168168,pedestrian,-8.96478521819801,13.116542384392442,-0.067254189844587,1.2477053874214383,-0.1792674480689058,0.202262200498666
P39,10159,1016916.9169169172,pedestrian,-8.991856080321337,13.225372546428035,-0.0951126305690926,1.2488157716804182,-0.2177169288052063,0.128044842286429
P39,10160,1017017.0170170172,pedestrian,-9.018751521165512,13.333617698517156,-0.1205113930263249,1.246676892967684,-0.2316996272202703,0.0700388109763788
P39,10161,1017117.1171171172,pedestrian,-9.045988814395908,13.453465226936828,-0.1395424621513344,1.2484971997358487,-0.2155573950070625,0.0499076515503985
P39,10162,1017217.2172172172,pedestrian,-9.071818751230206,13.574850474456971,-0.1479660818215894,1.257964452779868,-0.16454211194846,0.0672498811953041
P39,10163,1017317.3173173176,pedestrian,-9.068629281127604,13.715689701725058,-0.1410057649268062,1.2794506436319055,-0.0736673547382911,0.1244736036714955
P39,10164,1017417.4174174176,pedestrian,-9.062191094648217,13.890067775856243,-0.1236317182614092,1.3116745722556205,0.0223158644339466,0.2011266978543802
P39,10165,1017517.5175175176,pedestrian,-9.055396883734817,14.060203620437951,-0.1013718122863632,1.341315080292807,0.0999850109624123,0.2380013711341631
P39,10166,1017617.6176176176,pedestrian,-9.051424269927034,14.17383673391047,-0.079187202600298,1.3556726675821962,0.1472087827421342,0.201286998530124
P39,10167,1017717.717717718,pedestrian,-9.049098270256026,14.298414725157162,-0.0603676038747732,1.363161509382506,0.1630481045811235,0.1521864431221633
P39,10168,1017817.817817818,pedestrian,-9.053933183516572,14.420615330320024,-0.0471776593784266,1.369230049720904,0.1509041123568431,0.1166396079158316
P39,10169,1017917.917917918,pedestrian,-9.061152890566378,14.576479771517718,-0.0389187510696447,1.3813031884143805,0.1243502344749129,0.1181812802199822
P39,10170,1018018.018018018,pedestrian,-9.068172158714413,14.734426972520888,-0.0336868054420401,1.3948236998274288,0.0963655499405451,0.1247379206039129
P39,10171,1018118.1181181184,pedestrian,-9.071503189760035,14.85408331441957,-0.0293633322485454,1.4039883689710662,0.0757218881157884,0.1118553955312641
P39,10172,1018218.2182182184,pedestrian,-9.072456847827873,15.012719203002844,-0.0249943764566147,1.4179661123147709,0.063269075693111,0.122641249916848
P39,10173,1018318.3183183183,pedestrian,-9.071903952082112,15.161877362420244,-0.0204003949037775,1.4323411922820573,0.0565235346996372,0.1307807623530532
P39,10174,1018418.4184184184,pedestrian,-9.071568217376912,15.319148281425027,-0.0158976628558427,1.446384050820476,0.0520429003462342,0.1344718000992524
P39,10175,1018518.5185185188,pedestrian,-9.071404518301332,15.475614268500143,-0.0116552154776083,1.456461815398206,0.0482922864378776,0.1213516576422526
P39,10176,1018618.6186186188,pedestrian,-9.071405624961534,15.619101588666847,-0.0076788051751793,1.458777012744949,0.0449659683944093,0.0832187919206498
P39,10177,1018718.7187187189,pedestrian,-9.07162894203703,15.725051344294291,-0.0037828088405299,1.4538005142305288,0.0426191430724626,0.0316100720826637
P40,10242,1025225.2252252252,pedestrian,-6.510357031317851,-10.52031525803608,0.1543321688247417,2.185007100929332,0.0009826635924123,-0.1702667795127455
P40,10243,1025325.3253253254,pedestrian,-6.495251556303358,-10.29536960039056,0.1545490642854258,2.1644955464020743,0.0019299612402703,-0.1979816996843958
P40,10244,1025425.4254254254,pedestrian,-6.480081379233543,-10.081634911251651,0.1551835285308095,2.131767255603709,0.0050051358806695,-0.2879515416504046
P40,10245,1025525.5255255256,pedestrian,-6.464751775799351,-9.895524135160656,0.1567790059982896,2.0729188889726866,0.0114177374321556,-0.4638683739066324
P40,10246,1025625.6256256256,pedestrian,-6.449029522656135,-9.77744803741504,0.1601021549432424,1.977952646283736,0.0224206136421895,-0.7087974518677246
P40,10247,1025725.7257257258,pedestrian,-6.420453454811298,-9.64589674366966,0.1661011026678927,1.8645494006478427,0.0393022246977386,-0.8996724867706266
P40,10248,1025825.8258258258,pedestrian,-6.388309821452784,-9.50955636208791,0.1705158905578744,1.75308606245689,0.0412963889187,-0.9884872326605898
P40,10249,1025925.925925926,pedestrian,-6.361824455642255,-9.37873409579031,0.1660279132037084,1.6558112228022943,0.0072139354615295,-0.9818743995118172
P40,10250,1026026.026026026,pedestrian,-6.356474109197132,-9.27143115421908,0.1463433676379453,1.580246444487155,-0.071585082888999,-0.8941389131365206
P40,10251,1026126.1261261262,pedestrian,-6.37367472445086,-9.111785179492555,0.1118975578556903,1.5412098270166064,-0.1761552175903208,-0.7006898141790241
P40,10252,1026226.2262262262,pedestrian,-6.392937283498394,-8.928775976934913,0.0698954684776511,1.534325760279795,-0.2696458628739943,-0.4580138036180562
P40,10253,1026326.3263263264,pedestrian,-6.4126262532599645,-8.736256153317983,0.0264897592668314,1.5478552521372282,-0.3328458183215769,-0.2293933579385264
P40,10254,1026426.4264264264,pedestrian,-6.431442652208864,-8.545682607476145,-0.0134418209341463,1.5675011011344604,-0.358400344030981,-0.064760216783682
P40,10255,1026526.5265265264,pedestrian,-6.447545820838053,-8.372845970417737,-0.0463130390377534,1.579662020983798,-0.3467625500145534,0.0074496181990968
P40,10256,1026626.6266266266,pedestrian,-6.4570351493001805,-8.24989182907313,-0.070116020486117,1.5765750630484752,-0.304459667100149,-0.0074140624412579
P40,10257,1026726.7267267267,pedestrian,-6.464671085060244,-8.09880961181544,-0.0856727115198,1.5693379871320077,-0.246570668673094,-0.0326145380394233
P40,10258,1026826.8268268268,pedestrian,-6.471154343717928,-7.946063720316919,-0.0947402861161067,1.559197006450941,-0.1859844211454205,-0.0592958674957738
P40,10259,1026926.926926927,pedestrian,-6.4766316053987065,-7.826159143227767,-0.0995945358072987,1.5462370663980811,-0.1325884723301351,-0.0865486935098463
P40,10260,1027027.027027027,pedestrian,-6.4850486873330455,-7.658663656668774,-0.1029638294012237,1.5433917795184997,-0.094173916155433,-0.0639788388621074
P40,10261,1027127.1271271273,pedestrian,-6.496843414503344,-7.494662542806067,-0.1065794109564616,1.546628534125358,-0.0716337887777409,-0.0265839886989618
P40,10262,1027227.2272272272,pedestrian,-6.510426496609283,-7.332712646110306,-0.1109737754976231,1.5530316920041076,-0.0608664659485411,0.0085712201021104
P40,10263,1027327.3273273272,pedestrian,-6.524922972619511,-7.17196485506268,-0.1160684065395147,1.560603987434665,-0.0569954532403027,0.0346116814401592
P40,10264,1027427.4274274274,pedestrian,-6.539860237112502,-7.011920182005805,-0.1215322478868477,1.5680709849480636,-0.056059190038454,0.0501341486863659
P40,10265,1027527.5275275277,pedestrian,-6.554989733808403,-6.8522858142611,-0.1269857560026925,1.5747018820245526,-0.0554463257943795,0.0563878271292615
P40,10266,1027627.6276276276,pedestrian,-6.57018579988042,-6.6928902181954175,-0.1321045314916949,1.5801545356325108,-0.0537731727840519,0.0556440602006935
P40,10267,1027727.7277277276,pedestrian,-6.5853888169517365,-6.533633110283889,-0.1366605767798475,1.5843480300982016,-0.0505670912229754,0.0503055408577919
P40,10268,1027827.8278278278,pedestrian,-6.600573648256838,-6.374456003031756,-0.140527320179217,1.5873628224076757,-0.0459323045179443,0.0424680937581757
P40,10269,1027927.927927928,pedestrian,-6.615732394245278,-6.215324883504797,-0.1436658260364656,1.589366325234698,-0.0402724690050414,0.0337511672071599
P40,10270,1028028.028028028,pedestrian,-6.630865175809474,-6.05622004025781,-0.1461033198422822,1.5905605080333924,-0.0340911331106993,0.0252795263886172
P40,10271,1028128.128128128,pedestrian,-6.645975360518832,-5.897130097871404,-0.1479107035826371,1.591147526022888,-0.027865747608546,0.0177419883191068
P40,10272,1028228.2282282282,pedestrian,-6.661067206058158,-5.738048525251807,-0.1491826706558067,1.5913093460644632,-0.0219806739318551,0.0114816494663895
P40,10273,1028328.3283283284,pedestrian,-6.676144787989562,-5.578971596335095,-0.1500220036574232,1.591197654962077,-0.0167024252815278,0.0065909665730688
P40,10274,1028428.4284284284,pedestrian,-6.691211586920944,-5.419897202159714,-0.1505283768259551,1.590930857628836,-0.0121819909986476,0.0029974213113943
P40,10275,1028528.5285285284,pedestrian,-6.706270396634603,-5.260824161046058,-0.1507912686122388,1.590595578914293,-0.0084721988527553,0.0005333935317239
P40,10276,1028628.6286286288,pedestrian,-6.721323374499966,-5.101751819555309,-0.1508862464951024,1.5902506870431594,-0.005551415312143,-0.0010113130043752
P40,10277,1028728.7287287288,pedestrian,-6.73637214331257,-4.9426798227722015,-0.1508737842074195,1.589932403325869,-0.0033478662000462,-0.0018531240291201
P40,10278,1028828.828828829,pedestrian,-6.751417901030454,-4.783607982954731,-0.150799813795787,1.5896595220521816,-0.0017612437243782,-0.0021920315888411
P40,10279,1028928.928928929,pedestrian,-6.766461519689248,-4.624536205322027,-0.1506973325705578,1.5894381244492872,-0.0006800163621359,-0.0021996915094551
P40,10280,1029029.0290290292,pedestrian,-6.781503627253296,-4.46546444740845,-0.1505885316549746,1.5892654309855905,5.958437853347464e-06,-0.0020154835603537
P40,10281,1029129.1291291292,pedestrian,-6.796544672014355,-4.306392699334703,-0.1504870593452855,1.5891326025539243,0.0003971952871046,-0.0017481778220211
P40,10282,1029229.2292292294,pedestrian,-6.811584971535951,-4.147320980197223,-0.1504001622838432,1.5890263793048645,0.0005800143705713,-0.0014814621759473
P40,10283,1029329.3293293294,pedestrian,-6.826624748748246,-3.9882493539876447,-0.1503305527529169,1.5889294384811068,0.0006248100099241,-0.0012822920931146
P40,10284,1029429.4294294296,pedestrian,-6.841664157445183,-3.82917798218596,-0.1502779291951678,1.5888192537668075,0.0005863363451616,-0.001211810523647
P40,10285,1029529.5295295296,pedestrian,-6.856703298348027,-3.670107260188384,-0.1502401307538081,1.5886650300394525,0.0005053015249983,-0.0013394927354228
P40,10286,1029629.6296296298,pedestrian,-6.871742224694708,-3.511038156370162,-0.1502139383458272,1.588421933746341,0.0004107138738972,-0.0017622883751116
P40,10287,1029729.7297297298,pedestrian,-6.886780931583488,-3.351973047475735,-0.1501955484024358,1.588021286712524,0.0003225867383319,-0.0026319874656187
P40,10288,1029829.82982983,pedestrian,-6.901819312359019,-3.192917773317731,-0.1501807452909585,1.5873545773549398,0.0002547618692287,-0.0041959407183666
P40,10289,1029929.92992993,pedestrian,-6.916857039033556,-3.033886688836855,-0.1501647905621577,1.5862480413294653,0.0002177349518827,-0.0068585465757518
P40,10290,1030030.0300300302,pedestrian,-6.931893259575416,-2.874915085403797,-0.1501420433341938,1.5844233289068208,0.00022142694507,-0.0112728284694437
P40,10291,1030130.1301301302,pedestrian,-6.946925847530029,-2.71608973045133,-0.1501053554575976,1.5814391646133612,0.0002777529974741,-0.0184701787898591
P40,10292,1030230.2302302304,pedestrian,-6.961949552817114,-2.5576239538132493,-0.1500454240389877,1.576611399450046,0.0004023594183379,-0.0300235347985803
P40,10293,1030330.3303303304,pedestrian,-6.976951452191888,-2.4000422590840373,-0.1499507321895796,1.5689216048664945,0.0006134049369746,-0.0481916447083985
P40,10294,1030430.4304304306,pedestrian,-6.9918997614173,-2.2446342193213784,-0.149809980268694,1.556966664363202,0.0009211559788057,-0.0758483204649079
P40,10295,1030530.5305305306,pedestrian,-7.006716326803256,-2.0945704502815987,-0.1496223073351718,1.539124017749213,0.0012914078147919,-0.115602769589462
P40,10296,1030630.6306306308,pedestrian,-7.021208990369151,-1.9576464044485604,-0.1494293969302639,1.5144378304255597,0.0015382304841257,-0.1664654041800069
P40,10297,1030730.7307307308,pedestrian,-7.034905298364829,-1.8530284161380617,-0.1494059077353823,1.4855943150056383,0.0010321466403958,-0.2137055106820932
P40,10298,1030830.830830831,pedestrian,-7.057735767267365,-1.710512236965497,-0.1501008065011004,1.4675592773808013,-0.0020636562256865,-0.2006860929039521
P40,10299,1030930.930930931,pedestrian,-7.07727347528438,-1.5516395385819457,-0.1484326598686361,1.4620408634240618,0.0052072509995274,-0.1441767209914946
P40,10300,1031031.0310310312,pedestrian,-7.093238062451776,-1.3887112497086826,-0.1418801891605046,1.464650177220641,0.0285987442477004,-0.078083306094294
P40,10301,1031131.1311311312,pedestrian,-7.102986896339326,-1.2351390577504486,-0.1283353945885783,1.4692342028301828,0.0700280227477182,-0.0299904926342885
P40,10302,1031231.2312312314,pedestrian,-7.09889981136348,-1.1145814920896393,-0.1067880258865322,1.4730167519305937,0.1264104646878673,-0.0036771066148722
P40,10303,1031331.3313313314,pedestrian,-7.074929630372034,-0.9467277825753287,-0.080221608893366,1.486927992990985,0.1803695287407151,0.0517037899769328
P40,10304,1031431.4314314316,pedestrian,-7.055011027999695,-0.7709519469937465,-0.0587954082536414,1.505766470869076,0.1934443586427026,0.1046940552287581
P40,10305,1031531.5315315316,pedestrian,-7.047244754816458,-0.604141193122615,-0.0520608864254049,1.521321058402095,0.1444629828059009,0.1243757737929705
P40,10306,1031631.6316316318,pedestrian,-7.069929954754922,-0.4741667921470468,-0.0667703406744415,1.5282866381499176,0.0313292629748871,0.103104898646204
P40,10307,1031731.7317317318,pedestrian,-7.147748503929024,-0.2951683946260123,-0.1003029761353132,1.5356956051730128,-0.1108865701684832,0.0918116077580021
P40,10308,1031831.831831832,pedestrian,-7.187778849733978,-0.1667312071708872,-0.1295278781018138,1.5342625343526173,-0.1811831112960833,0.0506097409652739
P40,10309,1031931.931931932,pedestrian,-7.205160888786163,-0.0086640521150956,-0.1442466517506765,1.533259478983764,-0.1679280088786159,0.0270713683193776
P40,10310,1032032.032032032,pedestrian,-7.208325773393576,0.1522423701237939,-0.1421304918908291,1.531264763706995,-0.0945263240810808,0.0088252009389324
P40,10311,1032132.1321321322,pedestrian,-7.199099198668967,0.2821435350579913,-0.1254341658493341,1.5250337266481038,0.0069264624231767,-0.0187674366836916
P40,10312,1032232.2322322323,pedestrian,-7.168864090184982,0.4684875612931364,-0.100206944378955,1.522967454679354,0.1020786401762569,-0.0194952169675508
P40,10313,1032332.3323323324,pedestrian,-7.162103244351785,0.5958557546030777,-0.0803586959369814,1.511602448370213,0.1394282656352276,-0.05600465247469
P40,10314,1032432.4324324324,pedestrian,-7.182434020980877,0.7408654878685166,-0.071635988597269,1.4982783093775285,0.1191284315987709,-0.085938396777984
P40,10315,1032532.5325325326,pedestrian,-7.197802001088063,0.8542719838224504,-0.0694825700769529,1.4836525095174458,0.0812312419108471,-0.1092993801302216
P40,10316,1032632.6326326329,pedestrian,-7.216927895821937,1.012070389226695,-0.0707359086303636,1.4808008411000897,0.044834043926362,-0.0779261960390962
P40,10317,1032732.7327327328,pedestrian,-7.225089399242534,1.1815990019258813,-0.070471099738935,1.4872887104069556,0.0284552424162603,-0.0225105120323161
P40,10318,1032832.8328328328,pedestrian,-7.227485225043084,1.354561412215267,-0.0674940075060292,1.4961382433788777,0.0289544684291372,0.02055071937943
P40,10319,1032932.932932933,pedestrian,-7.227268633462374,1.5226355001334018,-0.0626672225817158,1.4983284557663046,0.0364337267625795,0.0210668695678845
P40,10320,1033033.0330330333,pedestrian,-7.22679833821242,1.6719753797980546,-0.0578593004471339,1.4850929920221037,0.0409361693722094,-0.0384442878494421
P40,10321,1033133.1331331332,pedestrian,-7.228891219556504,1.772087697090661,-0.0551939456378403,1.4524156445571037,0.0353809066964131,-0.1502549195265225
P40,10322,1033233.2332332332,pedestrian,-7.236139881825069,1.885010383820324,-0.0561256966859707,1.4133296495360703,0.0180313421383578,-0.2435128122550676
P40,10323,1033333.3333333334,pedestrian,-7.246149816817086,2.00527906983053,-0.0605011123557582,1.375571959450583,-0.0059385385086203,-0.2954136735955956
P40,10324,1033433.4334334336,pedestrian,-7.257594208720747,2.1297323916045507,-0.0674416957771122,1.34319669342521,-0.0305513812677398,-0.3062899748519324
P40,10325,1033533.5335335336,pedestrian,-7.269750074901894,2.256549719220747,-0.0758682664316603,1.3178120326750038,-0.0513720777622135,-0.2858314352440434
P40,10326,1033633.6336336336,pedestrian,-7.282232428850909,2.3846884212238626,-0.0847853696623542,1.2995039371265047,-0.0660120756227801,-0.2458697338424684
P40,10327,1033733.7337337338,pedestrian,-7.294842959435789,2.513555552822367,-0.0934109852436292,1.2875027562128205,-0.0738379094846095,-0.196961558051766
P40,10328,1033833.833833834,pedestrian,-7.307484626600262,2.6428168503322165,-0.1012118327661599,1.280643673611347,-0.0754267552437222,-0.1470978028989863
P40,10329,1033933.933933934,pedestrian,-7.320113982168936,2.772285983277864,-0.1078858352166785,1.2776668008040128,-0.0720284118615262,-0.1015358012508139
P40,10330,1034034.034034034,pedestrian,-7.332714928117747,2.901860603604198,-0.1133193585089031,1.2773970084705175,-0.0651383280341857,-0.0631631116185207
P40,10331,1034134.1341341342,pedestrian,-7.345284547867556,3.031485601778442,-0.1175366496620059,1.2788373724094402,-0.0562061351538706,-0.0330551106224211
P40,10332,1034234.2342342344,pedestrian,-7.357825658835004,3.1611321247287534,-0.1206516358534387,1.2812037873418305,-0.0464664923788987,-0.0110442868027023
P40,10333,1034334.3343343344,pedestrian,-7.370343050521784,3.2907856861630167,-0.1228272582674408,1.2839222638327132,-0.0368648253444849,0.0037867516779072
P40,10334,1034434.4344344344,pedestrian,-7.382841702402865,3.420439494566553,-0.1242442503669224,1.286604979970286,-0.0280485244333836,0.0127212712565341
P40,10335,1034534.5345345346,pedestrian,-7.395326034814982,3.5500907560867017,-0.125079277887402,1.2890164998613398,-0.0203978686167154,0.0171353520205552
P40,10336,1034634.6346346348,pedestrian,-7.407799675734044,3.679738659894024,-0.1254912708415522,1.291037771330647,-0.0140767156746216,0.0183222235608591
P40,10337,1034734.7347347348,pedestrian,-7.420265467184917,3.809383305332161,-0.1256143061314961,1.2926325613169305,-0.0090889189176707,0.0173942529436917
P40,10338,1034834.8348348348,pedestrian,-7.432725568295807,3.939025149231441,-0.1255553206782012,1.2938188034938325,-0.0053315760229755,0.0152420352741082
P40,10339,1034934.934934935,pedestrian,-7.445181584487207,4.068664735416326,-0.1253950850581669,1.2946458074113891,-0.0026402507230056,0.0125320997665579
P40,10340,1035035.0350350352,pedestrian,-7.457634690773473,4.198302573542065,-0.1251911303953486,1.2951772867255078,-0.0008242136665091,0.0097280751271709
P40,10341,1035135.1351351351,pedestrian,-7.4700857368966735,4.327939094111125,-0.1249816190108339,1.2954795820324052,0.0003083379443659,0.0071237846893594
P40,10342,1035235.2352352352,pedestrian,-7.482535331598728,4.45757464012062,-0.1247894337849157,1.2956141688764515,0.000934003435025,0.0048801126988889
P40,10343,1035335.3353353352,pedestrian,-7.494983907550238,4.587209474424069,-0.1246260054294219,1.2956334575074588,0.0012052373853924,0.0030603247879647
P40,10344,1035435.4354354356,pedestrian,-7.507431769897681,4.71684379192418,-0.1244945886041464,1.295578929783062,0.0012470172127471,0.0016607404292123
P40,10345,1035535.5355355355,pedestrian,-7.519879131412202,4.846477730649056,-0.1243928337619441,1.2954807590705764,0.0011575359376592,0.0006352491442956
P40,10346,1035635.6356356356,pedestrian,-7.532326136391326,4.976111377213672,-0.1243145829775962,1.295358174079888,0.0010116356991231,-8.680590750895581e-05
P40,10347,1035735.7357357356,pedestrian,-7.544772873721877,5.105744760092055,-0.1242508467528872,1.295219920350336,0.0008660847834796,-0.000589308511352
P40,10348,1035835.835835836,pedestrian,-7.557219375973886,5.235377816153226,-0.1241898943021626,1.2950642119352034,0.0007662442386136,-0.0009644217120278
P40,10349,1035935.935935936,pedestrian,-7.569665593527218,5.3650102949397045,-0.1241163057813718,1.2948775187208608,0.0007541723182779,-0.0013140768326388
P40,10350,1036036.036036036,pedestrian,-7.582111314148539,5.494641513009241,-0.1240086758453364,1.294631364050108,0.0008788132403068,-0.0017586012481503
P40,10351,1036136.136136136,pedestrian,-7.594555953378193,5.624269742225763,-0.1238353955777005,1.2942759658239371,0.0012096832195832,-0.0024542388642109
P40,10352,1036236.2362362364,pedestrian,-7.606998030806234,5.753890700098394,-0.1235475308241743,1.293728990218891,0.0018565045042802,-0.0036228238793921
P40,10353,1036336.3363363364,pedestrian,-7.619433876559019,5.883493833921646,-0.1230672042782837,1.292856874513406,0.0029986551682083,-0.0055987543176041
P40,10354,1036436.4364364364,pedestrian,-7.631854446904285,6.013053181791796,-0.1222690341102514,1.2914452184015752,0.0049301151607315,-0.0089001258800657
P40,10355,1036536.5365365364,pedestrian,-7.6442374920703315,6.142504900878824,-0.1209511396012872,1.2891541797435884,0.008127426350381,-0.0143304084112064
P40,10356,1036636.6366366368,pedestrian,-7.656528297628372,6.271692015684576,-0.1187914014981248,1.2854564367451289,0.013348456644506,-0.0231082630434869
P40,10357,1036736.7367367368,pedestrian,-7.668592332806049,6.40022857197128,-0.1152855130709572,1.2795642986628546,0.0217634440155827,-0.036989047021125
P40,10358,1036836.8368368368,pedestrian,-7.680098828036206,6.527165637287225,-0.1096701942172059,1.2703830725689755,0.0350927091783201,-0.0582373154683957
P40,10359,1036936.9369369368,pedestrian,-7.690234531561648,6.650170110698669,-0.1008596230204241,1.256616706222312,0.0556396417728972,-0.0890194112777233
P40,10360,1037037.0370370372,pedestrian,-7.696999934991648,6.763505698199772,-0.0874968852368425,1.237393340155197,0.0858647949936952,-0.1290154534035588
P40,10361,1037137.1371371372,pedestrian,-7.69547893385916,6.853068825909853,-0.0684252345041167,1.214410635404699,0.1264971352582926,-0.1680641224047072
P40,10362,1037237.2372372372,pedestrian,-7.682764577713991,6.9797979760640665,-0.0444190246181465,1.198218580912503,0.1704930472210306,-0.1656161508430439
P40,10363,1037337.3373373372,pedestrian,-7.639560338053702,7.088236006707853,-0.0195579712315881,1.185433865060838,0.200723933571513,-0.1509035325964129
P40,10364,1037437.4374374376,pedestrian,-7.624597897204768,7.207035518655301,-0.0101014194398831,1.1791729800216946,0.1594735398499414,-0.116600748768707
P40,10365,1037537.5375375376,pedestrian,-7.678752770494229,7.343358082492553,-0.024045125863392,1.1790279580699257,0.0434821753133861,-0.0718955137854963
P40,10366,1037637.6376376376,pedestrian,-7.711972654213032,7.439758956391017,-0.0441240721422527,1.1777056492055284,-0.051272988176958,-0.0491120956772295
P40,10367,1037737.7377377376,pedestrian,-7.739327800525306,7.55597881050605,-0.0600550022287522,1.1832452554754178,-0.0931538729683667,-0.0085605975150811
P40,10368,1037837.837837838,pedestrian,-7.7439550316285635,7.678650246283781,-0.0630505123924867,1.197879522197013,-0.0686067042105383,0.0515203893507307
P40,10369,1037937.937937938,pedestrian,-7.731645882650621,7.802588141892399,-0.0518631222832953,1.2229447652151315,0.0014175069059078,0.1287317342455572
P40,10370,1038038.038038038,pedestrian,-7.716281504819029,7.935457635692039,-0.0308267101369768,1.2615005055699955,0.0824547862314896,0.2282889933938728
P40,10371,1038138.138138138,pedestrian,-7.698178665619533,8.126033035572897,-0.0046587768911026,1.3163377736712365,0.1519332012321453,0.3523415837652908
P40,10372,1038238.2382382384,pedestrian,-7.686010379705769,8.264405374319242,0.0217188614042834,1.370540027612064,0.1952514625238031,0.4257706336847738
P40,10373,1038338.3383383384,pedestrian,-7.673539892477456,8.43508833930114,0.0464791880728419,1.428540836751902,0.2154797777932224,0.485424774446109
P40,10374,1038438.4384384383,pedestrian,-7.661415926003588,8.616093475812095,0.068610993459771,1.4854678170661495,0.2176604387721116,0.5177547646629019
P40,10375,1038538.5385385384,pedestrian,-7.65058800592386,8.785402991772983,0.0880238011852607,1.5339128385506526,0.2084491486360278,0.5046369251498021
P40,10376,1038638.6386386388,pedestrian,-7.643071409151061,8.906654258567283,0.105875757693926,1.571692414842654,0.1967603367647984,0.4552469499402265
P41,10348,1035835.835835836,pedestrian,-33.3464280010572,9.45996387518847,1.7454899148512997,0.0395346779718755,-0.7011024168651578,-0.2296831780298297
P41,10349,1035935.935935936,pedestrian,-33.189325503256455,9.46429201080347,1.674900296384417,0.0144395142296307,-0.7043727141603544,-0.2464971842339866
P41,10350,1036036.036036036,pedestrian,-33.07838607459861,9.453496991550798,1.6028691309335954,-0.0180672631194639,-0.7149889500725836,-0.301079823174832
P41,10351,1036136.136136136,pedestrian,-32.93639813994385,9.414092345292602,1.53736161175589,-0.064637796581374,-0.6794653520884775,-0.3973594875109421
P41,10352,1036236.2362362364,pedestrian,-32.80069285137872,9.376026758678323,1.4860373062187633,-0.1232819248703671,-0.5952354778952063,-0.4925817777508361
P41,10353,1036336.3363363364,pedestrian,-32.66279875859693,9.328748578611586,1.4547835142421472,-0.18725571002789,-0.4678611837453861,-0.5585243541341764
P41,10354,1036436.4364364364,pedestrian,-32.531513607367984,9.255731853763589,1.445629973171554,-0.2471008686307393,-0.3115273422093803,-0.5748584045896017
P41,10355,1036536.5365365364,pedestrian,-32.39967264002777,9.218541788774376,1.463139008018672,-0.2848424480674579,-0.119040283289252,-0.4965803200273576
P41,10356,1036636.6366366368,pedestrian,-32.16792634550889,9.200704021437987,1.515732230741755,-0.2977859837525842,0.1300577429497361,-0.3546176952819226
P41,10357,1036736.7367367368,pedestrian,-31.958178696887256,9.188883117938303,1.57596121594806,-0.2913391124413746,0.3110237096063523,-0.1938375510504573
P41,10358,1036836.8368368368,pedestrian,-31.78627830637847,9.188727731124716,1.6268836862302256,-0.2718048517734058,0.3869434502277603,-0.0444553765064804
P41,10359,1036936.9369369368,pedestrian,-31.610171247593907,9.187573277207091,1.6679024407420244,-0.248457488858473,0.3957440772178087,0.0625738216606236
P41,10360,1037037.0370370372,pedestrian,-31.394439246238832,9.157895470561895,1.6981613258957935,-0.2295690533619493,0.3595968699834633,0.1113546047782988
P41,10361,1037137.1371371372,pedestrian,-31.25654805602023,9.138227396399913,1.7008150669193949,-0.2119124391242888,0.2304566379654505,0.1365692081383058
P41,10362,1037237.2372372372,pedestrian,-31.11706613655516,9.117470606413685,1.6864130886275204,-0.1947512888896496,0.0851393165291731,0.1501061453431662
P41,10363,1037337.3373373372,pedestrian,-30.987928682244995,9.10851040714882,1.6647965092102417,-0.1758486114488699,-0.0318008611834793,0.1651491435386049
P41,10364,1037437.4374374376,pedestrian,-30.833561646444856,9.110073738335204,1.6499254954748186,-0.1564211949858011,-0.0771517437341281,0.1763861129246064
P41,10365,1037537.5375375376,pedestrian,-30.654497738550187,9.103274290333864,1.646986343838173,-0.1413889186956901,-0.0585921148048146,0.1662057421421897
P41,10366,1037637.6376376376,pedestrian,-30.463093612046737,9.084687217215928,1.6519350557644294,-0.1327163261958261,-0.0166437966897743,0.1353097828879626
P41,10367,1037737.7377377376,pedestrian,-30.30009616107126,9.066505625407322,1.655330506742856,-0.1278442251967692,0.0029883027350593,0.1016719366932678
P41,10368,1037837.837837838,pedestrian,-30.15144442486289,9.05365477166391,1.6579384189193551,-0.1240184438871049,0.0119428250331809,0.0770375481649644
P41,10369,1037937.937937938,pedestrian,-29.968458821287843,9.034770019685292,1.6669319637813642,-0.1202691867488926,0.042186453132351,0.0616707166601152
P41,10370,1038038.038038038,pedestrian,-29.77564528188056,9.01576534158832,1.6774348297029793,-0.1129522143535651,0.066542319137502,0.066106462421338
P41,10371,1038138.138138138,pedestrian,-29.609439857114268,9.01256179592102,1.6801450664986708,-0.0972591682160799,0.0512203424702517,0.1013054089607845
P41,10372,1038238.2382382384,pedestrian,-29.46682126055923,9.025241550537398,1.674837001503864,-0.0729036395835687,0.010748770582714,0.1564357130117165
P41,10373,1038338.3383383384,pedestrian,-29.31822515132913,9.059404343426436,1.6704244817262468,-0.0445190994484446,-0.0105376161213209,0.2057893076391392
P41,10374,1038438.4384384383,pedestrian,-29.14103090609269,9.070896654537126,1.6748012858456225,-0.024919746038636,0.0105283449820952,0.2019102282451818
P41,10375,1038538.5385385384,pedestrian,-28.95347019585027,9.06338701008002,1.6860030100227084,-0.0193818191204661,0.049885707335851,0.145001279581061
P41,10376,1038638.6386386388,pedestrian,-28.793160864738454,9.062867612348224,1.6982091456210695,-0.0267491522168036,0.0778589555551031,0.0601341895794103
P41,10377,1038738.7387387388,pedestrian,-28.617499058902872,9.043507236010596,1.7165704836087663,-0.0498091145084258,0.1188445402067557,-0.0526474014354916
P41,10378,1038838.8388388389,pedestrian,-28.42728954866538,9.005605703798615,1.7422097334493054,-0.0863855949106893,0.1721450101218946,-0.1740664352672345
P41,10379,1038938.9389389388,pedestrian,-28.228688660316056,8.961267098711073,1.7721235790937009,-0.1290882123406194,0.2213313136970884,-0.2721067567824197
P41,10380,1039039.039039039,pedestrian,-27.99470512639869,8.910198470966293,1.8010102569320272,-0.169262331126338,0.2474383355139393,-0.3222785239691224
P41,10381,1039139.1391391392,pedestrian,-27.838279020183272,8.880976233750637,1.8092178560540664,-0.1959550756071642,0.1832081609535976,-0.3006860503950263
P41,10382,1039239.2392392393,pedestrian,-27.667022205052568,8.859527973522882,1.8049039568596408,-0.2059469336128172,0.0953505843219282,-0.2227036862728747
P41,10383,1039339.3393393392,pedestrian,-27.501534732718294,8.854829876396598,1.7906396284710897,-0.1981546740281678,0.0030100563367723,-0.1060223691495544
P41,10384,1039439.4394394394,pedestrian,-27.32451777351748,8.861624732784732,1.7702476338207795,-0.1765818612045188,-0.0772468176432452,0.0188064627779073
P41,10385,1039539.5395395396,pedestrian,-27.165049270586533,8.864355221472263,1.741708536041814,-0.1484926495349458,-0.1579434330270886,0.1204464284778202
P41,10386,1039639.6396396396,pedestrian,-27.03157265252151,8.86683514520275,1.7076910194741597,-0.1185710355313635,-0.2285588476313868,0.1897336906405992
P41,10387,1039739.7397397396,pedestrian,-26.87647699373526,8.857528769466551,1.6799816244384835,-0.0902401166809296,-0.2472939629917721,0.2259523403822876
P41,10388,1039839.8398398398,pedestrian,-26.71184890735023,8.875542783634335,1.6624253134985434,-0.0610415936667268,-0.2193778709500263,0.2514748073043603
P41,10389,1039939.93993994,pedestrian,-26.535831906822448,8.874947069645208,1.655226432526996,-0.0378113542733812,-0.1621293465971327,0.2439413512311074
P41,10390,1040040.04004004,pedestrian,-26.36612097935596,8.868103178538304,1.6542095279863354,-0.0201658327042141,-0.1031301385890418,0.2176728316948424
P41,10391,1040140.14014014,pedestrian,-26.19031564982564,8.85317235902603,1.6575887518357488,-0.0045660175075548,-0.0499861424190703,0.1936684246642551
P41,10392,1040240.2402402402,pedestrian,-26.014845727530524,8.861451779834209,1.6614531284559275,0.0170349252449801,-0.0155925233754232,0.2022579689804559
P41,10393,1040340.3403403404,pedestrian,-25.83781049216689,8.88155833643447,1.6618026068262106,0.0456997102929976,-0.0081836510571974,0.2349092081584289
P41,10394,1040440.4404404404,pedestrian,-25.68865743083728,8.924661526825842,1.6532766419872778,0.0793268008167822,-0.0380736193884139,0.2741301180995437
P41,10395,1040540.5405405404,pedestrian,-25.551223234691687,8.950608319997242,1.6403391304712065,0.1076233673593975,-0.0734691991817415,0.2774504706858985
P41,10396,1040640.6406406406,pedestrian,-25.39832083189177,8.967256527112953,1.632370222576999,0.1264974217489769,-0.0758529937852104,0.2429375093720342
P41,10397,1040740.7407407408,pedestrian,-25.180367189973232,8.965672444443054,1.6339203142964578,0.1352951167484763,-0.0403928557703127,0.1827433096547872
P41,10398,1040840.8408408408,pedestrian,-25.038254597409807,8.969908975382578,1.623798660131328,0.140519661835775,-0.0639670250812643,0.132060089847879
P41,10399,1040940.9409409408,pedestrian,-24.89019575977373,8.98572835475077,1.6072197540362831,0.1472511392656154,-0.1034328373229551,0.1068980050812276
P41,10400,1041041.0410410411,pedestrian,-24.76557386915572,9.046882166406778,1.5869330874125065,0.1567619064870656,-0.1419570859318444,0.1022837430024082
P41,10401,1041141.1411411412,pedestrian,-24.63484778846896,9.082778116209417,1.5747525084466092,0.1519699972920661,-0.1340864978992907,0.0439893842922875
P41,10402,1041241.2412412412,pedestrian,-24.448746047559112,9.059116854624335,1.5820242190264724,0.121775673026317,-0.0538277571820201,-0.090194161692846
P41,10403,1041341.3413413416,pedestrian,-24.258308488703165,9.033689440514513,1.6005967179096865,0.0747617219570987,0.0391012482192502,-0.2375171038473796
P41,10404,1041441.4414414417,pedestrian,-24.07788190879097,8.995195461820144,1.6205946411592576,0.018398284053238,0.1014809659206593,-0.3639061774792858
P41,10405,1041541.5415415416,pedestrian,-23.912035302544737,8.949124393550697,1.6358227698817664,-0.0367103129718505,0.1211439586092799,-0.436360686993863
P41,10406,1041641.6416416416,pedestrian,-23.759801507612856,8.92052149754441,1.6457931787023852,-0.07779192922908,0.1127816903834168,-0.4262840942577362
P41,10407,1041741.741741742,pedestrian,-23.593305735829773,8.916831058920566,1.6559798443771998,-0.0983499997477163,0.1085046200403305,-0.3405210231479886
P41,10408,1041841.841841842,pedestrian,-23.42374755658922,8.926898348358085,1.6674781602740223,-0.1008486620850391,0.110975131248968,-0.2180119999861672
P41,10409,1041941.941941942,pedestrian,-23.244578708692305,8.92850842502224,1.6808407572943227,-0.0927280998342763,0.1197169462159181,-0.1018788351916572
P41,10410,1042042.042042042,pedestrian,-23.060795592472232,8.920058363002203,1.693380965788163,-0.077754070617968,0.1218753922449784,-0.0042513511361821
P41,10411,1042142.1421421424,pedestrian,-22.864543753962263,8.939052649176016,1.700459571507312,-0.0544451225566543,0.1020135952829235,0.0878005387505492
P41,10412,1042242.2422422424,pedestrian,-22.727617653787696,8.948051278121797,1.69131520518015,-0.0303192796574775,0.0269435510493725,0.1472835416480747
P41,10413,1042342.3423423424,pedestrian,-22.56550744643364,8.949509961686497,1.6764021655716894,-0.0085567243227984,-0.0413554074905289,0.1745077993212509
P41,10414,1042442.4424424424,pedestrian,-22.426831586472584,8.96236910757011,1.6564930670687994,0.0114374513085304,-0.1025154994158135,0.1843043532829801
P41,10415,1042542.5425425428,pedestrian,-22.264841164086064,8.953105641843736,1.6407052948905008,0.026634910610638,-0.1239473776241903,0.171694030854929
P41,10416,1042642.6426426428,pedestrian,-22.10756905822748,8.953103139536498,1.6294132589846138,0.0431091670620682,-0.1196225402257974,0.1689313185441485
P41,10417,1042742.7427427428,pedestrian,-21.937929284665064,8.976501554552382,1.6245561480397823,0.0650411373546518,-0.0920195211003154,0.1884083595439158
P41,10418,1042842.8428428428,pedestrian,-21.75335390489767,8.995453587919362,1.6234165724367091,0.0888681686594561,-0.0607146852721068,0.2076736681212404
P41,10419,1042942.9429429432,pedestrian,-21.598490584493863,9.013590171345374,1.6167712158137508,0.113328683623083,-0.0629168810191254,0.2219165446766931
P41,10420,1043043.0430430432,pedestrian,-21.448772186618537,9.04282827745977,1.6055402669218468,0.1384335843907072,-0.0820488779733746,0.2331291213522375
P41,10421,1043143.1431431432,pedestrian,-21.30187778357036,9.08936573905514,1.5923346955535809,0.160758360306529,-0.1014116693877394,0.2292062277602425
P41,10422,1043243.2432432432,pedestrian,-21.13126107027606,9.097577762325008,1.5807318203412448,0.169824735318389,-0.1070413861222416,0.1753849457390752
P41,10423,1043343.3433433436,pedestrian,-20.978645939965663,9.097704858826503,1.5646089492938622,0.1686771860723971,-0.1280158349503589,0.1028449266914459
P41,10424,1043443.4434434436,pedestrian,-20.856108299439388,9.098688323835184,1.5431091171185956,0.1635141951046477,-0.1617014127342703,0.0428934976029981
P41,10425,1043543.5435435436,pedestrian,-20.728631090456048,9.11198578544922,1.526458418868572,0.1605587343054746,-0.1635024272959838,0.0147785806567888
P41,10426,1043643.6436436436,pedestrian,-20.57124334212266,9.138966849273537,1.5242823826101488,0.1617158156007302,-0.1084657258757639,0.0135287429591392
P41,10427,1043743.743743744,pedestrian,-20.37900137490435,9.147959577452635,1.536291346994334,0.1635619756117655,-0.0197807295681936,0.0154366494399716
P41,10428,1043843.843843844,pedestrian,-20.19273249024938,9.166359345453394,1.549092315785654,0.1695156731438433,0.0375459674538365,0.0325345215383797
P41,10429,1043943.943943944,pedestrian,-20.03962498109216,9.188247189274028,1.5501471852611786,0.180245529981024,0.0270607720857192,0.0615183695765782
P41,10430,1044044.044044044,pedestrian,-19.90692950346878,9.210078262718753,1.5380783051345286,0.1958871523902297,-0.0302529102713276,0.0982996587992054
P41,10431,1044144.1441441444,pedestrian,-19.771373143528717,9.242627946404363,1.5186351431520424,0.2177171965368456,-0.093916216037203,0.1448025851004674
P41,10432,1044244.2442442444,pedestrian,-19.61304515392266,9.281776904385666,1.4960639209635294,0.2442823081549958,-0.1449955020417232,0.1916162483007633
P41,10433,1044344.3443443445,pedestrian,-19.480748409657227,9.332646292450642,1.4644386633663524,0.2727407795596651,-0.2113595334895045,0.2275987359639174
P41,10434,1044444.4444444444,pedestrian,-19.3610460638388,9.36221015099156,1.4252849970832289,0.2963927717153751,-0.281157353763731,0.2309703672757351
P41,10435,1044544.5445445448,pedestrian,-19.254596044526032,9.3908936178577,1.3832333632396343,0.3170644301955552,-0.3350971722855488,0.2214741140349715
P41,10436,1044644.6446446448,pedestrian,-19.140027899225323,9.438051257908947,1.3470043920377095,0.3381345034755141,-0.3455134294562222,0.2172097846876146
P41,10437,1044744.7447447449,pedestrian,-19.012202326005173,9.48697851771931,1.3221024197605002,0.3568329044496078,-0.3079551839373616,0.2054026968556393
P41,10438,1044844.8448448448,pedestrian,-18.878162139799866,9.54013602080858,1.3090126974596417,0.369692986945661,-0.2391654889924354,0.1755361250769045
P41,10439,1044944.944944945,pedestrian,-18.745482705352345,9.587113549366997,1.305953967679807,0.3709313218724963,-0.1581776978583117,0.1121908242426292
P41,10440,1045045.0450450452,pedestrian,-18.62504698502784,9.610265702705952,1.3121592620354836,0.35542147231049,-0.0727020635809188,0.0084818112219042
P41,10441,1045145.1451451452,pedestrian,-18.43134596289494,9.620343983785515,1.333105955565529,0.3250238474348647,0.0367625516984963,-0.1127051777317895
P41,10442,1045245.2452452452,pedestrian,-18.29944896760809,9.624750015271363,1.3470697940402496,0.2847460570060882,0.0766476300519158,-0.2251631934914043
P41,10443,1045345.3453453454,pedestrian,-18.15191571748008,9.62710325424148,1.3545741569369512,0.2399754475401991,0.0759957777014333,-0.3113867906021544
P41,10444,1045445.4454454456,pedestrian,-18.021642569472647,9.634431592237368,1.3501464703086832,0.1951422196025287,0.0293197463525713,-0.364378823250783
P41,10445,1045545.5455455456,pedestrian,-17.902724038572686,9.642720456551611,1.3336675518115992,0.1509637189436113,-0.0459748207732551,-0.3942585659055324
P41,10446,1045645.6456456456,pedestrian,-17.794931542048367,9.646975117168276,1.3081882963193767,0.1056380676845457,-0.126944816735306,-0.416987260133946
P41,10447,1045745.7457457458,pedestrian,-17.70566158098818,9.63771575719232,1.2800285120205923,0.0564542634011433,-0.1868761441295397,-0.4458554924412875
P41,10448,1045845.845845846,pedestrian,-17.572053431064454,9.60531942957363,1.2626643325779112,0.0033460175881624,-0.1816707849747132,-0.4787368148409084
P41,10449,1045945.945945946,pedestrian,-17.43166339589201,9.568301338875004,1.2532148106786427,-0.046725531393611,-0.1477900943350066,-0.4870751623903075
P41,10450,1046046.046046046,pedestrian,-17.32999053461099,9.547589905243184,1.245277620199018,-0.0855896222237306,-0.1211974157358967,-0.4487093369577452
P41,10451,1046146.1461461462,pedestrian,-17.203009447425824,9.534171858809495,1.247208792369599,-0.111346689360893,-0.0666553166730654,-0.3744039385083617
P41,10452,1046246.2462462464,pedestrian,-17.06248946868038,9.524714328963908,1.2593319158476737,-0.1249743928505648,0.0062404581167865,-0.2819034749676864
P41,10453,1046346.3463463464,pedestrian,-16.915207738020737,9.51735615540984,1.2777500253591885,-0.1287943977755333,0.0752505104621821,-0.1872761250496334
P41,10454,1046446.4464464464,pedestrian,-16.765423877915744,9.511073477481128,1.2965141834681588,-0.1255140357803646,0.1188110352964631,-0.1018477175917483
P41,10455,1046546.5465465466,pedestrian,-16.616761234655783,9.50531593007201,1.3087045855396224,-0.1176710772456396,0.1199644926025248,-0.0318894501435872
P41,10456,1046646.6466466468,pedestrian,-16.47441291500434,9.499801206029776,1.3069743842967507,-0.1073502995513513,0.0666804943558052,0.0205190224012091
P41,10457,1046746.7467467468,pedestrian,-16.349181121705836,9.49440473024158,1.2844002052055357,-0.0960732305111616,-0.0467584165294875,0.056289932065895
P41,10458,1046846.8468468467,pedestrian,-16.266621748377236,9.48911304418956,1.237485192843743,-0.08478962640428,-0.2105606120328293,0.0781989147879576
P41,10459,1046946.946946947,pedestrian,-16.175668947071685,9.47987383638755,1.1759181722074394,-0.0739238020682152,-0.3675965224043422,0.0899818980697849
P41,10460,1047047.0470470472,pedestrian,-16.11549378903713,9.475559853232896,1.103498422568292,-0.0617196375441156,-0.5057578895926231,0.1023810130214165
P41,10461,1047147.1471471472,pedestrian,-16.047456089874704,9.474383098951265,1.032927744169852,-0.0474262419219543,-0.5831096951088226,0.1180693144056567
P41,10462,1047247.2472472473,pedestrian,-15.968276176007349,9.482580549884355,0.9723712012036108,-0.0306535232704288,-0.591592544900891,0.1372827796740129
P41,10463,1047347.3473473474,pedestrian,-15.8870764948819,9.507052834359367,0.924331880431052,-0.0139086793708217,-0.5482353346072325,0.1489289282922946
P41,10464,1047447.4474474476,pedestrian,-15.794768023373168,9.506899397572893,0.8894141022893013,-0.0061828696285295,-0.4708200369606997,0.1210743035467629
P41,10465,1047547.5475475476,pedestrian,-15.696974720545938,9.494672209509616,0.8631264741673126,-0.0080958946732003,-0.3899883703892219,0.0666503818871577
P41,10466,1047647.6476476477,pedestrian,-15.61420028926727,9.475556579422555,0.8375857596482729,-0.0160471029507026,-0.3376409998880794,0.0099368737726521
P41,10467,1047747.7477477478,pedestrian,-15.558326185862796,9.45557352792504,0.8090880328245889,-0.0237907106425238,-0.3170848228671833,-0.0239536985973638
P41,10468,1047847.847847848,pedestrian,-15.51674935745458,9.45515554320677,0.7834854090988406,-0.0241395757588207,-0.2932807671911446,-0.0160072375840613
P41,10469,1047947.947947948,pedestrian,-15.451924720268565,9.4628927410957,0.7731091457811562,-0.0165094584088326,-0.2196642172493623,0.0197998598319124
P41,10470,1048048.048048048,pedestrian,-15.356915559610218,9.45776888986519,0.7836612912650271,-0.0029037427878674,-0.0934589658133247,0.0648813886932417
P41,10471,1048148.1481481482,pedestrian,-15.252185458160218,9.47126742750084,0.811368605636015,0.0206992890007005,0.050284445990534,0.1312345798496618
P41,10472,1048248.2482482482,pedestrian,-15.142530728383326,9.494686079572594,0.8504527983830251,0.0531889356047042,0.1823466964576824,0.2062934333432278
P41,10473,1048348.3483483484,pedestrian,-15.030531577675612,9.523217551283848,0.8950976539851736,0.0913302164500074,0.284705137518732,0.2741316216321939
P41,10474,1048448.4484484484,pedestrian,-14.917537137204995,9.554253132407547,0.9404309618783568,0.1314894599457676,0.3499952473228129,0.323459582408975
P41,10475,1048548.5485485486,pedestrian,-14.80422349178941,9.586411728899622,0.9828868650316698,0.1705205572475876,0.3787781783530072,0.3492616415314999
P41,10476,1048648.6486486488,pedestrian,-14.690906797739968,9.61898802780105,1.0202042312658368,0.206124812913676,0.3764574712080053,0.3517559576467886
P41,10477,1048748.7487487488,pedestrian,-14.577716964687625,9.651641632588028,1.051233787108324,0.2369010474603711,0.3506510916092717,0.334556918886541
P41,10478,1048848.8488488488,pedestrian,-14.464692905526844,9.684223864675609,1.0756650385710502,0.2622315241159808,0.3092726182035599,0.3029142095845459
P41,10479,1048948.9489489489,pedestrian,-14.351834887647463,9.716682513306443,1.0937388179529368,0.2820973071789681,0.259301619184313,0.2623618284084866
P41,10480,1049049.0490490492,pedestrian,-14.239135634469386,9.749010020506493,1.1059789089742744,0.2968793373716353,0.2061053966483853,0.2178362004374099
P41,10481,1049149.1491491492,pedestrian,-14.12660591257083,9.78121486751768,1.112953663475977,0.3071753719576269,0.1531403681059458,0.1731981927985147
P41,10482,1049249.2492492492,pedestrian,-14.014312070492275,9.813303382386955,1.115063967772956,0.3136452881757725,0.1018715745480224,0.1310507015200291
P41,10483,1049349.3493493493,pedestrian,-13.902456580640514,9.845261540520696,1.1123476594411954,0.3168861552307606,0.0517872390866923,0.0927425106295475
P41,10484,1049449.4494494495,pedestrian,-13.7915713519432,9.877022933313844,1.1042980050590985,0.3173331226840471,0.0004622075099614,0.0584707793372797
P41,10485,1049549.5495495496,pedestrian,-13.682991772937656,9.908395485038296,1.089733456838068,0.3151839326285602,-0.0562043605880854,0.0274353632685904
P41,10486,1049649.6496496496,pedestrian,-13.580022543347338,9.938883100430775,1.066878346163877,0.3103602098572459,-0.1230254815956912,-0.0019241364167105
P41,10487,1049749.7497497497,pedestrian,-13.490804972336658,9.967247267011992,1.0341515960433394,0.3025665415996431,-0.2021909197537485,-0.0314040860938646
P41,10488,1049849.84984985,pedestrian,-13.435367722942352,9.990428583645654,0.9930485785977404,0.2916385840969692,-0.2831086147642124,-0.0615951143252611
P41,10489,1049949.94994995,pedestrian,-13.380113628964946,10.024388938540902,0.9567817118994532,0.2787108366268995,-0.3138552650433694,-0.0878211198077847
P41,10490,1050050.05005005,pedestrian,-13.282407714906151,10.047905613959408,0.939535734323754,0.2597951771536659,-0.2588946081965343,-0.1270889634819631
P41,10491,1050150.15015015,pedestrian,-13.205664901314668,10.058258421038804,0.9406474437874068,0.2331384232710747,-0.1540727919625419,-0.1811349777148759
P41,10492,1050250.2502502503,pedestrian,-13.099558332885984,10.060166193934332,0.9692647972652612,0.2003511084421747,0.0167321053807132,-0.2379755702993785
P41,10493,1050350.3503503504,pedestrian,-12.945292456628948,10.061137761187553,1.0274363416659753,0.1648600283144888,0.2358486790192238,-0.2832353272906054
P41,10494,1050450.4504504504,pedestrian,-12.783081853701006,10.068817614599718,1.1025738528697684,0.1291681330787071,0.435698825174133,-0.3117028155828767
P41,10495,1050550.5505505505,pedestrian,-12.628820663254729,10.058455312302282,1.1816473899618387,0.0916446056062359,0.5732270054753112,-0.3362222250350513
P41,10496,1050650.6506506507,pedestrian,-12.482505480738586,10.05220875918501,1.257230657923374,0.0559463046360923,0.6438262251459383,-0.3441435543235871
P41,10497,1050750.7507507508,pedestrian,-12.3357627192726,10.0555699292041,1.327779534967395,0.0231881852914118,0.6674914677958073,-0.3375864040898336
P42,11527,1153853.853853854,pedestrian,-35.425744628215114,7.081482475377911,0.0747798355399722,-1.5628250487691,0.0053881370976707,0.0226261926214497
P42,11528,1153953.9539539542,pedestrian,-35.41885638823612,6.924511301091577,0.07555724595871,-1.5601939713924629,0.007290691486086,0.0255528089183768
P42,11529,1154054.0540540542,pedestrian,-35.411613374205,6.769029915556929,0.0771733023147536,-1.5562728416092215,0.0134668780526476,0.0350533668885537
P42,11530,1154154.1541541542,pedestrian,-35.403496194167424,6.617219381020745,0.0806712967094056,-1.549659046140626,0.0260637673573277,0.0532456760162139
P42,11531,1154254.2542542545,pedestrian,-35.393226038808564,6.474449751243466,0.0872910208515302,-1.539705038373003,0.0463045731904986,0.0765819568401068
P42,11532,1154354.3543543546,pedestrian,-35.377656098388364,6.3539353008492006,0.0978407912084952,-1.529769168937511,0.0728981315479994,0.0867883599357983
P42,11533,1154454.4544544546,pedestrian,-35.34386274515087,6.167040164693467,0.1112085428239564,-1.534746230798554,0.098085539643432,0.0300932813587025
P42,11534,1154554.5545545546,pedestrian,-35.32242929648522,5.984274185294664,0.1184071405046355,-1.5442518773330156,0.0877293651327167,-0.0193913022522737
P42,11535,1154654.654654655,pedestrian,-35.31714690378054,5.855951676319611,0.1145371706730997,-1.5461551002035228,0.0388756801165076,-0.019245152973712
P42,11536,1154754.754754755,pedestrian,-35.328328734756646,5.701700575422911,0.1007344330476231,-1.5504672568305478,-0.028949663058938,-0.0283900681178225
P42,11537,1154854.854854855,pedestrian,-35.33084502990563,5.571369261140096,0.0838832253344212,-1.5583912608596084,-0.0824812236462468,-0.0478875962327272
P42,11538,1154954.954954955,pedestrian,-35.32278031861757,5.374672063124589,0.0669009262718757,-1.5820085624283189,-0.1160789671881561,-0.120365392023581
P42,11539,1155055.055055055,pedestrian,-35.32705320807312,5.178195789440531,0.0477199015257786,-1.609931900244479,-0.1452957950271425,-0.1817036604153104
P42,11540,1155155.155155155,pedestrian,-35.336742129505204,4.988736366552109,0.0278711324125221,-1.6305613297705357,-0.1658417834999237,-0.1911576735623765
P42,11541,1155255.2552552554,pedestrian,-35.346352932007484,4.819185504956594,0.0103935449708099,-1.6337350452224482,-0.1692421843091743,-0.1292576758612331
P42,11542,1155355.3553553554,pedestrian,-35.34876778132497,4.699346107019953,-0.0018309819406598,-1.6148278929025657,-0.1509415356421471,-0.0056949755997506
P42,11543,1155455.4554554557,pedestrian,-35.34332994192389,4.553072741843066,-0.0086146841057632,-1.5867558942122293,-0.1186366261133384,0.1054422076711906
P42,11544,1155555.5555555555,pedestrian,-35.34360270807005,4.428074569467022,-0.012930068281239,-1.5517306460742493,-0.0893052897212755,0.200380970272289
P42,11545,1155655.6556556558,pedestrian,-35.34242813923656,4.30633564154332,-0.0158417312382049,-1.5186558846298992,-0.0659225222154809,0.2508743511163414
P42,11546,1155755.7557557558,pedestrian,-35.3552862229672,4.171824193092072,-0.0190707026841018,-1.4976434701150954,-0.0528517220366523,0.2349711062012366
P42,11547,1155855.855855856,pedestrian,-35.34854203515432,4.00583326158818,-0.0188068006294942,-1.4948493754613503,-0.031309339048327,0.1545840571253183
P42,11548,1155955.955955956,pedestrian,-35.34600102960673,3.830529439732554,-0.0183224644575614,-1.5053536148038102,-0.0172759034623017,0.053831834838401
P42,11549,1156056.0560560562,pedestrian,-35.346461562093914,3.662037216812395,-0.019646326017664,-1.5208892142955412,-0.0157034055564197,-0.0273188820194394
P42,11550,1156156.1561561562,pedestrian,-35.35020255065733,3.525753444453088,-0.0240056712313272,-1.5359076220190666,-0.0265140100158914,-0.0749595434910154
P42,11551,1156256.2562562565,pedestrian,-35.36077585969866,3.330241201517035,-0.0318129656354516,-1.5583812370089507,-0.0465001309342092,-0.1330192126526177
P42,11552,1156356.3563563563,pedestrian,-35.36691531289631,3.1899399744747488,-0.0412691541291587,-1.5749562262475107,-0.0651222560701274,-0.1456617746154499
P42,11553,1156456.4564564566,pedestrian,-35.37141507689783,3.0180938334747456,-0.0526563573550785,-1.593335722422882,-0.0840040546751362,-0.1603947747042117
P42,11554,1156556.5565565566,pedestrian,-35.39974753237466,2.839407439780948,-0.067712009262057,-1.6107071278374565,-0.1097831471163105,-0.1654982537480338
P42,11555,1156656.6566566566,pedestrian,-35.454223560169886,2.6425999211925792,-0.0795404889154407,-1.6215947747161996,-0.1130378072695363,-0.1434738003730708
P42,11556,1156756.756756757,pedestrian,-35.42909790745968,2.5108066336628507,-0.069402464779141,-1.6120025603736163,-0.0298339948120132,-0.0505707412112753
P42,11557,1156856.856856857,pedestrian,-35.398011721965965,2.384026751491459,-0.0464118733203825,-1.590610750903667,0.0709151303282121,0.0520282584762714
P42,11558,1156956.956956957,pedestrian,-35.367875645289246,2.236358508431737,-0.0220296071840739,-1.5679780836409012,0.137948051692651,0.1196079523310217
P42,11559,1157057.057057057,pedestrian,-35.36823062009866,2.096692141588129,-0.0079200690653064,-1.5464082306770517,0.1391151563795541,0.1568292784622381
P42,11560,1157157.1571571573,pedestrian,-35.379744562457844,1.9628221114094933,-0.0048239817276046,-1.530611905376432,0.0971146036438197,0.1572081934808471
P42,11561,1157257.2572572574,pedestrian,-35.38982170992008,1.7885657906312185,-0.0092627697844677,-1.527998702032267,0.0421965961187047,0.1063106001348094
P42,11562,1157357.3573573574,pedestrian,-35.3989197976482,1.60140079750204,-0.0184169983366047,-1.5311455286299096,-0.0096890558630233,0.0528331902551631
P42,11563,1157457.4574574574,pedestrian,-35.40726385903222,1.429053693193424,-0.0302836111327916,-1.5263835165937376,-0.0519509477703818,0.0507908425766484
P42,11564,1157557.5575575577,pedestrian,-35.414829684299335,1.317543947463332,-0.0437748140036528,-1.5031657414644175,-0.0841063941003223,0.1211201999000743
P42,11565,1157657.6576576575,pedestrian,-35.42668166496126,1.2007072043479472,-0.0588750742011924,-1.4723560446715538,-0.1100187586345002,0.1935902242537683
P42,11566,1157757.7577577578,pedestrian,-35.44230686442624,1.0674632148753174,-0.0747445112303449,-1.442823241563474,-0.1288543895560968,0.2329730456947932
P42,11567,1157857.8578578578,pedestrian,-35.45432480316955,0.9622732001842615,-0.0896973074342442,-1.4167426607448328,-0.136822400509686,0.2436772542460001
P42,11568,1157957.957957958,pedestrian,-35.47013676922996,0.8140689937477235,-0.1039322792553648,-1.4071813173267205,-0.1389129964374885,0.1861575978063182
P42,11569,1158058.058058058,pedestrian,-35.47456762705118,0.6341283247294718,-0.1167450979026679,-1.4122756658704718,-0.1346762871152988,0.0941280707393882
P42,11570,1158158.1581581582,pedestrian,-35.47677522629509,0.4614026112981436,-0.1325254992700639,-1.417761707034095,-0.1435938566638507,0.0363078526093373
P42,11571,1158258.2582582582,pedestrian,-35.48741485311876,0.3517622281348462,-0.1582974780104278,-1.4102639174421172,-0.1878006966395862,0.0512915417914421
P42,11572,1158358.3583583585,pedestrian,-35.516939580161456,0.2419459605198096,-0.200649788596838,-1.3994716055515737,-0.2791503377367733,0.0732356129731042
P42,11573,1158458.4584584583,pedestrian,-35.58034349318781,0.0987429065406005,-0.2625205307424734,-1.3964428168282506,-0.4107357418850017,0.0565503401091175
P42,11574,1158558.5585585586,pedestrian,-35.66027884360361,-0.0600695267813764,-0.3374621049943409,-1.4007258143844552,-0.5419298930784682,0.0179847361057835
P42,11575,1158658.6586586586,pedestrian,-35.745381785201225,-0.2210771002825336,-0.4154534812374281,-1.405850980406604,-0.6340191356766098,-0.0088748816252308
P42,11576,1158758.758758759,pedestrian,-35.82497253377137,-0.3682446865157153,-0.4865996203611356,-1.4035774610901688,-0.663808186628651,0.0033882114245034
P42,11577,1158858.858858859,pedestrian,-35.88214157542352,-0.4714983653649559,-0.5446227811335467,-1.3894742705230156,-0.6311361474103638,0.0567706097032627
P42,11578,1158958.958958959,pedestrian,-35.95158191145256,-0.595874980666004,-0.5934009888085415,-1.3753186623283702,-0.5752926972451097,0.0896317570257994
P42,11579,1159059.059059059,pedestrian,-36.02745339987866,-0.7317679497791443,-0.6339590065601465,-1.3656270786830482,-0.5092480693873622,0.0924220159399242
P42,11580,1159159.1591591593,pedestrian,-36.10637844463799,-0.8735823208605002,-0.6657696240325855,-1.3605894325929566,-0.4349179157356151,0.0760791921500405
P42,11581,1159259.259259259,pedestrian,-36.18614968463514,-1.0177549986357943,-0.6873466455062914,-1.3579065254575542,-0.3497548506069705,0.0569484951945061
P42,11582,1159359.3593593594,pedestrian,-36.26467115389689,-1.161230583637605,-0.6963991626377659,-1.3539026816876387,-0.2490794585749987,0.050367991540464
P42,11583,1159459.4594594594,pedestrian,-36.33857009796331,-1.2996474276680574,-0.6898256515191815,-1.344326968482835,-0.1268851143838314,0.0679521560185702
P42,11584,1159559.5595595597,pedestrian,-36.40047632176523,-1.4239906296599814,-0.6640393739210323,-1.3255458398912074,0.0223847211076858,0.1144119254805602
P42,11585,1159659.6596596595,pedestrian,-36.43272435541832,-1.5129997837624716,-0.6168144916532032,-1.297713439690019,0.1968512693078328,0.1779391474323126
P42,11586,1159759.7597597598,pedestrian,-36.45232995367665,-1.624336355089302,-0.5537482209514071,-1.273862971883348,0.365024221486027,0.2013597945077378
P42,11587,1159859.8598598598,pedestrian,-36.46557390685975,-1.7479810595154124,-0.4822228305034599,-1.259201364017429,0.500715546587754,0.1800498248624486
P42,11588,1159959.95995996,pedestrian,-36.47582383198483,-1.878285741307148,-0.4091574333348306,-1.25448244729918,0.5897004456343677,0.1284512631031723
P42,11589,1160060.06006006,pedestrian,-36.48483208127222,-2.0121019640151494,-0.3399748430999962,-1.2582068404347804,0.6290798320894153,0.0641381905946975
P42,11590,1160160.1601601602,pedestrian,-36.49347007569194,-2.147700380839951,-0.2783066039446978,-1.267994161195486,0.6240273837835241,0.0012788093221832
P42,11591,1160260.2602602602,pedestrian,-36.50213956575152,-2.284149846415876,-0.2261097931950945,-1.2813830598061522,0.5842024614796788,-0.0511451485288245
P42,11592,1160360.3603603605,pedestrian,-36.51099992862953,-2.420962870563955,-0.1839800902613476,-1.2962474711964111,0.5207944346248597,-0.0889392794471442
P42,11593,1160460.4604604605,pedestrian,-36.52009159258712,-2.557894713354001,-0.1515259807517281,-1.3109663452258615,0.4444773761930895,-0.1114962145475898
P42,11594,1160560.5605605606,pedestrian,-36.5294014392702,-2.6948306469208734,-0.1277257588110523,-1.3244447851046333,0.3642255178232733,-0.1204850151337935
P42,11595,1160660.6606606606,pedestrian,-36.53889624810771,-2.8317234855991416,-0.1112277306916804,-1.3360543873280657,0.2868088668370077,-0.1187360129907897
P42,11596,1160760.7607607609,pedestrian,-36.54853886820583,-2.96855954550876,-0.1005791958450793,-1.3455378037460142,0.2167608680845058,-0.1094198261899266
P42,11597,1160860.860860861,pedestrian,-36.55829529820021,-3.105340517704568,-0.0943850299481604,-1.3529057230916697,0.1566316521416198,-0.0955157036745108
P42,11598,1160960.960960961,pedestrian,-36.56813716329044,-3.242074130505148,-0.0914049322565484,-1.3583424178410106,0.1073808496388092,-0.0795194931883748
P42,11599,1161061.061061061,pedestrian,-36.57804200360822,-3.378769580019248,-0.0906019082715053,-1.362127709505219,0.0688070329272104,-0.0633286614931355
P42,11600,1161161.1611611613,pedestrian,-36.58799263554235,-3.51543548402757,-0.0911550702330723,-1.364577797450229,0.0399488261192216,-0.0482451132495861
P42,11601,1161261.2612612613,pedestrian,-36.59797621763694,-3.6520791236833454,-0.0924486213958978,-1.3660041312441462,0.0194226617257536,-0.0350468955267046
P42,11602,1161361.361361361,pedestrian,-36.607983315715046,-3.788706305913412,-0.094046834768477,-1.3666877708737888,0.0056837297297569,-0.0240921327376806
P42,11603,1161461.4614614614,pedestrian,-36.61800708716907,-3.9253214958499423,-0.095662532013532,-1.366865981521572,-0.002789172137888,-0.0154300616165123
P42,11604,1161561.5615615617,pedestrian,-36.62804261796996,-4.061928042139457,-0.0971243739634281,-1.3667277701818366,-0.0073759431643266,-0.0089036393150885
P42,11605,1161661.6616616617,pedestrian,-36.638086406520856,-4.198528411168339,-0.0983463847045946,-1.366415408252832,-0.0092518396898956,-0.0042355321537215
P42,11606,1161761.7617617615,pedestrian,-36.64813597319204,-4.335124394823781,-0.0993016254261681,-1.3660294973277565,-0.0093648199384469,-0.0010944630607782
P42,11607,1161861.8618618618,pedestrian,-36.65818957085136,-4.4717172805548735,-0.1000008169414051,-1.3656356901797753,-0.0084408771477678,0.0008577794262465
P42,11608,1161961.961961962,pedestrian,-36.66824597340386,-4.608307983423685,-0.1004759422564619,-1.3652716904883575,-0.0070066168385443,0.0019365013051582
P42,11609,1162062.062062062,pedestrian,-36.67830432292797,-4.744897143504504,-0.1007683827530714,-1.3649535733627192,-0.0054206521155757,0.0024184821438109
P42,11610,1162162.162162162,pedestrian,-36.688364019793525,-4.881485191048562,-0.1009208870843179,-1.3646807664065987,-0.0039076752204631,0.0025376135674718
P42,11611,1162262.2622622622,pedestrian,-36.69842464335197,-5.018072376213723,-0.1009725772791045,-1.3644391905555775,-0.0025910810564168,0.0024893681439353
P42,11612,1162362.3623623624,pedestrian,-36.70848589285324,-5.154658746170928,-0.1009562062327665,-1.3642020634786474,-0.0015216571170825,0.0024425988298041
P42,11613,1162462.4624624625,pedestrian,-36.71854753837795,-5.291244019127821,-0.1008969490006112,-1.3639276875432582,-0.000701083878027,0.0025584526054124
P42,11614,1162562.5625625623,pedestrian,-36.728609367945246,-5.427827224510612,-0.1008121012115483,-1.3635531300531358,-9.982984918957648e-05,0.0030178727093929
P42,11615,1162662.6626626626,pedestrian,-36.738671104989294,-5.564405782583976,-0.100711144435013,-1.3629819781611787,0.000330477543802,0.004061404505762
P42,11616,1162762.7627627628,pedestrian,-36.74873223868081,-5.700973216252592,-0.1005957015926022,-1.362063211593614,0.0006499102525913,0.0060479962646176
P42,11617,1162862.8628628629,pedestrian,-36.75879162990284,-5.83751350733588,-0.100458936742014,-1.360556593709661,0.0009280254562485,0.0095432590982933
P42,11618,1162962.962962963,pedestrian,-36.76884655858524,-5.9739872080737655,-0.1002839640264575,-1.3580779052689782,0.0012463538580609,0.0154516399272676
P42,11619,1163063.063063063,pedestrian,-36.77889039260598,-6.110297285345271,-0.100040882749784,-1.3540155036939685,0.0017052503879104,0.0252084923516996
P42,11620,1163163.1631631632,pedestrian,-36.78890686416749,-6.246205137252528,-0.0996823491654662,-1.3474105633890872,0.0024337604766696,0.0410384395566052
P42,11621,1163263.2632632633,pedestrian,-36.79885600273568,-6.381124102558989,-0.0991386928070739,-1.3368044364982288,0.0035974224152807,0.0662409535285584
P42,11622,1163363.3633633633,pedestrian,-36.80863955268274,-6.513611768519473,-0.0983169846293236,-1.3200986310042209,0.0053877139213986,0.1053161293094281
P42,11623,1163463.4634634634,pedestrian,-36.81801594973128,-6.640121728529543,-0.0971180449690351,-1.2946008569227136,0.0079460180697297,0.1633199838781304
P42,11624,1163563.5635635636,pedestrian,-36.82639127905811,-6.751934582395299,-0.0955110045229272,-1.2577859122347728,0.0110938942345919,0.242697612551584
P42,11625,1163663.6636636637,pedestrian,-36.83230531443658,-6.827612321318816,-0.0937714955152835,-1.2102413802289482,0.0135334423039099,0.332872233160611
P42,11626,1163763.7637637637,pedestrian,-36.8395898915479,-6.91518866996895,-0.0931587207543512,-1.1646943848163105,0.0106559645092968,0.3802912880301881
P42,11627,1163863.8638638635,pedestrian,-36.84237337163668,-7.008654419409438,-0.0946344141166806,-1.1291203857067384,0.0007956922355827,0.3706216762387738
P42,11628,1163963.963963964,pedestrian,-36.85652630224758,-7.124157550568126,-0.1014167320041903,-1.1092830371956652,-0.0258177513215973,0.3036730729362044
P42,11629,1164064.064064064,pedestrian,-36.87638718705583,-7.24740410686312,-0.113258659818279,-1.1028698490631716,-0.0617222930725492,0.2106515518193613
P42,11630,1164164.164164164,pedestrian,-36.898259274755496,-7.364561440249107,-0.128389883339932,-1.1046365728205711,-0.0964448830361098,0.1220186393863054
P42,11631,1164264.264264264,pedestrian,-36.9187480248629,-7.453499139987957,-0.1448732868331023,-1.111900540184026,-0.1229314807963379,0.0464750118138446
P42,11632,1164364.3643643644,pedestrian,-36.95195459418803,-7.57229489156464,-0.1619583884796164,-1.1344356730879854,-0.1414688622407289,-0.0589681261520796
P42,11633,1164464.4644644645,pedestrian,-36.98858515172507,-7.731298789836488,-0.1743848002666449,-1.1738833930222417,-0.1347412540827258,-0.1890690313121254
P42,11634,1164564.5645645645,pedestrian,-37.01036961262803,-7.892333565133663,-0.1748019474145836,-1.218657402057585,-0.0840487750958979,-0.2893185815580328
P42,11635,1164664.6646646643,pedestrian,-37.01302133933214,-8.04960225350818,-0.1599364599270415,-1.2569482185605056,0.0062356103754447,-0.325504032652524
P42,11636,1164764.7647647648,pedestrian,-37.0106446629668,-8.155736531047575,-0.1321444340396499,-1.2781221009032273,0.1116033306505467,-0.2812549778936202
P42,11637,1164864.8648648649,pedestrian,-37.00155900962352,-8.274479329583702,-0.0939790183393037,-1.2910858520303892,0.2162964828323632,-0.222342486944773
P42,11638,1164964.964964965,pedestrian,-36.984090582963695,-8.403027536979133,-0.0484681355664059,-1.3013088115871252,0.308833461331589,-0.1756715981216473
P42,11639,1165065.065065065,pedestrian,-36.962374787396925,-8.536897396449202,0.0002691859470417,-1.3111962176975285,0.3779583999570022,-0.1458182500294468
P42,11640,1165165.1651651652,pedestrian,-36.93863643867535,-8.673585108070704,0.048382721421674,-1.3214636883152142,0.4178278035115526,-0.1290288524724595
P42,11641,1165265.2652652652,pedestrian,-36.91403892197546,-8.81171217124579,0.092907052868705,-1.331995545070877,0.4282984194587707,-0.1197829658199914
P42,11642,1165365.3653653653,pedestrian,-36.8891652239464,-8.95053395180106,0.1319300149470332,-1.3423551984708466,0.4133675437142443,-0.1134587189524131
P42,11643,1165465.465465465,pedestrian,-36.86428775997202,-9.089658787750285,0.1645146244448033,-1.3520662032587447,0.3792627547549939,-0.1070740044829688
P42,11644,1165565.5655655656,pedestrian,-36.83951781437587,-9.22888862097702,0.1905059644497162,-1.360747056079359,0.332827075043444,-0.099172675484217
P42,11645,1165665.6656656656,pedestrian,-36.81488691905236,-9.36812941118255,0.210304535414478,-1.368157001559264,0.2804010034213294,-0.0894097789953826
P42,11646,1165765.765765766,pedestrian,-36.79039015470888,-9.507341348041331,0.2246526040272643,-1.3741912625578498,0.227188984621974,-0.0781016603037744
P42,11647,1165865.865865866,pedestrian,-36.76600844488856,-9.64651153069187,0.234456433462961,-1.378850339323063,0.1770109954280839,-0.0658501582607762
P42,11648,1165965.965965966,pedestrian,-36.74171949092543,-9.78563907339452,0.2406520463973901,-1.3821979746785424,0.1323194094803525,-0.0532687408887536
P42,11649,1166066.0660660665,pedestrian,-36.717502773955175,-9.924726668223562,0.2441130139480937,-1.3843150127594082,0.0943723079959314,-0.0407990363868637
P42,11650,1166166.1661661663,pedestrian,-36.69334171264818,-10.06377462154695,0.2455938242835825,-1.3852508456291528,0.0634774985377879,-0.0285892367981643
P42,11651,1166266.2662662663,pedestrian,-36.6692248999564,-10.202773632733868,0.2457002313174267,-1.3849697868670812,0.0392464383675369,-0.0164000335595277
P42,11652,1166366.3663663664,pedestrian,-36.645148065122434,-10.341690544080796,0.2448775692858601,-1.3832861695750205,0.0208192564765563,-0.0035033403163317
P42,11653,1166466.466466467,pedestrian,-36.62111917269525,-10.480434760457284,0.2434086970679804,-1.3797795819555942,0.0070397637219763,0.0114567000313033
P42,11654,1166566.5665665667,pedestrian,-36.59717174984597,-10.618776123050424,0.2414149115389486,-1.373682661313904,-0.0034259657971128,0.0306551766883382
P42,11655,1166666.6666666667,pedestrian,-36.5733985528585,-10.756142955073065,0.2388567842301957,-1.3637455363104425,-0.0120173474326486,0.0572941090374819
P42,11656,1166766.7667667668,pedestrian,-36.55003516990472,-10.891125304618049,0.235540742631649,-1.34812373777609,-0.0202128071031666,0.0956384900396165
P42,11657,1166866.866866867,pedestrian,-36.5276662652992,-11.020253320972788,0.2311604608884452,-1.324464219290592,-0.029354106667467,0.1502699879067676
P42,11658,1166966.966966967,pedestrian,-36.5077332135004,-11.134993448522708,0.2254633560991919,-1.2907160617398623,-0.0400536617125982,0.2228197682973311
P42,11659,1167067.0670670671,pedestrian,-36.49378261808417,-11.214362886025372,0.2187914381909776,-1.2481203747220144,-0.0503800627770272,0.3015179323506021
P42,11660,1167167.1671671672,pedestrian,-36.47681656680165,-11.309280974084066,0.213651931300119,-1.2102196583571436,-0.0507541636755634,0.3314542886806383
P42,11661,1167267.2672672677,pedestrian,-36.457490653927145,-11.413059804937648,0.2116026603116532,-1.184981383035809,-0.0389978609155814,0.3006585140865604
P42,11662,1167367.3673673675,pedestrian,-36.43521645571887,-11.52204312815815,0.2135886755352234,-1.177602535055818,-0.0161552361696163,0.2125525434257734
P42,11663,1167467.4674674675,pedestrian,-36.407287586918585,-11.634561445974756,0.2198694274022341,-1.1928860212318908,0.0144759410048341,0.0707582176535668
P42,11664,1167567.5675675676,pedestrian,-36.35185553366049,-11.834542850096858,0.2290219543721973,-1.237470526736829,0.0443531233314401,-0.1296286032888668
P42,11665,1167667.6676676678,pedestrian,-36.328994208943975,-11.978099325815316,0.2285829821572331,-1.2871434019000343,0.0254314849241783,-0.2719543548204134
P42,11666,1167767.767767768,pedestrian,-36.33220165956598,-12.151121380872462,0.2168019985245096,-1.3398710513834555,-0.0301330849499407,-0.3708728823047381
P42,11667,1167867.867867868,pedestrian,-36.32775690141195,-12.327573850582752,0.2013403152218071,-1.3844139085487903,-0.0784011481919298,-0.3996445685400455
P42,11668,1167967.967967968,pedestrian,-36.31927845638509,-12.48680459261381,0.1870996806966669,-1.408016611171499,-0.103194478525373,-0.3360320075243611
P42,11669,1168068.0680680682,pedestrian,-36.309326772818544,-12.590623999761387,0.1774192832311461,-1.4027345050055409,-0.1006759232826007,-0.1850888232755418
P42,11670,1168168.1681681685,pedestrian,-36.2896776266014,-12.701203734261224,0.175316288170814,-1.3801380744217395,-0.0697469536777984,-0.0255941708634685
P42,11671,1168268.2682682683,pedestrian,-36.26483569288477,-12.815716780831083,0.1806468740462541,-1.3486454062280948,-0.0219950881044247,0.1064833317527734
P42,11672,1168368.3683683684,pedestrian,-36.23730651261133,-12.93227122801318,0.191836018214549,-1.3138747946318083,0.029939986477323,0.19999780729466
P42,11673,1168468.4684684686,pedestrian,-36.20847645769987,-13.0492481045704,0.2069367043297621,-1.2791242943171302,0.0768829249197447,0.2571293354690708
P42,11674,1168568.568568569,pedestrian,-36.17913431772932,-13.164487831519018,0.2242524958469768,-1.245990148908017,0.1141923573472814,0.2858119297173225
P42,11675,1168668.6686686687,pedestrian,-36.14981057765238,-13.27377611872405,0.2427081352072548,-1.2153318370471715,0.1414380039497209,0.2937568648726362
P42,11676,1168768.7687687688,pedestrian,-36.12107322580137,-13.36741175652464,0.2621328585311223,-1.1892483686148003,0.1618646188221126,0.2808742856909776
P42,11677,1168868.868868869,pedestrian,-36.0722133620116,-13.511281154285792,0.2836452236638643,-1.1758501724909156,0.182457755133347,0.2237945411034767
P42,11678,1168968.968968969,pedestrian,-36.03984951273573,-13.610363137496428,0.3013658818536976,-1.1641050028582578,0.1803503055140783,0.1824636617551477
P42,11679,1169069.069069069,pedestrian,-36.00572701664184,-13.724391279163912,0.3157736733606076,-1.1592930608511982,0.1662124089466018,0.1302887698361774
P42,11680,1169169.1691691692,pedestrian,-35.97068448810491,-13.846524550557644,0.3271788947171996,-1.162040705692962,0.1459180767691046,0.0690505449654032
P42,11681,1169269.2692692694,pedestrian,-35.93519937367942,-13.972875794251214,0.3358186619742679,-1.1705777824944064,0.1227770409267964,0.0091329943105251
P42,11682,1169369.3693693697,pedestrian,-35.899568588846414,-14.1011556430976,0.3418803608284686,-1.182082717609952,0.0986212282526495,-0.0390334171749507
P42,11683,1169469.4694694695,pedestrian,-35.86404500702687,-14.229770270311334,0.3454893860576785,-1.193411892527196,0.0743309345893005,-0.06781860577858
P42,11684,1169569.5695695695,pedestrian,-35.828996816528,-14.357005359619723,0.3466944607194172,-1.201467047793343,0.0501473366837624,-0.072730621264019
P42,11685,1169669.6696696698,pedestrian,-35.795199072833604,-14.479824076850448,0.345504565993485,-1.2035009346343166,0.0260638448408199,-0.0523827741215038
P42,11686,1169769.76976977,pedestrian,-35.76449398585964,-14.59136999292104,0.3421048219230527,-1.1979023765810286,0.0027595644241686,-0.010332868133794
P42,11687,1169869.86986987,pedestrian,-35.74138280450979,-14.675086623313874,0.3375798631546925,-1.186712772121152,-0.0158613706455666,0.0370763900620746
P43,12234,1224624.6246246246,pedestrian,-10.016888010793611,8.333837410364332,-0.4018707616749761,-0.961514679763433,-0.0039902676237442,0.0411305946507355
P43,12235,1224724.724724725,pedestrian,-10.054586082910363,8.23292416386637,-0.4031156283558871,-0.9555461161251946,-0.0107470280385878,0.0559268795269496
P43,12236,1224824.824824825,pedestrian,-10.092546888396422,8.134719101563864,-0.4073388748958768,-0.9430553504021096,-0.0326812303729528,0.1039594700504739
P43,12237,1224924.924924925,pedestrian,-10.131155070935083,8.043187026050042,-0.4184592903197593,-0.9159177271511584,-0.0786696743944472,0.2019901759984982
P43,12238,1225025.025025025,pedestrian,-10.17135767239136,7.968089787591484,-0.4422103888588733,-0.8644233758332152,-0.1587916336344951,0.3598248321712413
P43,12239,1225125.125125125,pedestrian,-10.215485111014877,7.933448704412658,-0.48632371804921,-0.782037781785563,-0.2856665433663767,0.5683004224020136
P43,12240,1225225.225225225,pedestrian,-10.298166585320264,7.919919740209786,-0.5607764458934914,-0.6766984811864833,-0.4759316162713568,0.7693318426343954
P43,12241,1225325.3253253254,pedestrian,-10.42852619048588,7.915443417344379,-0.6646523801421056,-0.5631170166654179,-0.6982334991516808,0.9139009390584436
P43,12242,1225425.4254254254,pedestrian,-10.571194530743885,7.905578773254182,-0.7821127939894432,-0.453981352603652,-0.8819110892388167,0.9820710740206487
P43,12243,1225525.5255255254,pedestrian,-10.710465149328249,7.901983339824477,-0.8977830879186394,-0.3539040261060885,-0.9869058263956976,0.9888631682281
P43,12244,1225625.6256256255,pedestrian,-10.845171486030942,7.894920316092545,-1.0025762803694918,-0.2657547877998263,-1.009939293364136,0.9472909525764268
P43,12245,1225725.7257257258,pedestrian,-10.984329048428847,7.892900607524036,-1.0926134022357206,-0.1882606071103992,-0.967362629982661,0.8805656000576633
P43,12246,1225825.8258258258,pedestrian,-11.122861461358344,7.897140756610294,-1.1644746480710713,-0.1197258848733566,-0.8708741781383528,0.8047948089496644
P43,12247,1225925.9259259258,pedestrian,-11.25273149892404,7.906904398673935,-1.2160051087914978,-0.0588232529940584,-0.7328170882639367,0.7286576003693888
P43,12248,1226026.026026026,pedestrian,-11.371677883806726,7.911692417477294,-1.2486642265694865,-0.0046194358272793,-0.5749917961147458,0.6560007772835628
P43,12249,1226126.1261261262,pedestrian,-11.476838662900796,7.916938115634874,-1.2682645303979514,0.0474827749739807,-0.4277199215679774,0.6033739430611387
P43,12250,1226226.2262262262,pedestrian,-11.603296225417152,7.9532998840616385,-1.286668301827104,0.1044063391916752,-0.3330000190327307,0.5898932152255135
P43,12251,1226326.3263263262,pedestrian,-11.742485884433576,8.012682749694813,-1.30897288951777,0.163747565265924,-0.2902114851720217,0.591029417373321
P43,12252,1226426.4264264265,pedestrian,-11.90056152675306,8.065181103884024,-1.3363529421051352,0.2154073810452876,-0.2837327361926621,0.5619269093398411
P43,12253,1226526.5265265263,pedestrian,-12.060128283643282,8.10293194852182,-1.3633182018979149,0.2517957691232824,-0.2781612908957246,0.4848935037824492
P43,12254,1226626.6266266266,pedestrian,-12.214836883155357,8.131157236308542,-1.3835901663269985,0.2704960073731834,-0.2487935561195149,0.3691693631428791
P43,12255,1226726.7267267266,pedestrian,-12.35358298745346,8.150821687764568,-1.3920753418219358,0.2719882408571699,-0.1851146098858265,0.2316366676631293
P43,12256,1226826.826826827,pedestrian,-12.45141121965036,8.157568642554345,-1.3888745961848352,0.2588520763187028,-0.1008357723568362,0.0907642343012996
P43,12257,1226926.926926927,pedestrian,-12.570461692751088,8.153800658419902,-1.3900685418513323,0.237347239274401,-0.066319635771258,-0.0278754463267555
P43,12258,1227027.027027027,pedestrian,-12.72137930080947,8.166360675683098,-1.405929811638135,0.2170826591775543,-0.102088467289451,-0.0956468717466625
P43,12259,1227127.127127127,pedestrian,-12.888818622647358,8.182565969584012,-1.436621897522852,0.2011591417942258,-0.1814906324083412,-0.120271703202308
P43,12260,1227227.2272272273,pedestrian,-13.064527359262048,8.20076540410215,-1.477596084181943,0.1907574741952121,-0.269944980001105,-0.113920671440446
P43,12261,1227327.327327327,pedestrian,-13.243578552363417,8.220075899378287,-1.5226262304451952,0.1860485964068704,-0.3397896309075031,-0.0879563652459025
P43,12262,1227427.4274274274,pedestrian,-13.4222781966931,8.240102849219124,-1.5655071401539713,0.1868492680102756,-0.374183039114352,-0.0507038810940204
P43,12263,1227527.5275275274,pedestrian,-13.596063744436892,8.260856197755505,-1.6011180618330811,0.1931003849361471,-0.3670280166936773,-0.0067748543879364
P43,12264,1227627.6276276277,pedestrian,-13.756073340145234,8.28289133867286,-1.626766071968864,0.2052129535909082,-0.324010615622142,0.0428327296141579
P43,12265,1227727.7277277275,pedestrian,-13.881693416937022,8.307854179022033,-1.6455475049908828,0.2242581682577511,-0.2710624615553357,0.1000688118493072
P43,12266,1227827.8278278278,pedestrian,-14.057260834515615,8.354667206984777,-1.6757542064784112,0.251805382027695,-0.2829820307935758,0.1680583732525105
P43,12267,1227927.9279279278,pedestrian,-14.272789436594987,8.407153260132858,-1.7201174674824349,0.28261451424935,-0.3451788708594921,0.2223034906236885
P43,12268,1228028.028028028,pedestrian,-14.488402472159478,8.428337933206256,-1.7677823226902172,0.3099120714410703,-0.3960340466341249,0.241869839521698
P43,12269,1228128.1281281284,pedestrian,-14.673655923753293,8.456740612897269,-1.808105353564068,0.3399642944797568,-0.3986712924285541,0.2645236743312018
P43,12270,1228228.2282282284,pedestrian,-14.870088554690264,8.524229349196556,-1.8426040242095745,0.3789398381578667,-0.377695494188303,0.312990849271254
P43,12271,1228328.3283283284,pedestrian,-15.071941142705423,8.60916006806862,-1.8697113188482264,0.4202183617175986,-0.3361963867173837,0.3515735796102492
P43,12272,1228428.4284284285,pedestrian,-15.259164164464554,8.665112359029592,-1.8859255747034132,0.4506618346847519,-0.2685608506124813,0.3331547631275397
P43,12273,1228528.5285285288,pedestrian,-15.435551302009,8.700729852730053,-1.892986946791672,0.4675147080427525,-0.19168479705938,0.2691768838380133
P43,12274,1228628.6286286288,pedestrian,-15.61784638771596,8.738391323460194,-1.896912836490933,0.4759336962628706,-0.1324935370019654,0.1973270454828621
P43,12275,1228728.7287287288,pedestrian,-15.809983011822972,8.793967710060496,-1.9019721008458197,0.4808488701013013,-0.1006776666677223,0.1397821443793296
P43,12276,1228828.8288288289,pedestrian,-16.007289806597242,8.836232485340435,-1.9090158925900644,0.4802603767063306,-0.0889104000848079,0.0832323749768852
P43,12277,1228928.9289289291,pedestrian,-16.200065544882936,8.886406777821284,-1.917020962170514,0.4765549318020673,-0.0854397359330075,0.0365480345642503
P43,12278,1229029.0290290292,pedestrian,-16.38825223005164,8.93299964930752,-1.9268978572324944,0.4685880975656278,-0.0905761668347913,-0.0085394999534313
P43,12279,1229129.1291291292,pedestrian,-16.594072393890727,8.976694044303608,-1.942127150567937,0.4555621895106984,-0.1144772258632137,-0.055743892056135
P43,12280,1229229.2292292293,pedestrian,-16.82028402035592,9.026235441062727,-1.9604819075814228,0.4365904549203784,-0.1412210165293727,-0.1076824987970874
P43,12281,1229329.3293293295,pedestrian,-17.0264131872033,9.038314844091326,-1.9718211278563864,0.40672732833714,-0.1303730668016901,-0.1816982400631525
P43,12282,1229429.4294294296,pedestrian,-17.23193039914505,9.048977741025034,-1.9725804298022336,0.373464050994082,-0.0827034536483681,-0.2401661308074163
P43,12283,1229529.5295295296,pedestrian,-17.3828732859273,9.068969424454805,-1.9582026733105584,0.3443876663379884,0.0051670249189364,-0.2596967035041241
P43,12284,1229629.6296296297,pedestrian,-17.576627380098493,9.117157824005462,-1.944320015078816,0.3233110454960306,0.0570035254603236,-0.2406186846673011
P43,12285,1229729.72972973,pedestrian,-17.78012722187778,9.136839105769536,-1.9308405836430425,0.3023746551240452,0.0871517652181636,-0.2284034192799788
P43,12286,1229829.82982983,pedestrian,-17.956694892213797,9.161481234546873,-1.912590467782532,0.2831712575435506,0.124098227617231,-0.2142092261077288
P43,12287,1229929.92992993,pedestrian,-18.128613604145603,9.183597187087232,-1.8932896614032049,0.2649437102136088,0.1507760317000477,-0.2017408812502576
P43,12288,1230030.03003003,pedestrian,-18.31743907392192,9.212007608724804,-1.8782585117557489,0.247218819043445,0.1505373309212125,-0.1921635972713474
P43,12289,1230130.1301301303,pedestrian,-18.513598256502124,9.230774726001975,-1.866241900721996,0.2261771264693261,0.1386997175915098,-0.1991683626611407
P43,12290,1230230.2302302304,pedestrian,-18.694860828304115,9.223224874918282,-1.8522590878325589,0.2002569903386982,0.1390835133655459,-0.2223742308164381
P43,12291,1230330.3303303304,pedestrian,-18.848069220393967,9.222454925651553,-1.8358876286867265,0.1772085126391929,0.1485824315758611,-0.2254334921357951
P43,12292,1230430.4304304305,pedestrian,-19.01988260372753,9.240956426829086,-1.827543544022757,0.162613478138424,0.1232602433007329,-0.1945192383782396
P43,12293,1230530.5305305307,pedestrian,-19.21680313642768,9.269563813194807,-1.8320553174746093,0.1549277028714391,0.0579086957191358,-0.148809904199513
P43,12294,1230630.6306306308,pedestrian,-19.421928112586112,9.287211151400813,-1.845730790844244,0.1482514950333976,-0.017612026913135,-0.1169307132000618
P43,12295,1230730.7307307308,pedestrian,-19.625111171060336,9.29978181069615,-1.8621136890288303,0.1401054335769438,-0.074313955492112,-0.1031285986588924
P43,12296,1230830.8308308308,pedestrian,-19.80702154773414,9.299353911550336,-1.875564533031443,0.1294587196294691,-0.0976309263050588,-0.1043833805032853
P43,12297,1230930.9309309311,pedestrian,-19.996084025475213,9.308037260551618,-1.889013422658292,0.1200575833507064,-0.1118880138345791,-0.1003201738485285
P43,12298,1231031.0310310312,pedestrian,-20.198620054259003,9.32375878219131,-1.9038167140691584,0.1123182827863306,-0.1258630095001885,-0.0913891566022256
P43,12299,1231131.1311311312,pedestrian,-20.406047363887847,9.328295719008164,-1.91679967465004,0.1035857530265892,-0.1273525501734282,-0.0897775501795556
P43,12300,1231231.2312312312,pedestrian,-20.584557951235663,9.33034076854366,-1.92263739667138,0.0949598176826347,-0.100551724729999,-0.0883781990143793
P43,12301,1231331.3313313315,pedestrian,-20.761319614553305,9.340426604110522,-1.926883211097208,0.0884813828633334,-0.0779816805217242,-0.0791932518732153
P43,12302,1231431.4314314316,pedestrian,-20.97637681531219,9.351301483200402,-1.9369371436621257,0.0831093316820966,-0.086700160191191,-0.0692831624119874
P43,12303,1231531.5315315316,pedestrian,-21.22770658199478,9.355897298203644,-1.9462983917299637,0.0771388157974519,-0.0893473742913252,-0.0655415330001044
P43,12304,1231631.6316316316,pedestrian,-21.38349741681893,9.35931746011465,-1.9323276057667191,0.0709215210001028,-0.0004759329921238,-0.0642096163267679
P43,12305,1231731.731731732,pedestrian,-21.53090016684524,9.36408684870614,-1.9058102239439945,0.0651408790991235,0.1025538190641502,-0.0617012730783691
P43,12306,1231831.831831832,pedestrian,-21.69847532408461,9.365054242720934,-1.8810773011551123,0.0598548869796473,0.1586636817843092,-0.058248290067982
P43,12307,1231931.931931932,pedestrian,-21.9008459487857,9.393328630547906,-1.865361136617984,0.0565405389736948,0.1580195344633038,-0.0484890299765063
P43,12308,1232032.032032032,pedestrian,-22.09638780798521,9.393463822270666,-1.8521720678541844,0.0455700523707748,0.1478243780556889,-0.0722121476004953
P43,12309,1232132.1321321323,pedestrian,-22.26661577215605,9.3858325468773,-1.8359828337023825,0.0262662659752957,0.153223105719839,-0.1190451439880621
P43,12310,1232232.2322322323,pedestrian,-22.424283048305565,9.37372140037544,-1.8199061711891449,-0.0002799581300662,0.1560892978574072,-0.175785316480552
P43,12311,1232332.3323323324,pedestrian,-22.60976803611814,9.353200660479647,-1.8122726834778056,-0.0326504415639137,0.1250967547388317,-0.233086159541141
P43,12312,1232432.4324324324,pedestrian,-22.813715415972304,9.33058251885152,-1.8116208906465785,-0.0676624031152957,0.0790585910066484,-0.2783859103092707
P43,12313,1232532.5325325327,pedestrian,-22.995305146746865,9.299421274869603,-1.8089616277095344,-0.1026079001523813,0.0586795060434388,-0.3058412487069185
P43,12314,1232632.6326326327,pedestrian,-23.159267319620785,9.273842192197147,-1.8028562435005555,-0.1324610139958394,0.0595775872140761,-0.3028873602567539
P43,12315,1232732.7327327328,pedestrian,-23.32832805030474,9.254914538569192,-1.7986956388107436,-0.154704989907583,0.0525843775042552,-0.2715689830039107
P43,12316,1232832.8328328328,pedestrian,-23.526329155067817,9.250651571978668,-1.8008279912806535,-0.1696600791341371,0.0238995309464931,-0.2241400707823903
P43,12317,1232932.932932933,pedestrian,-23.72044661983717,9.2383479972363,-1.8028710568129176,-0.1839196842718751,0.0066972384121228,-0.1924270307135006
P43,12318,1233033.0330330331,pedestrian,-23.88686004798652,9.21227396967025,-1.7989790361494449,-0.2023428635201844,0.0191919904422708,-0.1891738849305915
P43,12319,1233133.1331331332,pedestrian,-24.039862220508255,9.180045744334532,-1.7933370381982907,-0.2257704248239864,0.0336230383364787,-0.2065926910690734
P43,12320,1233233.2332332332,pedestrian,-24.207772510449576,9.133843014595373,-1.7962454662794196,-0.2537994571472821,0.0092895858770083,-0.2350953666975785
P43,12321,1233333.3333333335,pedestrian,-24.41242323788395,9.089244217110748,-1.814381857069824,-0.2815989656415969,-0.0646570485003079,-0.2516423175884457
P43,12322,1233433.4334334335,pedestrian,-24.644789999341047,9.051029390104487,-1.842106956332361,-0.3053356788383221,-0.1470843563154794,-0.2460081367083648
P43,12323,1233533.5335335336,pedestrian,-24.822966457236653,9.019081703005025,-1.8631195590261145,-0.3239734926850237,-0.1714773279204646,-0.2227857381512633
P43,12324,1233633.6336336336,pedestrian,-25.061348108185584,8.971840622128868,-1.8814612346113984,-0.3394013222398793,-0.1760413418829549,-0.1961293282378439
P43,12325,1233733.733733734,pedestrian,-25.21534695954192,8.938086330933052,-1.877816635044632,-0.3478675643138867,-0.0935619344682796,-0.1528218734386915
P43,12326,1233833.833833834,pedestrian,-25.374104239272874,8.897243233292281,-1.862873491842683,-0.3502817581206525,0.000716906684362,-0.1028553331685521
P43,12327,1233933.933933934,pedestrian,-25.541759389037683,8.88214883876723,-1.845941977850277,-0.3442971488072888,0.0661057466872805,-0.039713300398311
P43,12328,1234034.034034034,pedestrian,-25.713758345429827,8.85887289867709,-1.833086898236464,-0.3367986795454509,0.0902987629819123,0.0047865731181608
P43,12329,1234134.1341341345,pedestrian,-25.897328063526164,8.828219035356938,-1.828956370821797,-0.3318677113870813,0.0712620776978812,0.0220525518219086
P43,12330,1234234.2342342343,pedestrian,-26.102360649600968,8.787923953550264,-1.8343453238022995,-0.3309175145455981,0.0226956274851701,0.0171763736554348
P43,12331,1234334.3343343344,pedestrian,-26.32292510151714,8.753085513739128,-1.8420131312612047,-0.3316115364536872,-0.0158542681523002,0.0078163289032492
P43,12332,1234434.4344344344,pedestrian,-26.474969263152364,8.72448429896461,-1.8374570756515407,-0.3335059300639424,0.0079710049063963,-0.0025654035487595
P43,12333,1234534.534534535,pedestrian,-26.65105827186521,8.682755398807993,-1.8312436445229128,-0.3388665542667723,0.0289746005138218,-0.0223600801908979
P43,12334,1234634.6346346347,pedestrian,-26.84061022466733,8.642597560207971,-1.8257167956910785,-0.3454253732604879,0.0391611700157921,-0.0391169842190818
P43,12335,1234734.7347347348,pedestrian,-27.022273380368237,8.591270276541437,-1.817734638626873,-0.3515571688219688,0.0549156913950825,-0.0477122199591697
P43,12336,1234834.8348348348,pedestrian,-27.21949284748042,8.523137024091476,-1.8062387363073944,-0.3509993831412025,0.0781815701012377,-0.0270256798259637
P43,12337,1234934.934934935,pedestrian,-27.3481616717304,8.51531186460909,-1.7826957376239307,-0.3288878321361032,0.1391384246876315,0.0692238612812621
P43,12338,1235035.035035035,pedestrian,-27.50175955551564,8.522393286547247,-1.763657475498125,-0.2903264562561106,0.1589589502216338,0.1919056061035537
P43,12339,1235135.1351351351,pedestrian,-27.691669099802592,8.520848725445877,-1.7577856465036474,-0.2447140636946837,0.1200199123682175,0.2943055039388905
P43,12340,1235235.2352352352,pedestrian,-27.892078975415185,8.519254491026672,-1.7605830882105986,-0.1967044450273084,0.0625752144896159,0.3662482821230311
P43,12341,1235335.3353353357,pedestrian,-28.0553369036493,8.518716612861342,-1.7629516848987996,-0.1489842080713307,0.0290953949141383,0.4091385140569555
P43,12342,1235435.4354354355,pedestrian,-28.29072092914299,8.517946122784274,-1.769861894715966,-0.1026738389002099,-0.0090008045415466,0.4299095229408852
P43,12343,1235535.5355355355,pedestrian,-28.43891669877852,8.523608419959796,-1.7580289246897491,-0.0567939025817076,0.0403865373597741,0.440947252116227
P43,12344,1235635.6356356356,pedestrian,-28.58338324195284,8.540822925073481,-1.7345311825856389,-0.0107535244820306,0.1158409628910723,0.4483220818000104
P43,12345,1235735.735735736,pedestrian,-28.71885372304968,8.555086423477324,-1.7077263693453246,0.0333719948656674,0.1748280003319575,0.445407209457074
P43,12346,1235835.835835836,pedestrian,-28.86339068850515,8.57276573492031,-1.6896842840983817,0.0761145325563575,0.1769292582828768,0.4382602181045961
P43,12347,1235935.935935936,pedestrian,-29.038263890502584,8.594681102426884,-1.69043105350963,0.1184068140102411,0.105344077724936,0.4321416164315469
P43,12348,1236036.036036036,pedestrian,-29.25710945245164,8.643073191262488,-1.7102701532982016,0.1613086212617979,-0.0124973946842347,0.4307624120164923
P43,12349,1236136.1361361365,pedestrian,-29.479207320450644,8.6762039338403,-1.7333812216373683,0.1968264438754225,-0.0972794942156477,0.4012806164584747
P43,12350,1236236.2362362363,pedestrian,-29.624152488748184,8.69915701449882,-1.7411856206288043,0.2227610560380209,-0.0897814319271172,0.3460769707873584
P43,12351,1236336.3363363363,pedestrian,-29.776430636092563,8.725484988286954,-1.7436727545970585,0.2411440792501276,-0.0645718539501862,0.2830168585387612
P43,12352,1236436.4364364364,pedestrian,-29.960674493649204,8.756824054609,-1.7498233397481908,0.2530578826544647,-0.063357667327638,0.2193482400281947
P43,12353,1236536.5365365366,pedestrian,-30.15144627297558,8.806136076539213,-1.7574428724161733,0.2574452218871532,-0.0683120263461563,0.1512069392314384
P43,12354,1236636.6366366367,pedestrian,-30.33249476532848,8.809131247927878,-1.7614893583131177,0.244866155936043,-0.057485263680383,0.0437175213552534
P43,12355,1236736.7367367367,pedestrian,-30.526116315825924,8.807133356234527,-1.7599400224998707,0.2213726236694456,-0.0291589264547777,-0.0643721362358098
P43,12356,1236836.8368368368,pedestrian,-30.671903634704112,8.80500969598817,-1.7447085397004831,0.1941243654479246,0.0412351527699715,-0.1450606752850284
P43,12357,1236936.936936937,pedestrian,-30.864365382354748,8.802861605744113,-1.7244886591335045,0.1697095525917331,0.1036472677380897,-0.1834344245118374
P43,12358,1237037.037037037,pedestrian,-30.989627028426195,8.808340979543875,-1.688780979892726,0.1545774535710531,0.2018971050587351,-0.1709083396474536
P43,12359,1237137.1371371371,pedestrian,-31.12187580706532,8.828373659468651,-1.6501979434198688,0.1528081086593078,0.2731553760444172,-0.1114191436703755
P43,12360,1237237.2372372372,pedestrian,-31.25782629104062,8.851892615790295,-1.6186633379025657,0.1638465269107017,0.2894125573248077,-0.0253517125078412
P43,12361,1237337.3373373374,pedestrian,-31.42933932105118,8.887741041531521,-1.6030874818892809,0.1870137302060489,0.2374638491788567,0.0743421879984739
P43,12362,1237437.4374374377,pedestrian,-31.656224926659807,8.94653460115581,-1.599319627792817,0.2184983737279315,0.159886949337345,0.1675904643368199
P43,12363,1237537.5375375375,pedestrian,-31.790780140803108,8.980688174181477,-1.5799119625419844,0.2465540957806701,0.1730850070598227,0.2113384140245585
P43,12364,1237637.6376376376,pedestrian,-31.904414372569537,9.00666904968504,-1.5491439729543703,0.2689632032431335,0.2252190759454029,0.2162023568522378
P43,12365,1237737.7377377378,pedestrian,-32.01649841516316,9.033872489801064,-1.5191490770845222,0.2875286552797866,0.2541148682310576,0.2042707518238373
P43,12366,1237837.837837838,pedestrian,-32.15151269779787,9.067586159810332,-1.503721828476868,0.3046156033392345,0.2152933563143934,0.1912371031950543
P43,12367,1237937.937937938,pedestrian,-32.33107992272016,9.111312947677314,-1.5097948784686113,0.3209514617290721,0.1081567144670586,0.1803504580345822
P43,12368,1238038.038038038,pedestrian,-32.53596271691499,9.145016330605968,-1.5286360552221112,0.3337876806337536,-0.0069063590910054,0.1601173169804248
P43,12369,1238138.1381381382,pedestrian,-32.68026895996407,9.175041867446824,-1.541202035906281,0.3442617229384966,-0.0529610006173843,0.1385777871126464
P43,12370,1238238.2382382385,pedestrian,-32.851611677227694,9.222598644484547,-1.5507948520984196,0.3554727470522927,-0.0696048182959791,0.1282588175007921
P43,12371,1238338.3383383383,pedestrian,-33.02870784650283,9.275665862685411,-1.5508490341239725,0.3641998831624644,-0.0427924109674957,0.1123124537054574
P43,12372,1238438.4384384383,pedestrian,-33.18709688569817,9.322070861753316,-1.5307312639793047,0.3643916649895327,0.0518455410507567,0.0694534088396525
P43,12373,1238538.5385385386,pedestrian,-33.28217168806183,9.341538133849232,-1.4834327218822665,0.3509874838923778,0.2151602530920897,-0.0094971162903912
P43,12374,1238638.638638639,pedestrian,-33.36852973647271,9.34125059648073,-1.423006981896074,0.3276097783197134,0.3659841120343927,-0.0964781337454218
P43,12375,1238738.7387387387,pedestrian,-33.44206934407823,9.34703678348493,-1.3658350381244928,0.3048976601222067,0.4456343904690286,-0.1471092621986774
P43,12376,1238838.8388388387,pedestrian,-33.54467513280396,9.372282979001488,-1.333711072029815,0.2916388154220557,0.3972161458662896,-0.1414203990438406
P43,12377,1238938.938938939,pedestrian,-33.70127744869004,9.409395132236057,-1.3400370242369064,0.2898101691362802,0.2184711082036842,-0.0936092447975993
P43,12378,1239039.039039039,pedestrian,-33.88648020094098,9.452689892049593,-1.3807706625880296,0.2972756307697775,-0.0243268100881252,-0.0283134675689311
P43,12379,1239139.139139139,pedestrian,-34.08588590962243,9.49890635989204,-1.4435695024075272,0.3099179343135262,-0.2584414028350536,0.031710511069181
P43,12380,1239239.2392392391,pedestrian,-34.290808285553,9.545953517162989,-1.5129715114812552,0.3227730860085942,-0.4272758540924279,0.0692570041303493
P43,12381,1239339.3393393394,pedestrian,-34.4945132070167,9.591912617095526,-1.5729503280718793,0.3304927427412995,-0.4940171276821107,0.0723093958417782
P43,12382,1239439.4394394394,pedestrian,-34.68828023212595,9.633776823196676,-1.6080437378174142,0.3274511354281073,-0.4383320312628317,0.0324402898772743
P43,12383,1239539.5395395395,pedestrian,-34.8547436429645,9.665030596936514,-1.604619461182129,0.307980940090104,-0.2548785062711794,-0.055667124424275
P43,12384,1239639.6396396395,pedestrian,-34.953231233787854,9.670080601485015,-1.5553537057842384,0.2678149506822995,0.035144739649072,-0.1898353066904668
P43,12385,1239739.7397397398,pedestrian,-35.04012730881681,9.646607070753396,-1.474313809617799,0.2094643406430995,0.3358055988900436,-0.3424428401599069
P43,12386,1239839.8398398398,pedestrian,-35.10415599593962,9.623383234912342,-1.3764456693137692,0.1436260766749861,0.5850081036095016,-0.4648439477425654
P43,12387,1239939.93993994,pedestrian,-35.166093893072166,9.61058807314607,-1.282241029149057,0.0789166527106529,0.7232546772179055,-0.5353474133579378
P43,12388,1240040.04004004,pedestrian,-35.25012087798388,9.600090095259802,-1.211659306748759,0.0177935842815828,0.7162109496843796,-0.5645701350379819
P43,12389,1240140.1401401402,pedestrian,-35.39175312475981,9.581822152533151,-1.1766089151408243,-0.0407259197377335,0.5740971249155739,-0.5723501137565863
P43,12390,1240240.2402402402,pedestrian,-35.55850744892223,9.553671306225135,-1.1675228874058183,-0.0971979467667836,0.3864557239395637,-0.5691687537912249
P43,12391,1240340.3403403405,pedestrian,-35.697700353937215,9.52850702519156,-1.1640486842702078,-0.1505263149154802,0.2498970951019617,-0.5550301243943969
P43,12392,1240440.4404404403,pedestrian,-35.80220402975372,9.499323177966398,-1.1545104128100352,-0.2027011893136544,0.1898732394374873,-0.5419067995582657
P43,12393,1240540.5405405406,pedestrian,-35.88885459640017,9.46078400447007,-1.139673862530697,-0.2564906270061289,0.1737011697646568,-0.540140238599996
P43,12394,1240640.6406406409,pedestrian,-35.98215209000051,9.406129000905192,-1.1276235414355689,-0.3135659686594075,0.1530014441958849,-0.5518035521933873
P43,12395,1240740.740740741,pedestrian,-36.10521081271778,9.340084445523994,-1.125200355114704,-0.3717351055704694,0.1030000660664181,-0.5631810138323455
P43,12396,1240840.840840841,pedestrian,-36.22492714746011,9.26354017395855,-1.128777005096677,-0.4261385076482109,0.0491408704669064,-0.5555364036699506
P43,12397,1240940.940940941,pedestrian,-36.33424279027981,9.206178418594623,-1.1361229395813923,-0.4686876857033835,0.0015725399655991,-0.5048842379698477
P43,12398,1241041.0410410413,pedestrian,-36.4393856265292,9.158464808822115,-1.1497665163241892,-0.4987759927724668,-0.0519531957357035,-0.425568439748833
P43,12399,1241141.1411411413,pedestrian,-36.57401820657649,9.108341312921947,-1.175753412615017,-0.5200426060597912,-0.1325710519618605,-0.3428312172487041
P43,12400,1241241.241241241,pedestrian,-36.72768336123186,9.03797263666252,-1.2111697207839185,-0.5358014877070137,-0.2184618100803555,-0.2708537302897537
P43,12401,1241341.3413413414,pedestrian,-36.87483725750172,8.976745006385233,-1.247040080125814,-0.5413903170002697,-0.272768353302078,-0.1873764081126732
P43,12402,1241441.4414414417,pedestrian,-37.02414819749509,8.930689651992,-1.2773739914945446,-0.5341617569868614,-0.2845190169598083,-0.0865963815468837
P43,12403,1241541.5415415417,pedestrian,-37.16211707602751,8.895683752064382,-1.29548089443526,-0.5157130701333481,-0.2442865280580877,0.0185741324278126
P43,12404,1241641.6416416415,pedestrian,-37.26366823977965,8.87364935960336,-1.2983210144073285,-0.4905476321307494,-0.1604627496094636,0.108964736379967
P43,12405,1241741.7417417418,pedestrian,-37.39437183068134,8.850389677795874,-1.2965803377120646,-0.4673713647901946,-0.0914155617347093,0.156548370205465
P43,12406,1241841.841841842,pedestrian,-37.524511685105566,8.810958272502498,-1.290177804851984,-0.4546352151284243,-0.03109389559378,0.1451677602165972
P43,12407,1241941.941941942,pedestrian,-37.64675348921535,8.749082784700533,-1.2782129695232871,-0.4553623449024525,0.0273820314491016,0.0859894562669796
P43,12408,1242042.042042042,pedestrian,-37.75332216464056,8.702661406572515,-1.261654568521007,-0.4645116832775722,0.0809716395789681,0.017121149601792
P43,12409,1242142.1421421422,pedestrian,-37.85154315474935,8.653782581945572,-1.2468598739708177,-0.4835836418256168,0.1069158986366905,-0.0634944227898681
P43,12410,1242242.2422422424,pedestrian,-37.9772344085971,8.587367852718781,-1.244064964251552,-0.5151472377108022,0.0762479161875549,-0.1612603152281286
P43,12411,1242342.3423423425,pedestrian,-38.12075487020887,8.495382639362422,-1.2544178859338646,-0.5575028675479554,0.0064935731461483,-0.2629265517232328
P43,12412,1242442.4424424423,pedestrian,-38.267052280616696,8.410858694809942,-1.2730696187625985,-0.6009182992011857,-0.0683662724383696,-0.3292334317769411
P43,12413,1242542.5425425426,pedestrian,-38.41410722004826,8.330968968886522,-1.2946294358426689,-0.6393487881342544,-0.1254421323293097,-0.3504645215216985
P43,12414,1242642.6426426428,pedestrian,-38.56017635250912,8.254450829757129,-1.313850832506415,-0.6693342298422655,-0.1512902122854355,-0.3306998445771331
P43,12415,1242742.7427427429,pedestrian,-38.70264780418543,8.18153870830182,-1.3259433625545116,-0.6891738923004278,-0.1394547534622071,-0.2792589928098197
P43,12416,1242842.842842843,pedestrian,-38.83593092827481,8.114765555181311,-1.3270173200130249,-0.6985733358719345,-0.0894797338466434,-0.2072975932714164
P43,12417,1242942.942942943,pedestrian,-38.94666207976712,8.06150333560854,-1.315685898654098,-0.6992931775004069,-0.0107934153273128,-0.1296106739916852
P43,12418,1243043.0430430432,pedestrian,-39.11115879360438,7.985535934651364,-1.2982984687302033,-0.6982078973767714,0.0608322789943602,-0.0750830182929387
P43,12419,1243143.1431431433,pedestrian,-39.188599896203606,7.918850285942869,-1.2585393585449425,-0.6934561741901085,0.1914171631974116,-0.0275046028062173
P43,12420,1243243.2432432433,pedestrian,-39.25011726827375,7.870856039175582,-1.2096968332637763,-0.6858329980488446,0.3065344311190864,0.0127391741675568
P43,12421,1243343.3433433434,pedestrian,-39.34100312980057,7.81074264096595,-1.1711424993096935,-0.6832748959458935,0.3370582312945746,0.0177148087911234
P43,12422,1243443.4434434436,pedestrian,-39.46189236894196,7.712640362528595,-1.1520650553567024,-0.6901547056209386,0.2801926877639236,-0.0158452233855151
P43,12423,1243543.5435435437,pedestrian,-39.60216516364896,7.620773199374971,-1.1508370290002252,-0.696557143790236,0.1761767869875249,-0.0345248707375647
P43,12424,1243643.6436436437,pedestrian,-39.74010024202333,7.544470942806516,-1.1584886416223967,-0.6935119390160096,0.0781040014033389,-0.0093108270317978
P43,12425,1243743.7437437435,pedestrian,-39.8664775099915,7.4842391001290896,-1.1665876687027323,-0.6762375280504243,0.0163705760025662,0.0613009522519569
P43,12426,1243843.843843844,pedestrian,-39.96189279870189,7.451239407064571,-1.1708576379257596,-0.6441278782498769,-0.0065455851804957,0.1620362264473515
P43,12427,1243943.943943944,pedestrian,-40.08859374933025,7.426975210100925,-1.1795635705563496,-0.6053024873179629,-0.0377694835909316,0.2497095581113968
P43,12428,1244044.044044044,pedestrian,-40.21387713206885,7.374827948916581,-1.1904705350432443,-0.5705837059003626,-0.0654078663161333,0.2874185688489574
P43,12429,1244144.144144144,pedestrian,-40.34066952590685,7.329120277324114,-1.2022473533501858,-0.5395020780511895,-0.0856898920415419,0.2963815497514838
P43,12430,1244244.2442442444,pedestrian,-40.43708530237576,7.296791790513523,-1.2134007753745322,-0.5126853645140103,-0.0956800859315205,0.2853238110533391
P43,12431,1244344.3443443445,pedestrian,-40.56614688217487,7.256937350186076,-1.235402282517902,-0.4954470331797709,-0.1438650059264084,0.2414102113994777
P43,12432,1244444.4444444445,pedestrian,-40.72272770557485,7.196418271596954,-1.270050755683426,-0.4908706742459602,-0.2223931633334472,0.1654369270046698
P43,12433,1244544.5445445443,pedestrian,-40.88154864499808,7.135972991878016,-1.3103947847936552,-0.4947600291681734,-0.2925241201268784,0.0861251926281874
P43,12434,1244644.6446446448,pedestrian,-41.04040989506844,7.075983431409535,-1.3495837889714035,-0.5031545331010594,-0.3309486210399562,0.0201317382774999
P43,12435,1244744.7447447449,pedestrian,-41.19705027476858,7.01700222505845,-1.3814307582874985,-0.512609164495283,-0.3259803116086459,-0.02435279928991
P43,12436,1244844.844844845,pedestrian,-41.34748694847713,6.9602452898704055,-1.4006910617944912,-0.5203395998149484,-0.2741247301372631,-0.0448800690921372
P43,12437,1244944.944944945,pedestrian,-41.482663755591794,6.908676638749628,-1.4038372599481743,-0.5245143391204867,-0.179904016233617,-0.0436476686938257
P43,12438,1245045.0450450452,pedestrian,-41.58061507702624,6.86960922518971,-1.3920099772549754,-0.5252793101722856,-0.0641893017578675,-0.0296692797102066
P43,12439,1245145.1451451452,pedestrian,-41.704922745042296,6.8171374612561335,-1.38027208978936,-0.5279237361132452,0.0062549978467623,-0.028406969779768
P43,12440,1245245.2452452453,pedestrian,-41.85435958316155,6.757961864732761,-1.374538898915498,-0.5333742975639678,0.0260622324047089,-0.0385180366006199
P43,12441,1245345.345345345,pedestrian,-41.98008968769313,6.706975124911718,-1.370927153992047,-0.5402871153809894,0.0299519283889901,-0.0503749164090859
P43,12442,1245445.4454454456,pedestrian,-42.16763150746869,6.629158239178116,-1.3743464471393445,-0.5508692184202126,0.0050623655413841,-0.0718595735714553
P43,12443,1245545.5455455456,pedestrian,-42.28612960256392,6.574588570148253,-1.3653685775910267,-0.5573001807269823,0.0379167713160863,-0.0689035037777948
P43,12444,1245645.6456456457,pedestrian,-42.40203318731478,6.510504879254039,-1.3484534770742849,-0.5600281766923113,0.0887999202960049,-0.0527334831972708
P43,12445,1245745.7457457455,pedestrian,-42.516311235047176,6.463962150283584,-1.328844160716039,-0.5555792673791856,0.1303780441310389,-0.0150062183681932
P43,12446,1245845.845845846,pedestrian,-42.62748979787549,6.412258606348002,-1.3122648498064655,-0.5464368153183174,0.1440628022093393,0.026277692360735
P43,12447,1245945.945945946,pedestrian,-42.768832651653504,6.36262202584854,-1.306064293956259,-0.5325972975555068,0.112181801535698,0.0697511225065804
P43,12448,1246046.046046046,pedestrian,-42.91699970687467,6.313092002356649,-1.306641771908942,-0.5138092721981985,0.0663899833178443,0.1155392310223785
P43,12449,1246146.146146146,pedestrian,-43.05548900660656,6.270427130158956,-1.3073039380516316,-0.4884652368480048,0.0380473814198953,0.1689779300585007
P43,12450,1246246.2462462464,pedestrian,-43.15632974444959,6.248238275999703,-1.3043393486734942,-0.4557679936462775,0.0347741784105376,0.2301888965492633
P43,12451,1246346.3463463464,pedestrian,-43.28406640679911,6.234698417487345,-1.3089119464764123,-0.4211878805772764,0.0035395071893579,0.274938565613439
P43,12452,1246446.4464464465,pedestrian,-43.44207952665273,6.216554513348664,-1.3239345288091295,-0.3929742839152666,-0.0560981940803571,0.2776232658678991
P43,12453,1246546.5465465465,pedestrian,-43.591224248153154,6.18000731805848,-1.3416171966381882,-0.3779569924059104,-0.1028997358546335,0.2280851561302683
P43,12454,1246646.6466466468,pedestrian,-43.73531717876966,6.133529432820977,-1.3574982646819371,-0.3766421859476584,-0.1245442812491902,0.1446354315510609
P43,12455,1246746.7467467468,pedestrian,-43.87648747885936,6.081867709408576,-1.3692351033092909,-0.3863891966294524,-0.1217128314218522,0.0506810973812159
P43,12456,1246846.8468468469,pedestrian,-44.01580550262075,6.027693092340647,-1.3757071605474938,-0.4033496863446685,-0.0995617082477293,-0.0347742718411717
P43,12457,1246946.946946947,pedestrian,-44.1535274162132,5.972604250223409,-1.3763671918213385,-0.4235622723301581,-0.0634689192374877,-0.0996663910844895
P43,12458,1247047.0470470472,pedestrian,-44.28893883019998,5.917838251121697,-1.370831674444117,-0.443508731533777,-0.0173595570013538,-0.1383334199402886
P43,12459,1247147.1471471472,pedestrian,-44.41953032869297,5.865012560879171,-1.358822007204518,-0.46040828166232,0.0359581898006024,-0.1501716929276983
P43,12460,1247247.2472472473,pedestrian,-44.53871584957861,5.81737823367084,-1.3408679573858866,-0.4725985807940073,0.0916311748863261,-0.1391496622523247
P43,12461,1247347.3473473473,pedestrian,-44.63007640992232,5.782579534084225,-1.320945004043357,-0.4806502546070396,0.1333265354112705,-0.1163554542639446
P43,12462,1247447.4474474476,pedestrian,-44.75506340395794,5.738064824296265,-1.3141369041137676,-0.4907036543884441,0.107969953491096,-0.1101740900560664
P43,12463,1247547.5475475476,pedestrian,-44.9046502233103,5.67015381319418,-1.324682134270336,-0.5065027333069264,0.0251543750104915,-0.1286765401668959
P43,12464,1247647.6476476477,pedestrian,-45.05901294050557,5.599873621211516,-1.3488008360865222,-0.5236782034610615,-0.078153204241743,-0.1453340131987741
P43,12465,1247747.7477477477,pedestrian,-45.21123241447181,5.516627958855485,-1.382112744746618,-0.5368328585195061,-0.1770087998543145,-0.1399302626222576
P43,12466,1247847.847847848,pedestrian,-45.38312349795976,5.462114975757321,-1.4227880515425766,-0.5345048730676037,-0.2660440691336589,-0.0765765457290239
P43,12467,1247947.947947948,pedestrian,-45.56146898637382,5.42673797714184,-1.4632079501124482,-0.5139613449083311,-0.3195227694287487,0.032828616334644
P43,12468,1248048.048048048,pedestrian,-45.73623923171221,5.402157829399252,-1.4938179197903194,-0.477763584276677,-0.3141927188407212,0.1604729756870525
P43,12469,1248148.148148148,pedestrian,-45.89233704626072,5.384802255010818,-1.5058105852640322,-0.4305048353355618,-0.2387266136617044,0.2814611307061945
P43,12470,1248248.2482482484,pedestrian,-45.99779585966754,5.375243802286318,-1.4959777137973242,-0.377322652395045,-0.1079104356311631,0.3784517225952682
P43,12471,1248348.3483483484,pedestrian,-46.1178805756357,5.366523066047933,-1.479656149730063,-0.324261093941638,-0.0027150372249496,0.4373200107541287
P43,12472,1248448.4484484484,pedestrian,-46.25518967424998,5.360124887109992,-1.467423339513907,-0.2760052951598805,0.0457827328389102,0.4546953223705479
P43,12473,1248548.5485485485,pedestrian,-46.40893898754686,5.337465995831425,-1.4637472795906783,-0.2369050179987341,0.0422658154917401,0.4298162857068142
P43,12474,1248648.6486486488,pedestrian,-46.56142146205732,5.303485009970459,-1.4669740499336306,-0.2040471777080656,0.0133423357777965,0.3903853307603844
P43,12475,1248748.7487487488,pedestrian,-46.725908452198745,5.294171184792733,-1.4760364523543004,-0.1682238008777663,-0.0269851445357037,0.3777641141194852
P43,12476,1248848.8488488488,pedestrian,-46.89438223030383,5.298276443087133,-1.4854672544238716,-0.1272145076474995,-0.053085164266774,0.3901558603948524
P43,12477,1248948.9489489489,pedestrian,-47.059132540979874,5.309829024126131,-1.487679442538425,-0.0821085416132366,-0.0410557591445111,0.4136253133070381
P43,12478,1249049.0490490492,pedestrian,-47.207812933289695,5.326230499501832,-1.4750059600864884,-0.0351997266148008,0.0240360594678727,0.4349754321832074
P43,12479,1249149.1491491492,pedestrian,-47.31364016382764,5.34772759693306,-1.4435971285220972,0.0109158223297495,0.1365205598417315,0.444960232727254
P43,12480,1249249.2492492492,pedestrian,-47.44438305472137,5.389912283826125,-1.4040606032051286,0.0530209313517123,0.2368578531819006,0.4355145677288763
P43,12481,1249349.3493493493,pedestrian,-47.53785377365825,5.401838559942635,-1.356029068262728,0.080246068969261,0.3311884241135523,0.3720255123269209
P43,12482,1249449.4494494495,pedestrian,-47.65433143552413,5.382223766798008,-1.311421035997293,0.0924411201907473,0.3756195074506565,0.274892023860898
P43,12483,1249549.5495495496,pedestrian,-47.78583338377273,5.36486001504299,-1.2726450031017518,0.101985854931129,0.3801823761399508,0.2051895015030602
P44,12685,1269769.76976977,pedestrian,-5.605218632618691,9.828656095625831,-0.1648153096379777,-0.1046760727747821,0.2002858000271342,0.0289003102668857
P44,12686,1269869.86986987,pedestrian,-5.6174633053831,9.819534249038506,-0.1443995165181256,-0.1019682385509646,0.2032201786192829,0.0274210731701268
P44,12687,1269969.96996997,pedestrian,-5.616520450886751,9.812315301355827,-0.1226902493720863,-0.0999124520105473,0.2127459350194118,0.0226190846743486
P44,12688,1270070.0700700702,pedestrian,-5.614223304820192,9.800972674579734,-0.1007862407399388,-0.0997866064217285,0.216308985454944,0.01009034586799
P44,12689,1270170.1701701705,pedestrian,-5.615894680645061,9.785629756721764,-0.0826748262196679,-0.1023583816885886,0.1984380972662146,-0.0079858569372204
P44,12690,1270270.2702702703,pedestrian,-5.619703345085049,9.7684264968968,-0.0721639605747712,-0.1062676596673146,0.1563860293203202,-0.0219685486546295
P44,12691,1270370.3703703703,pedestrian,-5.6318837531484975,9.756729920434012,-0.0713632655496244,-0.1083630365778521,0.0947578239457741,-0.0215383873288053
P44,12692,1270470.4704704706,pedestrian,-5.650875355480209,9.744848534782758,-0.0783700308014544,-0.1074976046603965,0.0295635254577924,-0.0095944510303407
P44,12693,1270570.5705705706,pedestrian,-5.667914423969287,9.738096720028151,-0.0886310340304644,-0.102644466213783,-0.021485876474977,0.0128541774687136
P44,12694,1270670.6706706707,pedestrian,-5.681090284820924,9.740814524414285,-0.0991442226957043,-0.0944784602584027,-0.0535407957735759,0.0392238953356955
P44,12695,1270770.7707707707,pedestrian,-5.698893535421478,9.740558870349805,-0.1092201058831421,-0.0870917545514785,-0.0716352844614966,0.0524995714301075
P44,12696,1270870.870870871,pedestrian,-5.714354100614427,9.733068911989228,-0.1168072698948864,-0.0835132689639299,-0.0732388150078898,0.0460436064574298
P44,12697,1270970.970970971,pedestrian,-5.7301731261197135,9.721604239970429,-0.1207526576807703,-0.0842874423468958,-0.0601563640844194,0.0252437406654494
P44,12698,1271071.071071071,pedestrian,-5.741965806177944,9.7115198079259,-0.1194921916403013,-0.0887379696498986,-0.03195119215948,-0.0017812813024202
P44,12699,1271171.1711711711,pedestrian,-5.741356566286714,9.694398110569452,-0.1124078260978899,-0.0971397799281633,0.0079266732193502,-0.0336733251120653
P44,12700,1271271.2712712714,pedestrian,-5.73602697039055,9.673823873632578,-0.1031499805071062,-0.1076246306710206,0.0407686906279483,-0.0612763892772959
P44,12701,1271371.3713713714,pedestrian,-5.7350015079345535,9.656746621575326,-0.0973483683104593,-0.1172512223080653,0.0474452183040576,-0.0748292542829754
P44,12702,1271471.4714714717,pedestrian,-5.743267201890265,9.640207366350309,-0.0997010941566351,-0.1244854284717212,0.0198914062727022,-0.073835230569825
P44,12703,1271571.5715715715,pedestrian,-5.759524339712193,9.623878104653524,-0.1124160493411539,-0.1280076444757659,-0.0371557252010052,-0.0588279670878739
P44,12704,1271671.6716716718,pedestrian,-5.788580379750913,9.605992124243976,-0.1360068607331279,-0.1262949079934118,-0.1142316716594228,-0.0293442236226
P44,12705,1271771.7717717718,pedestrian,-5.818698367823718,9.589644968241297,-0.1676409420988499,-0.1164411951148472,-0.1925745510934674,0.0202654434836426
P44,12706,1271871.871871872,pedestrian,-5.85313264181673,9.591036991949318,-0.2057021140373506,-0.0945686152929594,-0.265427173293926,0.0972274359722909
P44,12707,1271971.971971972,pedestrian,-5.898155972614352,9.605375446893154,-0.2489214195163131,-0.0615527306600717,-0.3300013411815228,0.1875280383738547
P44,12708,1272072.0720720722,pedestrian,-5.949132638932273,9.630026760590056,-0.2939561276015914,-0.0214059940606763,-0.3765473648293667,0.2704281238429655
P44,12709,1272172.1721721722,pedestrian,-5.999123556983594,9.65387925392439,-0.3367441650652861,0.0193889066764704,-0.3963099727352944,0.3236586959671658
P44,12710,1272272.2722722725,pedestrian,-6.052507370925681,9.675336211722122,-0.374839190267394,0.0556893708443819,-0.3901990304117188,0.338792898632021
P44,12711,1272372.3723723723,pedestrian,-6.098426698532412,9.69506486952828,-0.405422355242734,0.0840196142960641,-0.3573265554416781,0.3171399850963936
P44,12712,1272472.4724724726,pedestrian,-6.1471412939998205,9.711540290154096,-0.42910906717175,0.1018699795977514,-0.310468848202962,0.263248152812587
P44,12713,1272572.5725725726,pedestrian,-6.204136984231198,9.723729642931938,-0.445932127921145,0.1076987810780568,-0.2551826130564357,0.1836541792679408
P44,12714,1272672.672672673,pedestrian,-6.254862657009585,9.72872939115224,-0.4525172465636794,0.1007402091351888,-0.1816532151715674,0.085366279409777
P44,12715,1272772.7727727727,pedestrian,-6.292537090070098,9.72025262176406,-0.4467747828198508,0.0816038256115523,-0.088858722915111,-0.0219938872019844
P44,12716,1272872.872872873,pedestrian,-6.322287025308333,9.702430180212849,-0.4302640315889651,0.054556336443652,0.0096740330204804,-0.1183562152687917
P44,12717,1272972.972972973,pedestrian,-6.346010162594372,9.686130539472622,-0.4063043857493162,0.0263589582861561,0.0988433711292958,-0.1817676890113657
P44,12718,1273073.073073073,pedestrian,-6.378544204697375,9.67935893510913,-0.3793370914369734,0.0025840866106969,0.1650595183416623,-0.2034087968605973
P44,12719,1273173.173173173,pedestrian,-6.409898415015806,9.683613399761963,-0.3491025297668575,-0.0153115665699838,0.2182404599704633,-0.1938462645809534
P44,12720,1273273.2732732734,pedestrian,-6.425805260703179,9.67924663873756,-0.3138203403566975,-0.0308638256896236,0.270351778416128,-0.1789075596237376
P44,12721,1273373.3733733734,pedestrian,-6.433205109595848,9.669931841024775,-0.2756419532606612,-0.045272752315016,0.3134646285407554,-0.1653341803094711
P44,12722,1273473.4734734737,pedestrian,-6.4418988044606325,9.655931769665882,-0.2385935505903452,-0.0583694979818969,0.335457328941153,-0.1519412071804244
P44,12723,1273573.5735735735,pedestrian,-6.454303172242015,9.64339640536468,-0.2051764549827888,-0.0683734213269894,0.3348281882848487,-0.1317525642525387
P44,12724,1273673.6736736738,pedestrian,-6.465436385262504,9.638676028495476,-0.1754481200239097,-0.0739074643963938,0.320136812904806,-0.102065741632401
P44,12725,1273773.7737737738,pedestrian,-6.471182094975177,9.631117569847286,-0.1489111561545854,-0.0764410135024603,0.2987716325790108,-0.0722670657488033
P44,12726,1273873.8738738738,pedestrian,-6.477823580022946,9.625609128660209,-0.1263441775268814,-0.0763220344284678,0.2703038297981747,-0.043749511299305
P44,12727,1273973.973973974,pedestrian,-6.485501590636971,9.616387688570676,-0.1077144440776091,-0.0744701654148217,0.2376178212727386,-0.0195824347939474
P44,12728,1274074.0740740742,pedestrian,-6.480843999000925,9.599399992378352,-0.0921638322852557,-0.0700711557474071,0.2056793782696504,0.005081130565846
P44,12729,1274174.1741741742,pedestrian,-6.494547048868813,9.60738345383806,-0.0835399084659434,-0.0584016445459841,0.1592758783020028,0.0483675109662704
P44,12730,1274274.2742742742,pedestrian,-6.507542523582767,9.61408526178804,-0.0790537053229308,-0.0431417569612272,0.114839790434199,0.0887738132538289
P44,12731,1274374.3743743745,pedestrian,-6.521022657738946,9.622380912340972,-0.0759612258145958,-0.0271067964923319,0.082249624783314,0.1164992950311317
P44,12732,1274474.4744744746,pedestrian,-6.524817076056612,9.630263670112544,-0.0710140744051799,-0.013353980679791,0.0695050346945634,0.1246098984413844
P44,12733,1274574.5745745746,pedestrian,-6.526769597889832,9.633359810884814,-0.0642911820948137,-0.0047177157094768,0.0685952840432816,0.1097277130664089
P44,12734,1274674.6746746746,pedestrian,-6.530167545039113,9.634381246842535,-0.0564198461280476,-0.0024237743555324,0.0724928466485875,0.0760251501253155
P44,12735,1274774.774774775,pedestrian,-6.538204958217012,9.628882692272688,-0.0471988566429047,-0.0073738063689948,0.0801117604708695,0.0273118518685034
P44,12736,1274874.874874875,pedestrian,-6.537203063402777,9.614298083584494,-0.0339766166636001,-0.0187166936597885,0.1002912428665644,-0.0272836169830616
P44,12737,1274974.974974975,pedestrian,-6.52617131754144,9.591482294422716,-0.0165188771914743,-0.0327537169294195,0.1290634391105171,-0.0711325240352175
P44,12738,1275075.075075075,pedestrian,-6.510883857629283,9.57720013254326,0.0023363668641427,-0.0426890736671898,0.152085540159722,-0.0820501544164191
P44,12739,1275175.175175175,pedestrian,-6.496877362397199,9.570712542349291,0.0184342716690088,-0.0444221786593791,0.1554757532991334,-0.0569176506044807
P44,12740,1275275.275275275,pedestrian,-6.492049894305729,9.57598654346649,0.0280017032416283,-0.0360560194418985,0.1322220109482462,-0.0023733171074703
P44,12741,1275375.3753753754,pedestrian,-6.495844872566797,9.599666754071272,0.0304447386029542,-0.0192374496669014,0.0903647753431304,0.0637771919119931
P44,12742,1275475.4754754754,pedestrian,-6.50181052276878,9.612055998756777,0.0282711536999845,-0.002170819794002,0.0468526006401532,0.1052082900342253
P44,12743,1275575.5755755757,pedestrian,-6.503562059781266,9.613799709381524,0.02482568603102,0.0111268148409423,0.0153002065678811,0.1159370048115893
P44,12744,1275675.6756756755,pedestrian,-6.502086827237899,9.616819388018683,0.02186875457101,0.0209625640517694,-0.0021079230488076,0.1090739587335021
P44,12745,1275775.7757757758,pedestrian,-6.498405505481015,9.622931940180932,0.0198271318347848,0.0275522768822311,-0.0092077952176941,0.0922859164814485
P44,12746,1275875.8758758758,pedestrian,-6.4961063842202105,9.62637083686619,0.0181005990411446,0.0299631069363537,-0.0123292530049168,0.0658080901995006
P44,12747,1275975.975975976,pedestrian,-6.495910745072333,9.628314265432907,0.0164115068215731,0.0279708893577265,-0.0140936636679274,0.0325329256896492
P44,12748,1276076.076076076,pedestrian,-6.4976211171543055,9.628518076100358,0.0152026264196713,0.0214495777171385,-0.0133106275885513,-0.0053895176147997
P44,12749,1276176.1761761762,pedestrian,-6.497456306125812,9.628588347189796,0.0157626311998788,0.0102424238688605,-0.0059711459794454,-0.046762967283922
P44,12750,1276276.2762762762,pedestrian,-6.4929798566398285,9.619517718394944,0.0189794688437328,-0.0067567974365451,0.0088231999349597,-0.0945380283156389
P44,12751,1276376.3763763765,pedestrian,-6.485663878092523,9.600700358623136,0.0244354780751798,-0.028367861272684,0.026558365312665,-0.1416520323274884
P44,12752,1276476.4764764763,pedestrian,-6.474780624422032,9.5770290358745,0.0308747037284866,-0.0505683659188624,0.041221546389894,-0.1727611422810001
P44,12753,1276576.5765765766,pedestrian,-6.465564176087001,9.558398019820576,0.0357327511908789,-0.0677743547544837,0.0440596288605185,-0.1724220973126881
P44,12754,1276676.6766766766,pedestrian,-6.462244957256248,9.54921358266443,0.036842809973081,-0.0760680415206446,0.031259693196263,-0.137649217596276
P44,12755,1276776.7767767766,pedestrian,-6.460473415755993,9.54754723223487,0.0339496482198264,-0.0746157535761534,0.0079029666537812,-0.078577370645381
P44,12756,1276876.876876877,pedestrian,-6.460805197654016,9.550038643446458,0.0270061436191487,-0.0648112000370738,-0.0220948669480373,-0.0100454582514174
P44,12757,1276976.976976977,pedestrian,-6.465433185990353,9.555545303531252,0.0161894413798781,-0.0488604860386956,-0.0554685034255186,0.0557177008081428
P44,12758,1277077.077077077,pedestrian,-6.47239007878218,9.56344023474104,0.0026535426825395,-0.0292298006716127,-0.0864316844407654,0.1102221496213806
P44,12759,1277177.177177177,pedestrian,-6.482843600203085,9.571428434733278,-0.0121747964252273,-0.0084040037696399,-0.1103866876300866,0.1482015585871781
P44,12760,1277277.277277277,pedestrian,-6.492121014169083,9.582063772228906,-0.0260279772509681,0.0119268528462205,-0.1212596325850185,0.1695167177078777
P44,12761,1277377.3773773774,pedestrian,-6.499406749725715,9.59319817850194,-0.0373754293403457,0.0297512839561081,-0.1181931794135477,0.1728358153154719
P44,12762,1277477.4774774774,pedestrian,-6.507238689449295,9.602126295348176,-0.0456524863309462,0.0432380855921623,-0.1044089929251463,0.1580432890534772
P44,12763,1277577.5775775774,pedestrian,-6.514724440015744,9.608907912530803,-0.0501456093026718,0.0515005507955498,-0.0813006099524695,0.1287315771742818
P44,12764,1277677.6776776777,pedestrian,-6.519482493405487,9.614744482841044,-0.0500547653670029,0.0543732491246878,-0.049385099059688,0.0898958303982711
P44,12765,1277777.7777777778,pedestrian,-6.514953892499544,9.616210095829889,-0.0451664526105852,0.0517139626155303,-0.0112535892837556,0.0446819687832331
P44,12766,1277877.8778778778,pedestrian,-6.511666195707357,9.61796565651902,-0.0384368579568617,0.0445202776180151,0.0192154221195072,-0.0005648065325934
P44,12767,1277977.977977978,pedestrian,-6.511820404452911,9.61258393679222,-0.0322804554940128,0.033029791957552,0.0356324390121315,-0.0449102184076357
P44,12768,1278078.078078078,pedestrian,-6.513766465137511,9.60321105064932,-0.0277119520530312,0.0194808426364644,0.0395174028773029,-0.0800230379496612
P44,12769,1278178.1781781784,pedestrian,-6.5162046022555336,9.596579595698657,-0.0249503611475845,0.0072482637465828,0.0348861871903743,-0.0963986645533139
P44,12770,1278278.2782782784,pedestrian,-6.519107952697451,9.592938329714029,-0.0239768480700284,-0.0014537686025954,0.0251180607232377,-0.0927239452227031
P44,12771,1278378.3783783785,pedestrian,-6.525661112554078,9.593324855678732,-0.0246405561613308,-0.0055407048537501,0.0127923989062325,-0.0725766721130218
P44,12772,1278478.4784784785,pedestrian,-6.532318008574315,9.598983729558094,-0.025407160241671,-0.0053347581343892,0.0048528337623467,-0.0436016245947852
P44,12773,1278578.5785785788,pedestrian,-6.5354490478990925,9.60482644443072,-0.0245012296959501,-0.0030868547133174,0.00648238722771,-0.0179559825240428
P44,12774,1278678.6786786788,pedestrian,-6.53513173123322,9.60832662962554,-0.0211934404585707,-0.0012031802363008,0.0167946680722199,-0.0036793246166536
P44,12775,1278778.7787787789,pedestrian,-6.529616840814985,9.607804355204117,-0.0157898074469469,-0.001359337392896,0.0312319495992204,-0.0028565471131538
P44,12776,1278878.878878879,pedestrian,-6.5274633915910005,9.604597946866418,-0.0104402342744994,-0.0038833778199454,0.0398546070370899,-0.0115367905656883
P44,12777,1278978.9789789792,pedestrian,-6.528139890237318,9.600456386833187,-0.0060220363698236,-0.0082429929122703,0.0415174617937074,-0.0239662100911341
P44,12778,1279079.0790790792,pedestrian,-6.525299553792204,9.594855829005402,-0.0022018484161377,-0.013723446465982,0.0402154285278481,-0.035917238134592
P44,12779,1279179.1791791792,pedestrian,-6.525853070722265,9.589257766444566,0.0001111571447917,-0.0192207966637141,0.0335734268081401,-0.0432940731101893
P44,12780,1279279.2792792793,pedestrian,-6.524609727197236,9.585556057639208,0.0012518106006356,-0.0237208334339516,0.0249631878592556,-0.043939034221785
P44,12781,1279379.3793793796,pedestrian,-6.5246523925555975,9.580251121959682,0.0008256139413999,-0.0269902803925479,0.0136188160910188,-0.0395608852694883
P44,12782,1279479.4794794796,pedestrian,-6.528003525911,9.578034779427403,-0.0012632799384535,-0.0281710061701681,0.0002300454137622,-0.0287815631018231
P44,12783,1279579.5795795796,pedestrian,-6.531952038481643,9.577803595305571,-0.0039984111564003,-0.027437167375125,-0.0104671942792693,-0.0147616318558432
P44,12784,1279679.6796796797,pedestrian,-6.531988902047488,9.575655568599275,-0.006142653385192,-0.0256347284662425,-0.0147197617196701,-0.0020401745896998
P44,12785,1279779.77977978,pedestrian,-6.529713705926895,9.57313931232568,-0.0079769852150497,-0.0227608813234375,-0.016119406838419,0.0098978038010414
P44,12786,1279879.87987988,pedestrian,-6.527482553062937,9.569112971780298,-0.0109111895564151,-0.0183887384074834,-0.0212414145968603,0.0230121119511486
P44,12787,1279979.97997998,pedestrian,-6.530810203945098,9.566326407282286,-0.0168247862172871,-0.0110249637521216,-0.0359301865378017,0.0426378179850821
P44,12788,1280080.08008008,pedestrian,-6.540200583106022,9.570187043997825,-0.026096432008254,0.0011698558475757,-0.0579402180293635,0.0733809921723476
P44,12789,1280180.1801801804,pedestrian,-6.549454556270794,9.579389812625829,-0.0372980768318539,0.0185278813542757,-0.0788906425713136,0.1122137735741031
P44,12790,1280280.2802802804,pedestrian,-6.553939673583932,9.599224056015569,-0.0494722300569617,0.0404087993955451,-0.0954792988614639,0.1535121586899246
P44,12791,1280380.3803803804,pedestrian,-6.556692197852296,9.617846755871492,-0.0641651741888249,0.0630113952048599,-0.1153966481229615,0.1815763041187451
P44,12792,1280480.4804804805,pedestrian,-6.5644804238702585,9.63486099162263,-0.0848399229800828,0.0835251571258075,-0.1507813465225398,0.1906438286804145
P44,12793,1280580.5805805807,pedestrian,-6.580208227668376,9.64959183044552,-0.1148843672403145,0.1002086493426693,-0.2087681259930923,0.1813357719745686
P44,12794,1280680.6806806808,pedestrian,-6.613086551732976,9.664650741910927,-0.1570344072196821,0.1125190665360117,-0.2911931356020526,0.1586808356355112
P44,12795,1280780.7807807808,pedestrian,-6.655959901025461,9.66498729516097,-0.2101881823213024,0.1199265002630146,-0.3842953127272041,0.1258054572130494
P44,12796,1280880.8808808809,pedestrian,-6.703719711518651,9.671457000954122,-0.272171363964953,0.1278587987791318,-0.4754965675100774,0.1077288596769772
P44,12797,1280980.9809809811,pedestrian,-6.760436526829352,9.6892567446356,-0.3420109566919392,0.1404541867308849,-0.5617612270261599,0.1147554257897359
P44,12798,1281081.0810810812,pedestrian,-6.836977139535813,9.720024963784324,-0.4187777490541408,0.1585841966202832,-0.6414019637567565,0.1405195524519432
P44,12799,1281181.1811811812,pedestrian,-6.919002895887681,9.749720677583444,-0.4972725749059908,0.178926417287272,-0.6968259310327987,0.1648611565930002
P44,12800,1281281.2812812813,pedestrian,-7.003656155148988,9.772375933255924,-0.5728852611789009,0.1990249802068406,-0.7195546697758521,0.1788076639300895
P44,12801,1281381.3813813815,pedestrian,-7.084230164391033,9.800182104693796,-0.6424158502563467,0.2198586731680709,-0.7098706749225051,0.1901908725890986
P44,12802,1281481.4814814816,pedestrian,-7.168850402277062,9.830069042573626,-0.7065304753505911,0.2414912230984472,-0.682941010915168,0.2002530856012058
P44,12803,1281581.5815815816,pedestrian,-7.266434129150765,9.869580768670552,-0.7667459632244116,0.264163755376738,-0.6513437903164812,0.2104423309819838
P44,12804,1281681.6816816817,pedestrian,-7.36356657687245,9.914508446295551,-0.8216420536140225,0.2852265626894156,-0.6113827541011667,0.2104326695651411
P44,12805,1281781.781781782,pedestrian,-7.454625003763314,9.957466752770218,-0.8714941837454993,0.3000899400299335,-0.5673732259750912,0.1863828972986614
P44,12806,1281881.881881882,pedestrian,-7.548566164658277,9.9937303742205,-0.9207233936941552,0.3043578989849039,-0.5380335007528579,0.1305766647752693
P44,12807,1281981.981981982,pedestrian,-7.651639336998277,10.02052605605302,-0.9751811964295634,0.2950286783322912,-0.5403628494285433,0.0437006953569573
P44,12808,1282082.082082082,pedestrian,-7.778641500577057,10.027456151189003,-1.0404224707598635,0.2710069030471081,-0.5836104826295049,-0.0664311669910886
P44,12809,1282182.1821821823,pedestrian,-7.945367672101155,10.022238005287692,-1.1163955670152512,0.2369430733911031,-0.6516904542046005,-0.1727538364115731
P44,12810,1282282.2822822824,pedestrian,-8.11281091215745,10.015057591974733,-1.1904069460804962,0.2008399030241991,-0.6857315457342377,-0.2457084337129898
P44,12811,1282382.3823823824,pedestrian,-8.230673996654433,10.017580584488504,-1.2502571728152465,0.17079137218793,-0.6516343327271497,-0.2668576992118479
P44,12812,1282482.4824824824,pedestrian,-8.370140155340104,10.03576151297698,-1.3040003074380322,0.1509780316887199,-0.6070888775344485,-0.2401000756195785
P44,12813,1282582.5825825827,pedestrian,-8.513412230665748,10.076005500351927,-1.3541800864348197,0.1393455373341518,-0.5660171059404038,-0.1920019298139793
P44,12814,1282682.6826826828,pedestrian,-8.673478415948935,10.109787587895148,-1.4038943915608784,0.1242275765174927,-0.5390852571793681,-0.1760948649928906
P44,12815,1282782.7827827828,pedestrian,-8.85366945867683,10.1153498246235,-1.451623834244576,0.0937228202556854,-0.514911020986717,-0.2260394986199346
P44,12816,1282882.8828828828,pedestrian,-9.002365575679743,10.05954511579274,-1.4888008345795345,0.0433573005345626,-0.4591953231405948,-0.3336221825961145
P44,12817,1282982.982982983,pedestrian,-9.145276697180924,10.006960492163914,-1.519054573747867,-0.0100006499843164,-0.3982588574781641,-0.4110440848243679
P44,12818,1283083.0830830832,pedestrian,-9.294787325219083,9.971481651807323,-1.5497569476442672,-0.0503586328351119,-0.3627196248995413,-0.4079895696932743
P44,12819,1283183.1831831832,pedestrian,-9.473688984435226,9.964782706076312,-1.5879330463588754,-0.0671865303724972,-0.3699638065699741,-0.3148618488546093
P44,12820,1283283.2832832832,pedestrian,-9.66940766825516,9.98320040449318,-1.6314664115278334,-0.0594275708958677,-0.3951732090226364,-0.1625312903513144
P44,12821,1283383.3833833835,pedestrian,-9.855742358561598,10.009484376405494,-1.6728352242872264,-0.0342252071740419,-0.4022006154484037,-0.0016872583191797
P44,12822,1283483.4834834835,pedestrian,-10.038493337563107,10.033051908422063,-1.7086325970458445,-0.000569187492241,-0.384891519041805,0.1294992486879511
P44,12823,1283583.5835835836,pedestrian,-10.241480672184831,10.05736004945076,-1.737539802212687,0.0348014317520851,-0.3475794827342636,0.2164053673062694
P44,12824,1283683.6836836836,pedestrian,-10.433404836047574,10.078733072993154,-1.7503000964223223,0.066017221424513,-0.2621288677751007,0.2534580020535145
P44,12825,1283783.783783784,pedestrian,-10.565788236976877,10.090715102556226,-1.7398300778882418,0.0890300792877156,-0.1197561665223033,0.2443115217836374
P44,12826,1283883.883883884,pedestrian,-10.720555171095688,10.099124645171134,-1.7202833198583374,0.1037873270070637,0.0025466659134259,0.2066974138660868
P44,12827,1283983.983983984,pedestrian,-10.872588726979624,10.106313308174684,-1.697222797863835,0.1119435471514421,0.0909958791549038,0.1580847425152944
P44,12828,1284084.084084084,pedestrian,-11.043782719601769,10.120761619005696,-1.6764363465766872,0.1157985108324601,0.1362868687197677,0.1116628886796858
P44,12829,1284184.1841841843,pedestrian,-11.214384205012855,10.11820304179728,-1.6554522752394667,0.1147125242332912,0.1647610725135829,0.0641003276998765
P44,12830,1284284.2842842843,pedestrian,-11.362571777922843,10.135627670216136,-1.6302249636214805,0.1143720290149747,0.1986377680333623,0.0378942025905511
P44,12831,1284384.3843843844,pedestrian,-11.499567818093954,10.15209651330965,-1.603709477526627,0.1129867702376166,0.2243586325154597,0.0178100220988407
P44,12832,1284484.4844844844,pedestrian,-11.653922181796563,10.165555885068269,-1.582738600971887,0.1084463374471734,0.218589727560667,-0.0067139380887613
P44,12833,1284584.5845845847,pedestrian,-11.81100490472056,10.174392198863504,-1.567524055516024,0.0989480456388138,0.1927351261041242,-0.0409455620421622
P44,12834,1284684.6846846847,pedestrian,-11.966111450562222,10.168294782262643,-1.5568158297354964,0.0834255215345727,0.1594407028609282,-0.0852518826637835
P44,12835,1284784.7847847848,pedestrian,-12.116492661445015,10.154333971592388,-1.5498562069429471,0.065639861048505,0.1245335332392023,-0.1211345897093079
P44,12836,1284884.8848848848,pedestrian,-12.265223744968765,10.147733651344094,-1.5478283890147992,0.0522576679141948,0.0840508019901011,-0.1260082188969679
P44,12837,1284984.984984985,pedestrian,-12.435750233567658,10.149417971228354,-1.553267154234063,0.0476472319869147,0.0303262178307509,-0.0949693957415792
P44,12838,1285085.0850850851,pedestrian,-12.605811927792857,10.17302886698306,-1.561027788638665,0.0537811967225312,-0.0115461073638685,-0.0343096456404186
P44,12839,1285185.1851851852,pedestrian,-12.7661076466933,10.20460022275902,-1.5658940323485913,0.0648443182041812,-0.0259368176622871,0.0219175200645115
P44,12840,1285285.2852852852,pedestrian,-12.918029564045405,10.227328708755492,-1.566025508383424,0.0715804150229539,-0.0163773325390414,0.0395337924743418
P44,12841,1285385.3853853857,pedestrian,-13.07040280306279,10.236281634400916,-1.5626208414891736,0.0669771499572592,0.0031854642191947,0.0063323654213614
P44,12842,1285485.4854854855,pedestrian,-13.227020691686292,10.22557521735679,-1.5565984490160634,0.0477523857370699,0.0253060171377858,-0.0706873390468117
P44,12843,1285585.5855855856,pedestrian,-13.375190227051956,10.19541467684414,-1.5467902970283658,0.0164645217706554,0.053521434784291,-0.1645913408850675
P44,12844,1285685.6856856856,pedestrian,-13.511071083178978,10.169971785118024,-1.534553512396755,-0.0180648071589994,0.0802020401554101,-0.2346108636505123
P44,12845,1285785.785785786,pedestrian,-13.652246820170117,10.14641459539219,-1.5258294461611246,-0.0494018559810073,0.0829007618497042,-0.265065904357447
P44,12846,1285885.885885886,pedestrian,-13.802984451957244,10.126301706180358,-1.5252030139653752,-0.0722671267152939,0.0531459098932077,-0.2508405084105432
P44,12847,1285985.985985986,pedestrian,-13.976837766998624,10.120476329307593,-1.5345382226612334,-0.0825488462612026,-0.003692488169417,-0.1933337813371629
P44,12848,1286086.086086086,pedestrian,-14.157822154946569,10.1256508004983,-1.5474841429382515,-0.081022578489987,-0.0524684019751405,-0.1123566983573789
P44,12849,1286186.1861861865,pedestrian,-14.320312833007511,10.139023362599444,-1.5544727185121567,-0.07222466286003,-0.0592031766375919,-0.0346148447626178
P44,12850,1286286.2862862863,pedestrian,-14.474556253510812,10.14532787472942,-1.5520238609578263,-0.0637801896332696,-0.0267211932876102,0.0115746456047587
P44,12851,1286386.3863863864,pedestrian,-14.612047832360004,10.141635049674523,-1.5389303114980044,-0.0610442504502608,0.0344347313342388,0.0176921060631194
P44,12852,1286486.4864864864,pedestrian,-14.74412872118912,10.12150143299928,-1.5194829725587833,-0.0660877379426346,0.0964907365298498,-0.0087371225508631
P44,12853,1286586.586586587,pedestrian,-14.885163784640014,10.097644098183274,-1.4996038855502838,-0.075028380382702,0.1361293475014023,-0.0400205027973768
P44,12854,1286686.6866866867,pedestrian,-15.021928869348844,10.082510145645342,-1.4814085312157963,-0.0823173079395417,0.1538489488193269,-0.052752786557391
P44,12855,1286786.7867867867,pedestrian,-15.162237088570064,10.075707842020554,-1.4682249314520273,-0.0853294763528651,0.1452517200174017,-0.0439550624242373
P44,12856,1286886.8868868868,pedestrian,-15.31291785964335,10.068128969168916,-1.4621241672044858,-0.0844107625480865,0.1125221164032879,-0.0233273332494277
P44,12857,1286986.986986987,pedestrian,-15.463453164535188,10.064271450966467,-1.461391784441767,-0.0793978441401155,0.0716783405982361,0.0051710898465757
P44,12858,1287087.087087087,pedestrian,-15.618257176556869,10.062527681470876,-1.464446999266772,-0.0711037480385258,0.0320014526589058,0.0353313396838376
P44,12859,1287187.1871871871,pedestrian,-15.772742235811348,10.064253499659516,-1.4681986758442018,-0.0606888008172942,0.0050270913919701,0.0620080392359176
P44,12860,1287287.2872872872,pedestrian,-15.91485789605441,10.059868861184658,-1.469528616226186,-0.0502440795562966,-0.002082605945882,0.0784435698251396
P44,12861,1287387.3873873877,pedestrian,-16.06249709204987,10.064201526637628,-1.4699875008966967,-0.0391063423914306,-0.0030538175317338,0.0911861575304171
P44,12862,1287487.4874874875,pedestrian,-16.20538564768247,10.064665205329682,-1.4692116990674264,-0.029471035452766,0.0011406291405783,0.0931546909686109
P44,12863,1287587.5875875875,pedestrian,-16.357083123244077,10.065520151153562,-1.4686694209786368,-0.0219491769053957,0.0028009755304765,0.0861621887200651
P44,12864,1287687.6876876876,pedestrian,-16.492225523208003,10.059668160076924,-1.466427443270669,-0.0171985492003062,0.0104088417258411,0.0711364340444195
P44,12865,1287787.7877877878,pedestrian,-16.633520566530276,10.06015195608204,-1.466862259768395,-0.0131890681474444,0.0046814450314339,0.0590696373827425
P44,12866,1287887.887887888,pedestrian,-16.795142670958498,10.06020112157034,-1.4728047903188306,-0.0100750842692414,-0.0201835267878218,0.0482144151882465
P44,12867,1287987.987987988,pedestrian,-16.95311165365866,10.05359730523159,-1.47973328974122,-0.0078710936910877,-0.0392191981491089,0.0380441784441717
P44,12868,1288088.088088088,pedestrian,-17.09662951156245,10.051221884993588,-1.4841898529639792,-0.0038535496905542,-0.0412775324984615,0.0388559968501282
P44,12869,1288188.1881881882,pedestrian,-17.242342090104202,10.066286752114816,-1.4882394991284245,0.0036878239662582,-0.0409585769749045,0.0530194611972712
P44,12870,1288288.2882882883,pedestrian,-17.402336562596716,10.082077945895197,-1.4936601553693405,0.0100173398327157,-0.0460807727677558,0.0569842028113537
P44,12871,1288388.3883883883,pedestrian,-17.55905995372037,10.087330778458185,-1.4969378272771328,0.0093882870239018,-0.0409030403474987,0.0324216159862732
P44,12872,1288488.4884884884,pedestrian,-17.70625358927758,10.07381456220354,-1.4952461683026592,-0.0010736574752136,-0.0184624023169819,-0.0207409594607144
P44,12873,1288588.5885885886,pedestrian,-17.85193736820344,10.052901459019504,-1.488808576536547,-0.0180633240494011,0.013672769277318,-0.0785814382665995
P44,12874,1288688.688688689,pedestrian,-18.015090889326807,10.0297175405137,-1.4778878331122445,-0.0358687751067935,0.0507196139945289,-0.1171305550397217
P44,12875,1288788.7887887887,pedestrian,-18.12526649344708,10.020210972050286,-1.4546124415933024,-0.0478376913747146,0.1213000845068035,-0.1180774117425937
P44,12876,1288888.8888888888,pedestrian,-18.249483515438783,10.022000058595552,-1.42972410194746,-0.0521657975825963,0.1707348886342282,-0.0890225635928735
P44,12877,1288988.988988989,pedestrian,-18.382539175182483,10.030116885741396,-1.4087750034822195,-0.0512658390269747,0.1856997641296551,-0.0509711040970899
P44,12878,1289089.089089089,pedestrian,-18.51606875423041,10.027592814209129,-1.393705110803171,-0.0502419439851596,0.1720529497542841,-0.027211615564332
P44,12879,1289189.189189189,pedestrian,-18.651335796038182,10.019959381423844,-1.3861485319445932,-0.0505124494791913,0.1345645850810457,-0.0176964297509261
P44,12880,1289289.2892892892,pedestrian,-18.80314939632061,10.01637459860578,-1.3874598973175436,-0.0515327135960924,0.0772368331021902,-0.0147831694450035
P44,12881,1289389.3893893894,pedestrian,-18.957445767290334,10.012855202601376,-1.3930981223440095,-0.0543161589489185,0.0253840385096548,-0.0198392386386556
P44,12882,1289489.4894894897,pedestrian,-19.110516938182613,9.99810587311861,-1.397371635295214,-0.0602853336786055,-0.001045146149242,-0.0352879286119062
P44,12883,1289589.5895895895,pedestrian,-19.24518076955723,9.983267660798754,-1.3944133832665413,-0.0669032688165069,0.0108338900408072,-0.0472551545046011
P44,12884,1289689.6896896895,pedestrian,-19.364199953128853,9.97191141350238,-1.3845720851841703,-0.0714678881644445,0.044796347964798,-0.0466127894765984
P44,12885,1289789.7897897898,pedestrian,-19.49740111766247,9.966830368976296,-1.374031487047534,-0.07234861786971,0.0682857896290598,-0.0319322154862465
P44,12886,1289889.88988989,pedestrian,-19.648857489054528,9.964582182380653,-1.3636666714992995,-0.0700658390579967,0.0819742148487939,-0.0106817053483397
P44,12887,1289989.98998999,pedestrian,-19.782712938791164,9.956672779012685,-1.3462987521161605,-0.0660970388371072,0.1175092380780062,0.0088578228583183
P44,12888,1290090.09009009,pedestrian,-19.883921320405637,9.952085267453338,-1.3193988589130037,-0.0594720772799753,0.176217362214002,0.0311132099258633
P44,12889,1290190.1901901902,pedestrian,-19.98551464498878,9.952293166702184,-1.291716498293705,-0.0498477779871944,0.2151680631408795,0.0563610580415537
P44,12890,1290290.2902902905,pedestrian,-20.104212519234167,9.95958520044939,-1.272086924730908,-0.038100205218279,0.2077650876379667,0.0800418831567126
P44,12891,1290390.3903903903,pedestrian,-20.24588323969975,9.969577902227044,-1.2633100417419665,-0.0274683372713281,0.1611450933434424,0.0902019981421446
P44,12892,1290490.4904904906,pedestrian,-20.393860677895848,9.97584691702484,-1.2593220807403935,-0.0224295028450544,0.1140509419463949,0.074725656500568
P44,12893,1290590.5905905906,pedestrian,-20.52041789954756,9.96052130466259,-1.250498618501811,-0.0268104012025058,0.1039940659186509,0.0287241854736873
P44,12894,1290690.690690691,pedestrian,-20.62496072679151,9.941418289092796,-1.233879191718965,-0.0369420632087928,0.1280774112622228,-0.0217219763058988
P44,12895,1290790.790790791,pedestrian,-20.73478383702293,9.92895681391754,-1.214135415863946,-0.0478015371161014,0.1549283966890625,-0.0554062649968466
P44,12896,1290890.890890891,pedestrian,-20.85045500896937,9.925066453564904,-1.1936201622364762,-0.0569406832228212,0.1743471733348945,-0.0693412488058754
P44,12897,1290990.9909909912,pedestrian,-20.96433686628063,9.923330131328736,-1.1716493914680934,-0.0655536699603956,0.1918721110008556,-0.0758256243735608
P44,12898,1291091.0910910913,pedestrian,-21.064347809902785,9.906977651276051,-1.146994718993121,-0.0764581504044416,0.2130026164179813,-0.0886799095021362
P44,12899,1291191.191191191,pedestrian,-21.154832158243632,9.887714150593675,-1.1226634190080644,-0.0875928035679581,0.2246754982488654,-0.0974365014470395
P44,12900,1291291.2912912914,pedestrian,-21.268075332960315,9.87775048384833,-1.1051185984106169,-0.0958093167570853,0.2054959658418302,-0.0914758277426825
P44,12901,1291391.3913913914,pedestrian,-21.35719975270239,9.868698190182824,-1.0921770848187795,-0.1014527389008498,0.1759090066842638,-0.077849781916976
P44,12902,1291491.4914914917,pedestrian,-21.481482429372445,9.854040438852758,-1.0910358980081871,-0.1054127833642672,0.1120421635933228,-0.062984940111972
P44,12903,1291591.5915915917,pedestrian,-21.610868570471208,9.84129599796668,-1.096461789039682,-0.1064216192326888,0.0475004773464468,-0.0424450838641067
P44,12904,1291691.6916916918,pedestrian,-21.74107708704385,9.833623902254155,-1.1009554547881082,-0.1035326394490389,0.0116312291672919,-0.0147620936247603
P44,12905,1291791.791791792,pedestrian,-21.838830975263637,9.823198479061466,-1.095721829926818,-0.0972628580226025,0.027413743400881,0.0152856787135941
P44,12906,1291891.891891892,pedestrian,-21.92378077780289,9.81517181359262,-1.0832886236186248,-0.0864675156693128,0.0649918899626639,0.0512199912922474
P44,12907,1291991.991991992,pedestrian,-22.027665584953475,9.820524894547312,-1.0711617746625546,-0.0698700084578274,0.0867929678451918,0.0957067028767628
P44,12908,1292092.092092092,pedestrian,-22.138717513020964,9.836178626782598,-1.059787953572057,-0.050274832917714,0.0972097121750565,0.1345485758545537
P44,12909,1292192.1921921922,pedestrian,-22.245172636664957,9.842592702618033,-1.0460868738614038,-0.0340926661170169,0.1126084205839025,0.1450739330674454
P44,12910,1292292.2922922925,pedestrian,-22.327371805183823,9.84070876032957,-1.0274652621724718,-0.0244152576718824,0.1411127028353689,0.1262850038612779
P44,12911,1292392.3923923925,pedestrian,-22.407273119112403,9.82749694000698,-1.009784038425609,-0.0213049983184554,0.1549036220991874,0.0893204419991089
P44,12912,1292492.4924924923,pedestrian,-22.493849538437264,9.815113538059812,-1.0002123674399133,-0.0203884864562226,0.1318884392954578,0.0581983343985799
P44,12913,1292592.5925925928,pedestrian,-22.598364083687187,9.814048944036948,-1.0045069090879784,-0.0170317809015544,0.0640296950820671,0.0486227479676131
P44,12914,1292692.6926926929,pedestrian,-22.730471873920933,9.829361662641412,-1.0231103635242165,-0.0103348754535456,-0.0329800473349072,0.0557193005423449
P44,12915,1292792.792792793,pedestrian,-22.8587592963585,9.831297000428764,-1.046945295444177,-0.0057110731262722,-0.1126176370392676,0.0520204513177556
P44,12916,1292892.892892893,pedestrian,-22.97484479537752,9.825088568676977,-1.0685456564054592,-0.0040127042666925,-0.1526711187679408,0.0384116017128151
P44,12917,1292992.992992993,pedestrian,-23.078818329629662,9.820091652539649,-1.0853886675031297,-0.0029525882020611,-0.1587238131749902,0.0276106911599859
P44,12918,1293093.0930930933,pedestrian,-23.197048836596306,9.82088994962782,-1.100317822151062,-0.0003394919512581,-0.1550039829585252,0.027026074132768
P44,12919,1293193.1931931933,pedestrian,-23.321271524021657,9.8227731454709,-1.1114598197975123,0.0041588381808341,-0.1380401902644154,0.0339801106653523
P44,12920,1293293.293293293,pedestrian,-23.4332420841572,9.831944777905518,-1.1143168664518035,0.010749111513553,-0.0955298748148236,0.0463477847318042
P44,12921,1293393.3933933936,pedestrian,-23.52618762338859,9.838291473757954,-1.1081711401755432,0.0170555559555457,-0.0346069150391968,0.0528131784845491
P44,12922,1293493.4934934936,pedestrian,-23.612346284573,9.839989697575328,-1.0991257360450608,0.0217145883711568,0.0139101464746463,0.0503792038564347
P44,12923,1293593.5935935937,pedestrian,-23.712470890844557,9.843108626456967,-1.0964568402233137,0.0251892350530804,0.0188608789608948,0.044296646397473
P44,12924,1293693.6936936935,pedestrian,-23.83824843438671,9.847974029312931,-1.105376226713927,0.0275318518437552,-0.0230543821152001,0.0361850453483574
P44,12925,1293793.7937937938,pedestrian,-23.975949216333717,9.852803227564864,-1.1223081422074233,0.0280804877701949,-0.0797727435024313,0.0242648226101056
P44,12926,1293893.893893894,pedestrian,-24.10977115200698,9.860239127948653,-1.1392775221467346,0.0259274760858564,-0.114616744889147,0.0064942985619183
P44,12927,1293993.993993994,pedestrian,-24.23385430253752,9.85526247261227,-1.1493606335265,0.0185822253232814,-0.1092256299571465,-0.0245147823204219
P44,12928,1294094.094094094,pedestrian,-24.33868223684784,9.848449661492246,-1.1486277605174355,0.0075284950352039,-0.0639787966364346,-0.0578682289312262
P44,12929,1294194.1941941944,pedestrian,-24.427021942381625,9.839694185163756,-1.139832423289264,-0.0055229256622508,-0.0050286043077278,-0.0860207701695637
P44,12930,1294294.2942942944,pedestrian,-24.532157164542426,9.828695064355138,-1.1321600532058431,-0.0185788952424393,0.0266801520462954,-0.1032613460028301
P44,12931,1294394.3943943945,pedestrian,-24.657858847089283,9.826435788930368,-1.1290345288240011,-0.0290563749466522,0.0284441970992523,-0.1038082337134445
P44,12932,1294494.4944944945,pedestrian,-24.77440522631305,9.817590933982762,-1.1258213586397336,-0.0379373675685894,0.0298633156548041,-0.0979509906804141
P44,12933,1294594.5945945946,pedestrian,-24.874489766420723,9.809575851786164,-1.1205281909889575,-0.0439885184862075,0.0387985521509833,-0.0833924393881004
P44,12934,1294694.6946946948,pedestrian,-24.970469913982708,9.807619173500928,-1.117280706422546,-0.046145831559576,0.0363309039058272,-0.0593840709302967
P44,12935,1294794.7947947949,pedestrian,-25.076666909958885,9.811443907048853,-1.12269549027413,-0.0454569390590861,0.0012255347433652,-0.0336577056612463
P44,12936,1294894.894894895,pedestrian,-25.20535873737874,9.817829408406787,-1.1411628233613007,-0.0452722062165346,-0.0708739345315577,-0.0198743706809706
P44,12937,1294994.9949949952,pedestrian,-25.369629108750143,9.817924511553215,-1.170220232566605,-0.0505425300295681,-0.1560549017184128,-0.0325989988606054
P44,12938,1295095.0950950952,pedestrian,-25.519839197170285,9.797634931314608,-1.1942425686703233,-0.0649961231209876,-0.1886382018706878,-0.075999949161066
P44,12939,1295195.1951951953,pedestrian,-25.640531800381414,9.76305192313528,-1.2015605136527316,-0.0857369809466702,-0.1437854588317939,-0.1269359506113917
P44,12940,1295295.2952952953,pedestrian,-25.728482623478477,9.737478758816897,-1.190199313940638,-0.1047382149907839,-0.0439006391847088,-0.1513502098870786
P44,12941,1295395.395395395,pedestrian,-25.81767118324618,9.714163553551302,-1.1698504082986834,-0.1171227243348823,0.052063993808482,-0.1406238704559525
P44,12942,1295495.4954954956,pedestrian,-25.926079759077187,9.708032285629844,-1.1497876063372297,-0.1183548862629799,0.1096628348483572,-0.0908085467861982
P44,12943,1295595.5955955957,pedestrian,-26.02732978801691,9.697705007902828,-1.1316632061649037,-0.1096072019208651,0.1373822917305146,-0.0216271082466156
P44,12944,1295695.6956956957,pedestrian,-26.129454289980924,9.704285790384672,-1.1193030417504215,-0.0893916763279897,0.1319842713756466,0.0651730129783652
P44,12945,1295795.795795796,pedestrian,-26.239714892479256,9.71929306550454,-1.1164766614066866,-0.0610772274861583,0.0917060976694697,0.1496857415744139
P44,12946,1295895.895895896,pedestrian,-26.360212142774856,9.73647908906118,-1.1246789145524962,-0.0300617811901049,0.0242916043397859,0.2118637987975312
P44,12947,1295995.995995996,pedestrian,-26.494795284247186,9.755696503592366,-1.1425665778715288,-0.0017234688984062,-0.0545145709401691,0.2395195933061724
P44,12948,1296096.096096096,pedestrian,-26.639179932805497,9.768198318699808,-1.1643110568811934,0.018139285254874,-0.1176842432833224,0.2235670366689457
P44,12949,1296196.196196196,pedestrian,-26.769723522942545,9.773085730808,-1.1804336239993023,0.025996536368883,-0.1345256570660101,0.1672455824704105
P44,12950,1296296.2962962964,pedestrian,-26.889908706193378,9.757604094823566,-1.1861394940976109,0.0204549116823256,-0.1044286555755292,0.0808235161570376
P44,12951,1296396.3963963964,pedestrian,-26.991788856179063,9.74492624122025,-1.1798876110661896,0.0070946477085458,-0.0396392207619846,-0.0023708760928381
P44,12952,1296496.4964964965,pedestrian,-27.09402587536331,9.734590241304776,-1.166466480712495,-0.0100339575149961,0.0278023345511235,-0.0678819970753508
P44,12953,1296596.5965965968,pedestrian,-27.20673153528152,9.7189588463583,-1.1501886165601911,-0.028534145063071,0.0801407354247965,-0.1132794028085306
P44,12954,1296696.6966966968,pedestrian,-27.30755476638345,9.698315309757955,-1.1305845162945134,-0.044656447329171,0.1250603681216527,-0.1318298722677568
P44,12955,1296796.7967967968,pedestrian,-27.39993112035979,9.68318896962241,-1.1106457472602778,-0.052704144838194,0.1538389158047838,-0.1118619907945558
P44,12956,1296896.896896897,pedestrian,-27.49007851407801,9.683534820604857,-1.0963196732676417,-0.0482144178709907,0.1496765527643506,-0.0510210702634843
P44,12957,1296996.996996997,pedestrian,-27.600937301440204,9.69488060751637,-1.0951655230768624,-0.0313636746489326,0.0960441627532389,0.0341406453214221
P44,12958,1297097.0970970972,pedestrian,-27.75712080270059,9.720535982111128,-1.108254310691715,-0.0052667596091028,0.0079935812722898,0.1221005308547135
P44,12959,1297197.1971971972,pedestrian,-27.863369037805796,9.736774706198933,-1.1195201650644917,0.0224696375751176,-0.0388032275837825,0.1822704821136366
P44,12960,1297297.2972972973,pedestrian,-27.982109336086157,9.751326552466498,-1.1313409383090394,0.0484618868433198,-0.06958439661283,0.2123162659479557
P44,12961,1297397.3973973976,pedestrian,-28.09368850442314,9.76583359857245,-1.1423246541685226,0.0708193681739413,-0.0851690083181203,0.2166003524475859
P44,12962,1297497.4974974976,pedestrian,-28.2099475512093,9.777988101903905,-1.1544522854725512,0.0883076595964145,-0.0991397959983627,0.2003365759234103
P44,12963,1297597.5975975976,pedestrian,-28.34326243923292,9.789246476625197,-1.1688739884160355,0.1009855587171596,-0.1165840558905292,0.171730234901195
P44,12964,1297697.6976976977,pedestrian,-28.47329072075547,9.79599740783638,-1.180684899993352,0.1095080030734163,-0.1171302737230974,0.1381131687788684
P44,12965,1297797.7977977977,pedestrian,-28.5895130899625,9.80134368596599,-1.185811266946024,0.1165101001257247,-0.0915391046777458,0.1116506794538896
P44,12966,1297897.897897898,pedestrian,-28.70300269590521,9.817042375867874,-1.1850072976305093,0.1257429120348035,-0.0528829377532995,0.1041132740548679
P44,12967,1297997.997997998,pedestrian,-28.810754155302423,9.852275141033376,-1.1798583203355375,0.1377091313077771,-0.0123825076533776,0.1101033450881383
P44,12968,1298098.098098098,pedestrian,-28.92562301814565,9.878765141413348,-1.173984745547421,0.1454075229461577,0.0152047951829546,0.0972155646641081
P44,12969,1298198.1981981983,pedestrian,-29.0405323869541,9.897361326819324,-1.1682169881771518,0.1441483621497679,0.0316715295226295,0.0545902223386631
P44,12970,1298298.2982982984,pedestrian,-29.151034722870875,9.905088172371258,-1.1630780419950113,0.1309982191647447,0.0393066342153659,-0.017604734929298
P44,12971,1298398.3983983984,pedestrian,-29.26430131873908,9.899220181887191,-1.160713279826513,0.1055479414583848,0.0332181847550636,-0.1094764081985443
P44,12972,1298498.4984984985,pedestrian,-29.37793280935036,9.883046697603667,-1.162529093493067,0.0708254723888437,0.013279502255019,-0.2016421714210805
P44,12973,1298598.5985985985,pedestrian,-29.502829787453663,9.858887367974685,-1.1703762353670708,0.0322410805329183,-0.0223103192889907,-0.2730046715263146
P44,12974,1298698.6986986988,pedestrian,-29.63783550754889,9.836905618127547,-1.1825392981702296,-0.0028139857750988,-0.0608220342896907,-0.3029741113963236
P44,12975,1298798.7987987988,pedestrian,-29.76920140758561,9.821508928718682,-1.1936803903147093,-0.0281667473114038,-0.0804188093235299,-0.2836791653076901
P44,12976,1298898.8988988989,pedestrian,-29.88375136059509,9.824298275364525,-1.1995572270697403,-0.039978496249268,-0.0719906837706272,-0.2193576127751448
P44,12977,1298998.9989989991,pedestrian,-29.993014793575927,9.84552508069416,-1.202223085983028,-0.0409698067740503,-0.0543811408789038,-0.138041519593722
P44,12978,1299099.0990990992,pedestrian,-30.11129491162691,9.851551621773734,-1.2063106652201916,-0.0412405937200681,-0.0491221158648742,-0.0855001415460753
P44,12979,1299199.1991991992,pedestrian,-30.25817847918342,9.835063219153891,-1.2137878739895254,-0.0460677061523946,-0.0590511272410647,-0.0710280504647234
P44,12980,1299299.2992992993,pedestrian,-30.36590993110861,9.84132902522692,-1.2155145757510568,-0.0524200456442466,-0.0428226579255072,-0.0680898706825475
P44,12981,1299399.3993993993,pedestrian,-30.5022327417456,9.881891102118356,-1.2166091865907978,-0.0662903241699807,-0.0304430358642101,-0.095449940503266
P44,12982,1299499.4994994996,pedestrian,-30.62195872067681,9.82411136593104,-1.211272744477643,-0.1101490165022009,0.0020726569321271,-0.2284950899425163
P44,12983,1299599.5995995996,pedestrian,-30.72723795393807,9.754410018757532,-1.198778208488345,-0.1735914000158096,0.0497267864785252,-0.3858417370170976
P44,12984,1299699.6996996996,pedestrian,-30.83488502151843,9.690246856664436,-1.183196601084852,-0.2434636903219149,0.0908531375580417,-0.5070397358914251
P44,12985,1299799.7997998,pedestrian,-30.97535003588825,9.628588586791036,-1.1673352139024449,-0.3105253861127861,0.1170981807738157,-0.5702846587575587
P44,12986,1299899.8998999,pedestrian,-31.0625020247194,9.585711037406591,-1.1398986756618366,-0.3682744110014624,0.1780472123710239,-0.5728578734257234
P44,12987,1300000.0,pedestrian,-31.14559161844333,9.536539609388132,-1.1075348436462678,-0.4192146545535291,0.2344441270197114,-0.5480249245590403
P44,12988,1300100.1001001,pedestrian,-31.246349022683667,9.484020407438583,-1.0779976193376632,-0.4656723457666004,0.2579834623638216,-0.5154476988633697
P44,12989,1300200.2002002,pedestrian,-31.3379070657742,9.423786275870986,-1.0517707209548215,-0.5106505349528482,0.2595454020575756,-0.4897797689580893
P44,12990,1300300.3003003004,pedestrian,-31.430987245136503,9.353526970110089,-1.032110503539115,-0.5561405431131682,0.2350327453645103,-0.476061888973339
P44,12991,1300400.4004004004,pedestrian,-31.538237195952743,9.269370874358636,-1.02177085810184,-0.6020892957812323,0.1838876959179113,-0.46944886970658
P44,12992,1300500.5005005004,pedestrian,-31.65152727306223,9.179504521516964,-1.0183303850660863,-0.6444507131605451,0.1258408503174032,-0.4514900935580065
P44,12993,1300600.6006006007,pedestrian,-31.764091587521527,9.09052041438946,-1.016865933643367,-0.677477645515743,0.0826656218628474,-0.4043005636804691
P44,12994,1300700.7007007007,pedestrian,-31.866663673797596,9.011214968659573,-1.0121795911849545,-0.695393294366461,0.0687480088957264,-0.316823752036128
P44,12995,1300800.8008008008,pedestrian,-31.940506463131094,8.959241014106148,-1.0021476433828338,-0.6949562372274312,0.0809659937419308,-0.1921287847185672
P44,12996,1300900.9009009008,pedestrian,-32.033065027151764,8.90350404805807,-0.9956667888357162,-0.6821544886845937,0.0746680576902709,-0.0678887043488661
P44,12997,1301001.0010010009,pedestrian,-32.14027701053052,8.851758528572745,-0.9955498867764714,-0.660659359401157,0.0461332118200873,0.0418342821491991
P44,12998,1301101.1011011011,pedestrian,-32.244248013739785,8.801900400241871,-0.9994050414978378,-0.6343274591744008,0.0132711749404546,0.1277186478864005
P44,12999,1301201.2012012012,pedestrian,-32.35481357009428,8.762599627918055,-1.006219123388839,-0.6064312112965434,-0.0183087951211626,0.1863274529426541
P44,13000,1301301.3013013012,pedestrian,-32.46537987432579,8.70519747997515,-1.0126808576197324,-0.5834107250381602,-0.0362619884556959,0.2032725246206154
P44,13001,1301401.4014014015,pedestrian,-32.56736647319087,8.64589406553575,-1.015273890182402,-0.5642941934404037,-0.0322408796743535,0.1984979501818803
P44,13002,1301501.5015015015,pedestrian,-32.64386265710471,8.605060087717217,-1.0134016807251138,-0.5463031524322663,-0.0124628891091862,0.1912118984008399
P44,13003,1301601.6016016016,pedestrian,-32.74502720480117,8.557519969236413,-1.0166940571116652,-0.5330841461749634,-0.0203935938486327,0.1682466429202845
P44,13004,1301701.7017017016,pedestrian,-32.872672246167575,8.51343662426897,-1.0267787555187131,-0.5259818843041796,-0.0515887095857675,0.1304739710887745
P44,13005,1301801.8018018017,pedestrian,-32.98169254201368,8.45558115510409,-1.0353363917321632,-0.5282121719789451,-0.0647504484400143,0.0711703632951852
P44,13006,1301901.901901902,pedestrian,-33.087847101252365,8.396285364750387,-1.0405473425807623,-0.5387234991645452,-0.0598226498777667,0.0027729092885388
P44,13007,1302002.002002002,pedestrian,-33.195675972381224,8.324218238032014,-1.0415904331024537,-0.5568907659278473,-0.04064333678634,-0.0687635174100875
P44,13008,1302102.102102102,pedestrian,-33.298485200861386,8.251993959226162,-1.03660852592675,-0.5782551295730116,-0.0055426283456009,-0.1249271092728999
P44,13009,1302202.2022022023,pedestrian,-33.38469904929691,8.183010565530934,-1.024828878999816,-0.5989329966075436,0.0422953441146422,-0.1566239085743116
P44,13010,1302302.3023023023,pedestrian,-33.473607560226334,8.113766360256797,-1.011184619296006,-0.6168548663479639,0.0787929830256604,-0.1653262629295135
P44,13011,1302402.4024024024,pedestrian,-33.5630833238498,8.04135039023576,-0.9995248996122766,-0.6303021568379057,0.0934243750735297,-0.153295915992026
P44,13012,1302502.5025025024,pedestrian,-33.65823888017569,7.9761350578995165,-0.9935877903390166,-0.6363206187261031,0.0801808842133227,-0.1171241280333857
P44,13013,1302602.6026026024,pedestrian,-33.76805387232676,7.912047720234127,-0.9954094624722012,-0.6341761266932346,0.0419872403428778,-0.0633360542486129
P44,13014,1302702.7027027027,pedestrian,-33.878023935396286,7.855643606551718,-1.0018399565054252,-0.6227354230901206,0.0007465932578124,0.0056243931590737
P44,13015,1302802.8028028028,pedestrian,-33.98856073146397,7.801021401504764,-1.0097374206735814,-0.6025311537809296,-0.030172770678207,0.0818010592290948
P44,13016,1302902.902902903,pedestrian,-34.10335705939961,7.76043398079205,-1.0157676429199058,-0.5731910413105687,-0.0418464596857351,0.1638362454821791
P44,13017,1303003.003003003,pedestrian,-34.181139365139046,7.732440369424179,-1.0145281748180903,-0.5378937135200713,-0.0207933362835653,0.2371275233565306
P44,13018,1303103.103103103,pedestrian,-34.26923803970924,7.69825764483369,-1.0146445006414144,-0.5033736588671626,-0.0131719366363651,0.2789504919834701
P44,13019,1303203.2032032034,pedestrian,-34.3756832751467,7.661226219040074,-1.0222210346782954,-0.47322979455479,-0.0374430410304352,0.2875639973721723
P44,13020,1303303.3033033034,pedestrian,-34.49544155316531,7.632190751118516,-1.0375877289906792,-0.4492140513336105,-0.082504768677745,0.2690662004652017
P44,13021,1303403.4034034037,pedestrian,-34.617967842777524,7.58193505926174,-1.0567344860332415,-0.4359561947706327,-0.1247328578187114,0.2160263936669749
P44,13022,1303503.5035035035,pedestrian,-34.74861335211428,7.52354557793726,-1.0749375377407924,-0.430263739837006,-0.1469067502325741,0.1542364861453107
P44,13023,1303603.6036036038,pedestrian,-34.837244232167144,7.484305795713459,-1.0841268079595303,-0.42534509677686,-0.1255130751832192,0.113434006408282
P44,13024,1303703.7037037038,pedestrian,-34.93722470236073,7.441143098431169,-1.092217100412293,-0.421252517963988,-0.1081627520612644,0.0852683895574932
P44,13025,1303803.803803804,pedestrian,-35.05746512706899,7.394540248430086,-1.1042515843313014,-0.4166236889616388,-0.1128454594349817,0.0701172488976365
P44,13026,1303903.903903904,pedestrian,-35.17295256598564,7.346189329384227,-1.1184358798338812,-0.4083876654955656,-0.1240480348280258,0.0748383455239487
P44,13027,1304004.0040040042,pedestrian,-35.31450297967737,7.322380851538174,-1.1352756146585514,-0.3917147264275794,-0.1412003082303904,0.1104483029802874
P44,13028,1304104.1041041042,pedestrian,-35.45247643110807,7.308185547201033,-1.1454101265849168,-0.3698949420451117,-0.1256880586482082,0.1521949926942105
P44,13029,1304204.2042042045,pedestrian,-35.54553451049674,7.290366093150669,-1.139218050817738,-0.3495479207559422,-0.0528770824493074,0.172022481501289
P44,13030,1304304.3043043043,pedestrian,-35.649733568866665,7.253203970194851,-1.1226885695424065,-0.3360925097896405,0.0317592072882376,0.1574239687506777
P44,13031,1304404.4044044046,pedestrian,-35.75228353980484,7.216463338792573,-1.0967819530886098,-0.3276004511413249,0.1199055801953853,0.1292431493584145
P44,13032,1304504.5045045046,pedestrian,-35.834678228888585,7.17596129011257,-1.0611966326277251,-0.3218495860975876,0.2113689275075986,0.1013714741761336
P44,13033,1304604.604604605,pedestrian,-35.90239099914247,7.143466163779786,-1.0213678081210904,-0.3146609319706477,0.2837816335949682,0.0898966861190382
P44,13034,1304704.704704705,pedestrian,-35.97989454781812,7.119510986686547,-0.9874516491942692,-0.3041574759567111,0.3051500168785241,0.0957328569223771
P44,13035,1304804.804804805,pedestrian,-36.07275946008452,7.100100931920045,-0.965948844203876,-0.2911463420726739,0.2700786563268756,0.109029036993037
P44,13036,1304904.904904905,pedestrian,-36.18495791150785,7.082562729016476,-0.9577720633792418,-0.2778224250475031,0.19693934772676,0.1183763640024181
P44,13037,1305005.005005005,pedestrian,-36.29962847236267,7.062914931428117,-0.9564273598143166,-0.2669651036658403,0.1256972542808085,0.1145283543919415
P44,13038,1305105.105105105,pedestrian,-36.39171354313097,7.041061426461626,-0.953780682126018,-0.2606473203522382,0.0871629187578918,0.0945681113314174
P44,13039,1305205.2052052054,pedestrian,-36.47144175203368,7.007863314597206,-0.9497768630082846,-0.2604200680577706,0.0688522310350375,0.0587354875294876
P44,13040,1305305.3053053054,pedestrian,-36.56654113178789,6.972313762872877,-0.9496192956212702,-0.2638338468750765,0.0427329688945356,0.0226927247807778
P44,13041,1305405.4054054054,pedestrian,-36.663798173920384,6.934840340953482,-0.9535435834250434,-0.267502992701452,0.0109228762255863,-0.0003476395206208
P44,13042,1305505.5055055055,pedestrian,-36.75833640595342,6.900531748818568,-0.961478939314198,-0.2669621862727133,-0.0240941659859441,0.0018847869094587
P44,13043,1305605.6056056058,pedestrian,-36.85345902412115,6.8819990245963085,-0.9752295243763438,-0.2580958079804369,-0.0680703859640345,0.0355404104684398
P44,13044,1305705.7057057058,pedestrian,-36.9581088175477,6.869900705748328,-0.9978492823377136,-0.2417590057609843,-0.1293719907289003,0.0851032581066487
P44,13045,1305805.8058058058,pedestrian,-37.08090997817855,6.852024419056118,-1.030748549803583,-0.2204291896235123,-0.2067426267242807,0.1347893143614383
P44,13046,1305905.905905906,pedestrian,-37.229984659047744,6.840167597038243,-1.070362118011521,-0.1932157131168717,-0.2801165430384786,0.1880050283005041
P44,13047,1306006.0060060062,pedestrian,-37.37255364333913,6.84068170781806,-1.103942416619062,-0.1597576106972272,-0.3016052172351542,0.244780055930762
P44,13048,1306106.1061061062,pedestrian,-37.48978096449757,6.845080983962845,-1.1204421145971508,-0.1226869866520358,-0.2485060033709899,0.293524221561057
P44,13049,1306206.2062062062,pedestrian,-37.5817201868144,6.847198177162311,-1.1171773191162384,-0.0846673794556849,-0.1393668093233,0.3270250671537424
P44,13050,1306306.3063063065,pedestrian,-37.65942589054613,6.854854630723661,-1.1000888904871533,-0.0459561626343187,-0.0189849559257846,0.3502022808166798
P44,13051,1306406.4064064063,pedestrian,-37.74378283914428,6.871369680119574,-1.080201760184499,-0.0072480502850263,0.0655157596106204,0.3643694083178135
P44,13052,1306506.5065065066,pedestrian,-37.86607688818029,6.900321015095751,-1.0662343521268496,0.0287276080090986,0.0942518787582143,0.3624389122378061
P44,13053,1306606.6066066066,pedestrian,-37.97992293971755,6.9138665948960165,-1.051913462057111,0.0549688725269371,0.1132027729794455,0.3235040279834081
P44,13054,1306706.706706707,pedestrian,-38.07942081243965,6.92108425860215,-1.0322437639751434,0.0700673890825223,0.1455412079208899,0.2564687399522506
P44,13055,1306806.806806807,pedestrian,-38.17964575952175,6.91705552104539,-1.005926550266402,0.0748213962846603,0.1911066700308647,0.1753383023546916
P44,13056,1306906.906906907,pedestrian,-38.26607243682208,6.918002979322568,-0.9694446831543848,0.0741331598360445,0.2584049184788259,0.1045977897760059
P44,13057,1307007.007007007,pedestrian,-38.32413849234563,6.919077255075107,-0.9219632294937752,0.070982352156769,0.3422368784673572,0.0517698991957168
P44,13058,1307107.1071071073,pedestrian,-38.3656188270316,6.92341084071334,-0.8713233942503901,0.0681226845784488,0.4057723786399245,0.0205804379755841
P44,13059,1307207.207207207,pedestrian,-38.425641350597004,6.938972602651242,-0.8310694892147901,0.0669941621094407,0.4043608327481891,0.0082136733286328
P44,13060,1307307.3073073074,pedestrian,-38.514040192203794,6.954635391530521,-0.8081676202345986,0.0644188049978289,0.3361991730589216,-0.0049633674149407
P44,13061,1307407.4074074074,pedestrian,-38.60690324089315,6.954983966888605,-0.7989898946883132,0.05620437070135,0.2412720842219662,-0.0348953006902741
P44,13062,1307507.5075075077,pedestrian,-38.69013783490245,6.946207347410674,-0.797960219780253,0.0429536477910584,0.1515969696569575,-0.072739551827551
P44,13063,1307607.6076076075,pedestrian,-38.77432700522036,6.942356686098371,-0.8033661390924575,0.028211223387521,0.0717764542293343,-0.1016770142545891
P44,13064,1307707.7077077078,pedestrian,-38.86606727007756,6.951990806799868,-0.8139567650087857,0.0132530704438271,0.0028361465857245,-0.1202168217366428
P44,13065,1307807.8078078078,pedestrian,-38.9521735465564,6.94822163937686,-0.8263766425999488,-0.0068724858781949,-0.0464341634162694,-0.1516002058533379
P44,13066,1307907.907907908,pedestrian,-39.04574748659064,6.933317663932307,-0.8400595714646628,-0.0338139015307265,-0.0814749707722019,-0.197234298728489
P44,13067,1308008.008008008,pedestrian,-39.13543699918619,6.914960001047741,-0.852240275607042,-0.0665888977865029,-0.0970857252871884,-0.2477769060561801
P44,13068,1308108.1081081082,pedestrian,-39.23191983136747,6.880629159940635,-0.8619164098660054,-0.1045372422077547,-0.0969222253337964,-0.2987617598776535
P44,13069,1308208.2082082082,pedestrian,-39.31905653111675,6.84187650737975,-0.8654729021127657,-0.1424003935604979,-0.0730877885016659,-0.3296224477313912
P44,13070,1308308.3083083085,pedestrian,-39.39387649295537,6.819077903259549,-0.862312350294983,-0.1739272326309988,-0.0324551744061657,-0.3239274032967979
P44,13071,1308408.4084084083,pedestrian,-39.4687756880712,6.80209251122423,-0.8562563530628046,-0.1994859322990393,0.0036324088276153,-0.2972965105628704
P44,13072,1308508.5085085086,pedestrian,-39.549627923408586,6.787821435971199,-0.8512283265124917,-0.222747189763652,0.0217228976983748,-0.2720940818425792
P45,12701,1271371.3713713714,pedestrian,-7.542934839336732,10.423401650910025,-0.0681570757130147,0.2914657072122104,0.0072337870177586,-0.0794455218209738
P45,12702,1271471.4714714717,pedestrian,-7.547992577429952,10.45170338146518,-0.0679363070893343,0.2831068483763807,0.0032111402440049,-0.0826931041801457
P45,12703,1271571.5715715715,pedestrian,-7.552574017335873,10.474774137160324,-0.0694887210850664,0.2733164552999693,-0.0098474178278997,-0.0932356014998813
P45,12704,1271671.6716716718,pedestrian,-7.584163123176896,10.492294185112971,-0.0752829160797663,0.2613045312550289,-0.0380208598350626,-0.1089323957097945
P45,12705,1271771.7717717718,pedestrian,-7.601314361853159,10.507861047548516,-0.079652950891379,0.2485419401618234,-0.0408678935821553,-0.118311335095556
P45,12706,1271871.871871872,pedestrian,-7.598965944354423,10.536913242930902,-0.0752795115660416,0.2387358808117003,-0.0028106437453596,-0.1091529539930614
P45,12707,1271971.971971972,pedestrian,-7.594936384628285,10.56874914637839,-0.0622883498286059,0.2302800915337529,0.052257683057498,-0.0989030011457035
P45,12708,1272072.0720720722,pedestrian,-7.587588396635994,10.587602937012832,-0.0432781521627958,0.2180832900696754,0.1067279339681533,-0.1079816454588947
P45,12709,1272172.1721721722,pedestrian,-7.578650055469813,10.599576793577386,-0.0215950505621905,0.2010918740421989,0.1492022819782945,-0.1318547521475055
P45,12710,1272272.2722722725,pedestrian,-7.569039821078448,10.607926571789898,5.0458872178528805e-05,0.1803159032882423,0.1749243603949987,-0.1609000237372056
P45,12711,1272372.3723723723,pedestrian,-7.559291207638991,10.614305743424218,0.0197336284420058,0.1571852877977679,0.1832618638482251,-0.1878493224014812
P45,12712,1272472.4724724726,pedestrian,-7.549831876910348,10.619354389674214,0.0361116582399547,0.1328255597473193,0.1756901696528101,-0.2092417704191168
P45,12713,1272572.5725725726,pedestrian,-7.541274374483604,10.6228159763563,0.0482601156203874,0.1078341845574601,0.154677777652178,-0.2248760420561306
P45,12714,1272672.672672673,pedestrian,-7.534921098403987,10.623102151771606,0.0556628153446626,0.0823665978046831,0.1233800934292909,-0.23633094411578
P45,12715,1272772.7727727727,pedestrian,-7.5268214470921695,10.620191771065604,0.0585377094229521,0.0567375414684202,0.0866327445340259,-0.2439798543870771
P45,12716,1272872.872872873,pedestrian,-7.525394807944534,10.615020666023804,0.0561056557508499,0.0314975892478425,0.0435489561742306,-0.2471519462960359
P45,12717,1272972.972972973,pedestrian,-7.522898164788957,10.60346626490344,0.0495863011203465,0.0071606505505052,0.0013376853593069,-0.245588238391299
P45,12718,1273073.073073073,pedestrian,-7.523902125226247,10.59034428210072,0.039234481433404,-0.0139917004073303,-0.0393440578999753,-0.2322766753563013
P45,12719,1273173.173173173,pedestrian,-7.528905663557851,10.58645807735768,0.0258846616144221,-0.0292678189180559,-0.0758525929587043,-0.2013412223978326
P45,12720,1273273.2732732734,pedestrian,-7.531744714352399,10.581991526010835,0.0112052379282271,-0.0395386888265699,-0.1033393790723479,-0.1630063122034071
P45,12721,1273373.3733733734,pedestrian,-7.5389536380675874,10.579554574993162,-0.0046475454882432,-0.0456027757197494,-0.1247038823209978,-0.1232409969214144
P45,12722,1273473.4734734737,pedestrian,-7.549724564193786,10.575704178532458,-0.020602830148611,-0.0490479067181307,-0.1381711153975942,-0.0887574089016996
P45,12723,1273573.5735735735,pedestrian,-7.56113470939481,10.566954801030388,-0.0347206690801127,-0.0509264661426544,-0.139283792784531,-0.0615856145796589
P45,12724,1273673.6736736738,pedestrian,-7.57048643028681,10.5650700510892,-0.0450016999673799,-0.0502017685552213,-0.1250840723535321,-0.0348661052149631
P45,12725,1273773.7737737738,pedestrian,-7.573118397858118,10.56712149120237,-0.0501580144603117,-0.0481108163372918,-0.0965214441866451,-0.0132207692638409
P45,12726,1273873.8738738738,pedestrian,-7.572553481751067,10.563869901062748,-0.0513218605060654,-0.0474387525154956,-0.0635631197991349,-0.0054815997074086
P45,12727,1273973.973973974,pedestrian,-7.572163772354711,10.553586449852382,-0.0508633557603661,-0.0492130943902068,-0.0371079028602355,-0.0102350873620021
P45,12728,1274074.0740740742,pedestrian,-7.561688937556613,10.532552935735618,-0.0512406582113527,-0.0518534412746565,-0.0241648986130164,-0.0165018582532396
P45,12729,1274174.1741741742,pedestrian,-7.5706720337267805,10.538393774260298,-0.0594850004309146,-0.0491264109268935,-0.0467582691432329,0.0004811505353067
P45,12730,1274274.2742742742,pedestrian,-7.589101358049705,10.537433827007884,-0.0765919591018126,-0.0443732542390177,-0.0949530362083214,0.0187290042336221
P45,12731,1274374.3743743745,pedestrian,-7.613533964750871,10.537297864353048,-0.101076879459835,-0.0384159038257911,-0.1530519117008455,0.0345628665047267
P45,12732,1274474.4744744746,pedestrian,-7.634815648380565,10.538647382699375,-0.1303354357095887,-0.0321510770723018,-0.2071092203528378,0.0454420894754803
P45,12733,1274574.5745745746,pedestrian,-7.666435214906074,10.53077336211651,-0.1644032758924796,-0.0268845182136557,-0.2588322746723231,0.0482260088563656
P45,12734,1274674.6746746746,pedestrian,-7.702095761318613,10.531247442241474,-0.2010783014914913,-0.0200853183431745,-0.3005866858116611,0.0558733253279668
P45,12735,1274774.774774775,pedestrian,-7.740875489382996,10.536084818895937,-0.2380594241019425,-0.011780790785739,-0.3273180262374202,0.0663899993509506
P45,12736,1274874.874874875,pedestrian,-7.782163373392048,10.54064038767078,-0.2731499827195613,-0.0033561262464162,-0.3363391482947758,0.0732897441153463
P45,12737,1274974.974974975,pedestrian,-7.821649124672016,10.544508900231198,-0.3042451489595285,0.0040613433694515,-0.3263622927588452,0.0736045106627849
P45,12738,1275075.075075075,pedestrian,-7.852706866452907,10.546811733717654,-0.3307528908662003,0.0097128547531815,-0.302466872076905,0.0669479858180221
P45,12739,1275175.175175175,pedestrian,-7.89552759070525,10.548648761788684,-0.3563170431928709,0.0134976067450429,-0.2841887084371483,0.0556356736280549
P45,12740,1275275.275275275,pedestrian,-7.935194787826755,10.546234056053155,-0.3813058144293403,0.015517640847108,-0.2707750842544807,0.0418708392137369
P45,12741,1275375.3753753754,pedestrian,-7.973342983399889,10.547934800977062,-0.4083502398913045,0.0175929301072456,-0.2705416528305503,0.0336642019191718
P45,12742,1275475.4754754754,pedestrian,-8.029861357337982,10.547887568866717,-0.4423896029160985,0.0201991297154495,-0.2975280034367041,0.0307026939366295
P45,12743,1275575.5755755757,pedestrian,-8.097145404101171,10.553988527122174,-0.4834725484802338,0.0247049725369055,-0.3413553162257681,0.0362585005343382
P45,12744,1275675.6756756755,pedestrian,-8.169848853198895,10.5631909205042,-0.5293783044553764,0.0304503057983703,-0.3868724163769365,0.0444646250733949
P45,12745,1275775.7757757758,pedestrian,-8.244904822642331,10.573556718590666,-0.5776085430247968,0.0356687221577683,-0.4237337693656885,0.0474413075404486
P45,12746,1275875.8758758758,pedestrian,-8.320274068383432,10.583405353670644,-0.626623800086042,0.0379859343800482,-0.4493291238271288,0.0380103316011154
P45,12747,1275975.975975976,pedestrian,-8.39387945336174,10.590291060723931,-0.6768074421844272,0.034731227587072,-0.4695191053912347,0.0106306016478784
P45,12748,1276076.076076076,pedestrian,-8.462132302512876,10.589102526900485,-0.731724661192911,0.0234527695192545,-0.5002294675809258,-0.0372388547895552
P45,12749,1276176.1761761762,pedestrian,-8.573380284607973,10.5769043959378,-0.8006099848514587,0.0035176525116187,-0.5731910841263677,-0.1000980183108564
P45,12750,1276276.2762762762,pedestrian,-8.732990867403839,10.5492966456816,-0.8804646733856225,-0.022821937861079,-0.6603705218385794,-0.1633925895140887
P45,12751,1276376.3763763765,pedestrian,-8.836766091018802,10.531339085686634,-0.9518167810877,-0.0482654018205581,-0.6807280523146815,-0.1986388935763653
P45,12752,1276476.4764764763,pedestrian,-8.941916927211778,10.514016285595227,-1.0175983938628206,-0.0694971960390597,-0.6715776165086056,-0.2038670569276523
P45,12753,1276576.5765765766,pedestrian,-9.089126496656853,10.494835029357487,-1.0835310909111822,-0.0837647267669707,-0.6665656021338396,-0.1800553092458905
P45,12754,1276676.6766766766,pedestrian,-9.194420781772244,10.486600241694513,-1.1417309351873344,-0.0873097866371434,-0.6335083058002988,-0.1239019333192052
P45,12755,1276776.7767767766,pedestrian,-9.321929879753236,10.486496168395451,-1.2021603629592386,-0.0796512744030923,-0.6219319949631352,-0.0460969557610158
P45,12756,1276876.876876877,pedestrian,-9.486391064546192,10.497418124362095,-1.270040058458534,-0.0623712295892314,-0.6437450426816199,0.0388180829459351
P45,12757,1276976.976976977,pedestrian,-9.667481082931047,10.51331584635888,-1.3393401378456464,-0.0402512183263505,-0.66259846732835,0.1095380369417338
P45,12758,1277077.077077077,pedestrian,-9.849911960258511,10.52976949843768,-1.398891356223728,-0.0193717852567697,-0.6363224919072794,0.1479910601253801
P45,12759,1277177.177177177,pedestrian,-10.015254972396528,10.541657309731464,-1.4367756476481288,-0.00595768065743,-0.5362146054660553,0.1425620180355466
P45,12760,1277277.277277277,pedestrian,-10.128598021863432,10.539481515894778,-1.4461108523662949,-0.0050953990335197,-0.3642466710056529,0.0905597076772438
P45,12761,1277377.3773773774,pedestrian,-10.2595164631221,10.51763709297076,-1.438650656920879,-0.0176100413799615,-0.1939022625506207,0.0068651101197235
P45,12762,1277477.4774774774,pedestrian,-10.372726511269384,10.492393604754865,-1.418993956061246,-0.0377729213832829,-0.0423874294903566,-0.0739998079293206
P45,12763,1277577.5775775774,pedestrian,-10.491434408429464,10.46455565833153,-1.3974039185853842,-0.059017869398104,0.0578033371669645,-0.1276673832013811
P45,12764,1277677.6776776777,pedestrian,-10.635219783383882,10.44918567478508,-1.3818433275534532,-0.0738659272753051,0.0957126343933272,-0.1356900063800684
P45,12765,1277777.7777777778,pedestrian,-10.792132521041074,10.443192473813864,-1.3702857580621082,-0.0792277174012735,0.1033791630409243,-0.1038064924124421
P45,12766,1277877.8778778778,pedestrian,-10.949358761826614,10.447013773600991,-1.35411825772232,-0.0751802126957243,0.1259484799960765,-0.0478080570506447
P45,12767,1277977.977977978,pedestrian,-11.04691624831774,10.448510610532256,-1.3217751995289062,-0.0651169633105707,0.2024910177143162,0.0097816686347182
P45,12768,1278078.078078078,pedestrian,-11.14054675241893,10.4472081903495,-1.2818809546762204,-0.0510846521600164,0.2786041041037612,0.0604070484824513
P45,12769,1278178.1781781784,pedestrian,-11.23916590357125,10.450456760448349,-1.2439997969931438,-0.0331839937030155,0.3173603962256851,0.1063812264567164
P45,12770,1278278.2782782784,pedestrian,-11.344671323990475,10.465445000240496,-1.2155698073557648,-0.0121086781929463,0.3044150077480513,0.1468195224180037
P45,12771,1278378.3783783785,pedestrian,-11.468497331286155,10.482951608411495,-1.2016356235639658,0.0077895371612999,0.2402748671248203,0.1669932714799928
P45,12772,1278478.4784784785,pedestrian,-11.617886334690096,10.489892254571544,-1.2007860250448656,0.0212792526426487,0.150288492217014,0.1544802860041516
P45,12773,1278578.5785785788,pedestrian,-11.738007744641088,10.487123051896916,-1.2016357819484855,0.0268770992332118,0.0886465792668394,0.1162173784578848
P45,12774,1278678.6786786788,pedestrian,-11.850021047916302,10.474991607276294,-1.2033675628154037,0.0266537136852459,0.0475149488111263,0.0702321474046054
P45,12775,1278778.7787787789,pedestrian,-11.967928068025016,10.463087736408356,-1.2090030674700474,0.0264886204443199,0.0072115757739819,0.0423257563564452
P45,12776,1278878.878878879,pedestrian,-12.1107823007427,10.468676198390522,-1.2205092600524992,0.03306791777264,-0.0402137639888201,0.0514108468741414
P45,12777,1278978.9789789792,pedestrian,-12.23908167858497,10.480150218924138,-1.2309244308311538,0.0475454763288761,-0.0649958362412591,0.0876014566647172
P45,12778,1279079.0790790792,pedestrian,-12.36114629211903,10.493446498465747,-1.2386222845475956,0.0698538053179254,-0.0696179723031671,0.1401127050793943
P45,12779,1279179.1791791792,pedestrian,-12.491432594116354,10.51852463685468,-1.244651449059278,0.1006873764090499,-0.0659738230450498,0.2053018995630696
P45,12780,1279279.2792792793,pedestrian,-12.616931101140358,10.552116148686109,-1.2470902998928703,0.1380372189820339,-0.0498197667407533,0.2704555158990948
P45,12781,1279379.3793793796,pedestrian,-12.74419884298242,10.593526129622392,-1.2455256923826772,0.1782623388383089,-0.0244101611487309,0.3214661390417073
P45,12782,1279479.4794794796,pedestrian,-12.890832566119029,10.64070165810104,-1.2383598734553969,0.2160014643903767,0.0128584529349053,0.3430313272418159
P45,12783,1279579.5795795796,pedestrian,-13.020023813340606,10.675423844142736,-1.2148301469260478,0.2442220654159747,0.0991241029221269,0.3193076692782871
P45,12784,1279679.6796796797,pedestrian,-13.104234698713608,10.699208248482202,-1.1671522737147442,0.2605391726461772,0.2455551457296663,0.2586277062367455
P45,12785,1279779.77977978,pedestrian,-13.182514896156782,10.720485251455829,-1.1009507419854054,0.2666354156444671,0.4069796767368696,0.1818648229293954
P45,12786,1279879.87987988,pedestrian,-13.257237635667254,10.736287421377613,-1.0208494261544734,0.264961311539367,0.5596435734784826,0.1047669437011455
P45,12787,1279979.97997998,pedestrian,-13.33077362278542,10.74920881849728,-0.9287233402900492,0.2597727893521949,0.6996759081226772,0.0439703133373639
P45,12788,1280080.08008008,pedestrian,-13.376428091496354,10.761476232277406,-0.8217438561994078,0.2564583848407941,0.8429511562594848,0.0140452193991848
P45,12789,1280180.1801801804,pedestrian,-13.39040089642961,10.786116920863076,-0.7018606413320483,0.2612815500078781,0.9806487398522736,0.0272986283951705
P45,12790,1280280.2802802804,pedestrian,-13.38730778855764,10.822090231447566,-0.5779520557926742,0.2769780213428082,1.0805002439879607,0.0775777089585618
P45,12791,1280380.3803803804,pedestrian,-13.378528141806406,10.868280505222158,-0.4614724716034358,0.3033375245140908,1.1127739578888065,0.1496925270018664
P45,12792,1280480.4804804805,pedestrian,-13.376901192861244,10.930099866703245,-0.3633394292023278,0.3377732606674447,1.0613629035287389,0.2251331979645704
P45,12793,1280580.5805805807,pedestrian,-13.396500708568423,11.000171686409193,-0.2902139920225874,0.3729649824233714,0.9329215997184094,0.2742176937081939
P45,12794,1280680.6806806808,pedestrian,-13.429255682808106,11.065440128360631,-0.2396992380749736,0.3986749418590876,0.7666515737028727,0.2674721531164887
P45,12795,1280780.7807807808,pedestrian,-13.445504541646772,11.101524513981138,-0.2032205539986755,0.4055436127117396,0.6104947687425254,0.1902713901946825
P45,12796,1280880.8808808809,pedestrian,-13.4579198684359,11.122189575370196,-0.1776274866040907,0.3938409123823859,0.4727436620021338,0.0710149498424234
P45,12797,1280980.9809809811,pedestrian,-13.478473305112718,11.14248449050271,-0.1613552257281746,0.36848154912533,0.3523216019455844,-0.0549087733803746
P45,12798,1281081.0810810812,pedestrian,-13.50564750089296,11.161095313884012,-0.149951401477748,0.3330245579310004,0.2597690315786259,-0.1711079958781895
P45,12799,1281181.1811811812,pedestrian,-13.525483901092915,11.17281422852047,-0.1359570446377355,0.289575868626253,0.2131950888367293,-0.273190406471303
P45,12800,1281281.2812812813,pedestrian,-13.529132330967675,11.17202267722964,-0.113438556885438,0.2404689758950361,0.217762438700549,-0.3575863253680645
P45,12801,1281381.3813813815,pedestrian,-13.52063811989501,11.169700547510391,-0.0810447152945689,0.1906330538364608,0.2588571753209431,-0.4120448429093624
P45,12802,1281481.4814814816,pedestrian,-13.49946134726966,11.168297762276888,-0.0404296044517085,0.1438918959382535,0.3158831408373981,-0.433358303721729
P45,12803,1281581.5815815816,pedestrian,-13.475756752015458,11.16659258250495,0.003452240641306,0.1022270991902331,0.3634397218761772,-0.426709127067208
P45,12804,1281681.6816816817,pedestrian,-13.452295009597956,11.161421085038617,0.0459408105683242,0.0664517537303101,0.3871298247792121,-0.3997997069460101
P45,12805,1281781.781781782,pedestrian,-13.430348029064364,11.146922447776952,0.0835775833004622,0.0377894293476733,0.3828055595278096,-0.35575014773633
P45,12806,1281881.881881882,pedestrian,-13.415914324840564,11.139242201801425,0.1143645072334756,0.0209286745832074,0.353593650315573,-0.2830306722135729
P45,12807,1281981.981981982,pedestrian,-13.401054733553314,11.138946002748312,0.1399887392609374,0.0188682528589933,0.3156996472891975,-0.1811413472915946
P45,12808,1282082.082082082,pedestrian,-13.388071578125317,11.147192873182108,0.1629586284428807,0.0332845103088174,0.2822225612445755,-0.0549051895664431
P45,12809,1282182.1821821823,pedestrian,-13.364626284989336,11.171304024621232,0.1876550498663424,0.0647571316372062,0.2684384014869413,0.0884739246111149
P45,12810,1282282.2822822824,pedestrian,-13.337295343060838,11.211383500709411,0.2158709385725541,0.1104145146826644,0.2736555376155215,0.2312033993732731
P45,12811,1282382.3823823824,pedestrian,-13.302404391266563,11.254950691442367,0.2493668539881494,0.163758406493233,0.2973252840462519,0.3483326266348259
P45,12812,1282482.4824824824,pedestrian,-13.265605403085702,11.299830493355689,0.2887804554284955,0.2191413955077282,0.3347569159313026,0.4278974278685875
P45,12813,1282582.5825825827,pedestrian,-13.22088945393904,11.345515944500804,0.3361667776400246,0.2725160040120197,0.3885779268023565,0.4687836364177605
P45,12814,1282682.6826826828,pedestrian,-13.148952593118734,11.391714159056958,0.3933328368154201,0.3214414406686462,0.4594338284937068,0.4765410069314947
P45,12815,1282782.7827827828,pedestrian,-13.06201794262664,11.438721695386434,0.4543432875368148,0.3649512594675175,0.5176915611245678,0.4602828224474182
P45,12816,1282882.8828828828,pedestrian,-12.97634955929029,11.488337656158963,0.5089918382114117,0.4032084319918575,0.5286580190865654,0.4299646652065603
P45,12817,1282982.982982983,pedestrian,-12.909876795364797,11.539377689523668,0.5478861957383017,0.4365845582534787,0.474265946243843,0.392486224848843
P45,12818,1283083.0830830832,pedestrian,-12.861193314278568,11.581796861073702,0.5686937024635379,0.4658894096427724,0.3708423846582204,0.3537679409109426
P45,12819,1283183.1831831832,pedestrian,-12.82196119510846,11.627321730771248,0.5757120234621289,0.4964591056458112,0.2540907953907666,0.3349867548599997
P45,12820,1283283.2832832832,pedestrian,-12.778696546005026,11.698244984829955,0.5770207160792079,0.5345066601594693,0.1605212388013484,0.3524990704887716
P45,12821,1283383.3833833835,pedestrian,-12.720274808125728,11.782992217780604,0.5796410468685623,0.5787291194429798,0.1083650699161614,0.387161356143769
P45,12822,1283483.4834834835,pedestrian,-12.65682353904204,11.881978762999902,0.5851764837964215,0.6239953784408186,0.0877633358459261,0.4124150398076083
P45,12823,1283583.5835835836,pedestrian,-12.590082664084424,11.97042353448403,0.5933782651960486,0.660323653827289,0.0855009211550511,0.3931994688778621
P45,12824,1283683.6836836836,pedestrian,-12.528091005252598,12.03722572926671,0.6028350299406774,0.681321054247405,0.0889841653191682,0.3219846758001936
P45,12825,1283783.783783784,pedestrian,-12.477166758179962,12.099854767700547,0.6142277951402794,0.688348259380703,0.0986236980118705,0.2242354785621621
P45,12826,1283883.883883884,pedestrian,-12.421715081445468,12.16653894487235,0.6335862322151462,0.6839652459979388,0.1354149453144229,0.1201818894578753
P45,12827,1283983.983983984,pedestrian,-12.346316720738898,12.228076726805115,0.6675764467418196,0.6681536813999988,0.2146706642487781,0.0122003490880419
P45,12828,1284084.084084084,pedestrian,-12.230557685707744,12.277187655788708,0.7183016130214964,0.6410539950300576,0.3280619020456969,-0.0976395600818954
P45,12829,1284184.1841841843,pedestrian,-12.080391099418478,12.329042833647918,0.7749149041919173,0.6055390465408736,0.4202679706990053,-0.1974742716588929
P45,12830,1284284.2842842843,pedestrian,-11.98643788455058,12.360234072964277,0.8133689309729965,0.5612275375360529,0.406248182906525,-0.2926669118005426
P45,12831,1284384.3843843844,pedestrian,-11.898396974481717,12.389231319297998,0.8294711504273538,0.5132375426156816,0.3109820483664103,-0.3651697287917845
P45,12832,1284484.4844844844,pedestrian,-11.85997393702273,12.406386530731988,0.8202811106453696,0.4657739478166086,0.1546074373412028,-0.4074833248135781
P45,12833,1284584.5845845847,pedestrian,-11.819850859215643,12.423775375330225,0.8007628536935172,0.4263281576962969,0.0188849005626917,-0.4022733496209297
P45,12834,1284684.6846846847,pedestrian,-11.744544976468108,12.456167472595077,0.7859356795413207,0.4022418989723849,-0.0459524428740607,-0.3395156452993262
P45,12835,1284784.7847847848,pedestrian,-11.655224757140772,12.505992953796737,0.7778492796922688,0.395835997571528,-0.0594746963391647,-0.2325507693202489
P45,12836,1284884.8848848848,pedestrian,-11.55671476360266,12.582809976100274,0.7725153374021114,0.4036052914817433,-0.0570721028846663,-0.1121356043379122
P45,12837,1284984.984984985,pedestrian,-11.476706137362944,12.643649054230208,0.76099091904479,0.4117802542558169,-0.0796113986073328,-0.0368956452562765
P45,12838,1285085.0850850851,pedestrian,-11.41602209415796,12.690913946237789,0.7393814030261254,0.4116038912221981,-0.1325143367582104,-0.0232557249251913
P45,12839,1285185.1851851852,pedestrian,-11.356969803109338,12.72414785056735,0.7095197923895896,0.3983720430526692,-0.1968837811419825,-0.0655455827539335
P45,12840,1285285.2852852852,pedestrian,-11.298799122870829,12.746537994867015,0.6723133755202177,0.371269356257749,-0.2647492855804858,-0.14521397283867
P45,12841,1285385.3853853857,pedestrian,-11.24769452174302,12.754795253202516,0.6268541699806369,0.3318087555328321,-0.3382750992810316,-0.2418817730637696
P45,12842,1285485.4854854855,pedestrian,-11.201555818263383,12.764146425460726,0.572189180336353,0.2849386478875885,-0.4189598274319782,-0.3297574388706961
P45,12843,1285585.5855855856,pedestrian,-11.170768357509258,12.764731223549022,0.5059647795651246,0.233178419661979,-0.5131524824173255,-0.4024831390347597
P45,12844,1285685.6856856856,pedestrian,-11.161288126733622,12.762593735073002,0.4278181641171723,0.18016187430531,-0.6170160042227983,-0.4518471771460017
P45,12845,1285785.785785786,pedestrian,-11.163596719230265,12.755036879897004,0.3416761042534902,0.1285757141114049,-0.7115663095152898,-0.476499104117706
P45,12846,1285885.885885886,pedestrian,-11.168211125661,12.745784376300843,0.2524623221312675,0.0814371637680737,-0.7813228926685344,-0.4743308555035451
P45,12847,1285985.985985986,pedestrian,-11.18735503020704,12.737745717222788,0.1624970114265606,0.0411247577951233,-0.8269127371505001,-0.4465298718989449
P45,12848,1286086.086086086,pedestrian,-11.209557663795016,12.734224056593284,0.0762911753578526,0.0086278664991079,-0.840222580752821,-0.3992103288844584
P45,12849,1286186.1861861865,pedestrian,-11.225281819540449,12.732644357496577,-0.0032213778261221,-0.0175553101948527,-0.8224059487514992,-0.3457744594156078
P45,12850,1286286.2862862863,pedestrian,-11.247014549752793,12.732713012584414,-0.0783462654924708,-0.0405192938583252,-0.7944891174407829,-0.3005985820413476
P45,12851,1286386.3863863864,pedestrian,-11.27651719931174,12.727160056662669,-0.1522124476922914,-0.065110539984911,-0.7725286229430731,-0.2792724227756001
P45,12852,1286486.4864864864,pedestrian,-11.324103092324258,12.704656960319571,-0.2281973880769341,-0.095602158128864,-0.7673111988220778,-0.2891096736208811
P45,12853,1286586.586586587,pedestrian,-11.380306293634298,12.67458510224779,-0.30594419328354,-0.1314509431565554,-0.7709525397780089,-0.3159050567373203
P45,12854,1286686.6866866867,pedestrian,-11.43125681174238,12.641421359023058,-0.384689744866467,-0.1706179303468179,-0.777053746562732,-0.3451670302375451
P45,12855,1286786.7867867867,pedestrian,-11.486789474794882,12.60769982003385,-0.469052974708439,-0.2113136956734075,-0.8025738899330873,-0.368997894434075
P45,12856,1286886.8868868868,pedestrian,-11.56329708454794,12.567392611698434,-0.5665512257268036,-0.2531291842835996,-0.8691292465535193,-0.3879196807651012
P45,12857,1286986.986986987,pedestrian,-11.6698581194424,12.525382991091837,-0.6823983452748882,-0.2948102192453994,-0.9810101725221224,-0.3989740329448958
P45,12858,1287087.087087087,pedestrian,-11.820440514080358,12.474211469702912,-0.8165209808625181,-0.3360135261091387,-1.1203355176526757,-0.4038839548301516
P45,12859,1287187.1871871871,pedestrian,-11.99159583028487,12.419038593795468,-0.9577087831139376,-0.3742945296472868,-1.232972381632793,-0.395553849364607
P45,12860,1287287.2872872872,pedestrian,-12.16722999827047,12.36371389125654,-1.0910452965700148,-0.4065291363450177,-1.2714300202158182,-0.367007386802622
P45,12861,1287387.3873873877,pedestrian,-12.330568006420204,12.312869242186371,-1.202686716526788,-0.4298860908617459,-1.2108150982716912,-0.3151123879077825
P45,12862,1287487.4874874875,pedestrian,-12.45261601555078,12.275306940350296,-1.28503629180633,-0.4431738597131057,-1.0601271378564172,-0.2443121687167005
P45,12863,1287587.5875875875,pedestrian,-12.610488178740834,12.227094653496383,-1.3478672893692685,-0.4502112112254726,-0.8922396508923536,-0.1767569735577629
P45,12864,1287687.6876876876,pedestrian,-12.76820026512233,12.175792383490531,-1.3887607104463344,-0.4506676360593848,-0.7044481351171266,-0.1099051458732627
P45,12865,1287787.7877877878,pedestrian,-12.883934476068466,12.143524611100872,-1.4042687269089769,-0.4420403934628356,-0.4911078415225786,-0.0337769919438288
P45,12866,1287887.887887888,pedestrian,-13.004878184947248,12.11416150614538,-1.4057790420544536,-0.4279401587674007,-0.3063035784054878,0.0340225188287777
P45,12867,1287987.987987988,pedestrian,-13.136505295056452,12.085369465299632,-1.4027284474891493,-0.412539788823129,-0.1755564977962165,0.0805427968645375
P45,12868,1288088.088088088,pedestrian,-13.28707211931037,12.056217789487366,-1.4002954780294918,-0.3998988624764805,-0.0979645052209505,0.0983003727296191
P45,12869,1288188.1881881882,pedestrian,-13.435022114807683,12.026579235219744,-1.3956969268516397,-0.394000974388086,-0.0420969155167297,0.0830117671348651
P45,12870,1288288.2882882883,pedestrian,-13.560590458501895,11.985555845907044,-1.3856842697727407,-0.3993626042279983,0.0130793673640977,0.0299897272719564
P45,12871,1288388.3883883883,pedestrian,-13.675724888408189,11.92395717337704,-1.3745286670955537,-0.4175270070547712,0.0512674652241155,-0.0521019256573171
P45,12872,1288488.4884884884,pedestrian,-13.80440600754928,11.862067272543468,-1.3708181050829211,-0.4434875334051037,0.0457550334684634,-0.1325597676023548
P45,12873,1288588.5885885886,pedestrian,-13.954583467013803,11.789923394443942,-1.3791842293831988,-0.4730910383129383,-0.0044555228880674,-0.1959105375104396
P45,12874,1288688.688688689,pedestrian,-14.123594116868697,11.708333220369404,-1.3971627960015958,-0.4990509464160945,-0.0724538146346151,-0.2205354365262384
P45,12875,1288788.7887887887,pedestrian,-14.272914040148624,11.652625054936529,-1.4154275660455913,-0.5100174499899465,-0.1151632693299367,-0.1774498556799324
P45,12876,1288888.8888888888,pedestrian,-14.41281073830477,11.628537650304382,-1.4321643562431925,-0.5030369025360115,-0.1353655981041777,-0.0814854873818644
P45,12877,1288988.988988989,pedestrian,-14.572830939079973,11.616034540409489,-1.4500996357607845,-0.486362908652188,-0.1523730345503125,0.0148178667664497
P45,12878,1289089.089089089,pedestrian,-14.736843494882775,11.573985853679076,-1.4651328625800368,-0.4730253476788215,-0.151522388478954,0.0607935347036996
P45,12879,1289189.189189189,pedestrian,-14.886844433670552,11.530940404875066,-1.4712546281574383,-0.4653473583779629,-0.1164397866519439,0.0669700802104037
P45,12880,1289289.2892892892,pedestrian,-14.993647831742486,11.477636836837627,-1.4668866522951327,-0.4652465624935762,-0.0542938364394111,0.0413613393943277
P45,12881,1289389.3893893894,pedestrian,-15.141812602348,11.419052296943024,-1.467252280206809,-0.4710109156713977,-0.0346334939571438,0.002947244535025
P45,12882,1289489.4894894897,pedestrian,-15.300273886124934,11.357241762303213,-1.4733412044221097,-0.4790265397857582,-0.0448030744564285,-0.0292847454720687
P45,12883,1289589.5895895895,pedestrian,-15.46490716309518,11.296271695035053,-1.4823648962276157,-0.4842828286553747,-0.0624067370331545,-0.0383015685548292
P45,12884,1289689.6896896895,pedestrian,-15.634900297861147,11.252689327568625,-1.4889160086126385,-0.4814037632118739,-0.0635865139903112,-0.0122656591842741
P45,12885,1289789.7897897898,pedestrian,-15.779327557474913,11.21767028089242,-1.484485067323213,-0.4707318034332806,-0.0217154847248171,0.0338863303180368
P45,12886,1289889.88988989,pedestrian,-15.898964183632826,11.18386722733297,-1.468761350982989,-0.4552968209119609,0.0476979191767207,0.0805937219383211
P45,12887,1289989.98998999,pedestrian,-16.02274265037055,11.14282257329718,-1.4502709696017235,-0.4380863095042031,0.1008933190343736,0.1160542004158489
P45,12888,1290090.09009009,pedestrian,-16.16473703485498,11.09903380131546,-1.436225700881376,-0.4185392577358758,0.1161968499637081,0.1468099597679694
P45,12889,1290190.1901901902,pedestrian,-16.32028771036663,11.0763699859184,-1.4269538760136846,-0.3936155645772766,0.1070458012058608,0.1864782283392376
P45,12890,1290290.2902902905,pedestrian,-16.450258179316698,11.047463105786766,-1.4168586932025955,-0.3669110105516979,0.1046407572312543,0.217653048729409
P45,12891,1290390.3903903903,pedestrian,-16.582325461527596,11.022897145113358,-1.4094064428530106,-0.3386880609769034,0.092919072873227,0.2426138710759621
P45,12892,1290490.4904904906,pedestrian,-16.710429375591968,10.995747465281635,-1.4077644473668962,-0.3095746611006184,0.0632135904281399,0.2613377219879921
P45,12893,1290590.5905905906,pedestrian,-16.870414413097166,10.985062537864245,-1.4177060314043153,-0.2777948836261314,0.0001148704225647,0.2831337233507457
P45,12894,1290690.690690691,pedestrian,-17.037595921016944,10.978356620205574,-1.434082662076965,-0.2464624609120685,-0.0634448300376632,0.2947328842086774
P45,12895,1290790.790790791,pedestrian,-17.200809741709755,10.971617793651076,-1.4490708956204574,-0.2195615656088673,-0.0969441105785477,0.2846416942721644
P45,12896,1290890.890890891,pedestrian,-17.348564326648237,10.966502350932648,-1.4558918480519312,-0.2008875908800228,-0.085762055699404,0.24656090912486
P45,12897,1290990.9909909912,pedestrian,-17.489898652433904,10.94530942376232,-1.452984318221879,-0.1953695016902301,-0.0411902550150098,0.172240384585812
P45,12898,1291091.0910910913,pedestrian,-17.62274135312403,10.921266126739342,-1.4405380538043502,-0.2029086118718792,0.0230725365255488,0.0761321503824552
P45,12899,1291191.191191191,pedestrian,-17.759273993551105,10.885959256314653,-1.4210672817572754,-0.2236395077439762,0.0896305480378141,-0.0338271716272605
P45,12900,1291291.2912912914,pedestrian,-17.865764586342692,10.83970508938469,-1.394472699000294,-0.2552139766843925,0.1579778475638983,-0.1431528948623237
P45,12901,1291391.3913913914,pedestrian,-17.96173727477821,10.789500120079696,-1.3712203322712233,-0.2928672718042423,0.1868283578025669,-0.2336114116219658
P45,12902,1291491.4914914917,pedestrian,-18.10565395569717,10.735758244543437,-1.3670495829040594,-0.3318727292152097,0.1304721674436728,-0.2941956142662881
P45,12903,1291591.5915915917,pedestrian,-18.26967427279583,10.686875683827136,-1.381468784259305,-0.3674396145955828,0.023895791844374,-0.3179231730245303
P45,12904,1291691.6916916918,pedestrian,-18.4426391745035,10.628827198608375,-1.4072720862099402,-0.3976226504304457,-0.0854567211658186,-0.3115583110213545
P45,12905,1291791.791791792,pedestrian,-18.61577236464631,10.570756312744091,-1.4343473332945211,-0.4174832730002211,-0.1572886255415424,-0.267630032258951
P45,12906,1291891.891891892,pedestrian,-18.76066037296343,10.533492635998677,-1.4523928135285284,-0.4213673684330178,-0.1662123288753733,-0.1787926025289259
P45,12907,1291991.991991992,pedestrian,-18.907597244954307,10.51063439212623,-1.461647298019051,-0.4102374500394437,-0.1375766125315733,-0.0662140269452708
P45,12908,1292092.092092092,pedestrian,-19.051841100676395,10.490466182427562,-1.4616806849522392,-0.3894883727287334,-0.0842949925507425,0.0399653156489577
P45,12909,1292192.1921921922,pedestrian,-19.20219451920149,10.476588605187798,-1.4525003747848888,-0.3646355627323441,-0.0159644033647231,0.1208387649571045
P45,12910,1292292.2922922925,pedestrian,-19.322400354354933,10.449066410031088,-1.4303774629272286,-0.3429351937391547,0.0760349012400397,0.1580884447881639
P45,12911,1292392.3923923925,pedestrian,-19.423542608202013,10.414715534497049,-1.4013417609273764,-0.3260712029423547,0.1591280468931529,0.1621193486101588
P45,12912,1292492.4924924923,pedestrian,-19.536338177149982,10.382915043480285,-1.3784505954258652,-0.3124068005327149,0.1861311350210143,0.1521760625534874
P45,12913,1292592.5925925928,pedestrian,-19.677442760509397,10.351994117807736,-1.3713483008269662,-0.3005217425261841,0.1414153276129809,0.1391920324434782
P45,12914,1292692.6926926929,pedestrian,-19.84515954875153,10.32281505839219,-1.3800632587046944,-0.2887042105820011,0.0527138406419469,0.1309868747633187
P45,12915,1292792.792792793,pedestrian,-19.999440755232214,10.292207507289548,-1.3948657582245672,-0.2752108627057224,-0.0251611500924886,0.1324666723932873
P45,12916,1292892.892892893,pedestrian,-20.14126421015657,10.284450334471629,-1.4110894105748408,-0.2567600476941633,-0.078314678021,0.1525990055142745
P45,12917,1292992.992992993,pedestrian,-20.281891717223036,10.277879461098292,-1.4296352991072998,-0.2379107549034231,-0.1198390704242777,0.1664608567977564
P45,12918,1293093.0930930933,pedestrian,-20.42853134693955,10.254751658709226,-1.4534226435611854,-0.2237509598201595,-0.1655709828661439,0.1567534055811897
P45,12919,1293193.1931931933,pedestrian,-20.61034800159864,10.22863728526644,-1.4850557810089582,-0.213050181015603,-0.2239775955501153,0.1373992152331644
P45,12920,1293293.293293293,pedestrian,-20.82191994807067,10.222711150935307,-1.5150436512562957,-0.2028252853536115,-0.2533281172534298,0.1237132009596393
P45,12921,1293393.3933933936,pedestrian,-20.95090209494512,10.211463967210475,-1.5210681763551572,-0.1976157420434827,-0.1783445327297121,0.0958889456199488
P45,12922,1293493.4934934936,pedestrian,-21.067824236102727,10.184214799563684,-1.5099441114662937,-0.2008338552364627,-0.065962612661486,0.0461810354960134
P45,12923,1293593.5935935937,pedestrian,-21.245756412863592,10.147030676533012,-1.4932749334890831,-0.2106591336722571,0.0242956472157987,-0.0098540884501836
P45,12924,1293693.6936936935,pedestrian,-21.35656288263689,10.119646359607229,-1.4578981697405649,-0.2218077153004306,0.1520685916989673,-0.0492670998088492
P45,12925,1293793.7937937938,pedestrian,-21.463073758756305,10.08549504269525,-1.4127957115023044,-0.2329134713711199,0.2679566095565016,-0.0732127777945711
P45,12926,1293893.893893894,pedestrian,-21.57476756416102,10.061209389558057,-1.3673822594095006,-0.2402849621462585,0.3400597998294947,-0.0733791005579901
P45,12927,1293993.993993994,pedestrian,-21.669355762972017,10.039098498967284,-1.3280878692529148,-0.2439047656393804,0.3604383426590237,-0.058930312746624
P45,12928,1294094.094094094,pedestrian,-21.79729937539484,10.01017375890202,-1.3078734416002011,-0.2446710911318479,0.2989056589584395,-0.0390240248566551
P45,12929,1294194.1941941944,pedestrian,-21.96033233298418,9.994962543937572,-1.3083449148450297,-0.2406376978386354,0.181033519610778,-0.0082306939118498
P45,12930,1294294.2942942944,pedestrian,-22.116296795563382,9.968732107250808,-1.3181444852287216,-0.2346309490905569,0.0727445771385768,0.0182612598606132
P45,12931,1294394.3943943945,pedestrian,-22.24988373030798,9.948657514351083,-1.3281233870845168,-0.2249139606079308,0.0058009268250297,0.0488580818601728
P45,12932,1294494.4944944945,pedestrian,-22.37497262329142,9.934994845091364,-1.337802150000848,-0.211161238017113,-0.0339892583668298,0.0832285438502609
P45,12933,1294594.5945945946,pedestrian,-22.50915438974678,9.926071658625006,-1.3511111583561364,-0.1946619513693946,-0.072411314799178,0.1149076971586646
P45,12934,1294694.6946946948,pedestrian,-22.657549387144645,9.91681996110711,-1.3700908322512322,-0.1778806490293383,-0.1179099513539759,0.1353818820724066
P45,12935,1294794.7947947949,pedestrian,-22.82826284083457,9.91764044763802,-1.392637761010742,-0.1627062209877807,-0.1595799753160216,0.1416753136090516
P45,12936,1294894.894894895,pedestrian,-22.98182263588117,9.907141527023049,-1.408335147974178,-0.1548998382950983,-0.1585072701729065,0.1169492399924416
P45,12937,1294994.9949949952,pedestrian,-23.1047420417115,9.883893797336356,-1.4123761104051875,-0.1566704119244986,-0.1126427565510403,0.0646792673430987
P45,12938,1295095.0950950952,pedestrian,-23.23271097533984,9.851052677226187,-1.4113996412860177,-0.1660413577730043,-0.0651245357841965,0.003224692823274
P45,12939,1295195.1951951953,pedestrian,-23.369320171719057,9.816075406089478,-1.410783526915012,-0.1777210699062896,-0.0374518233219119,-0.0433258049350208
P45,12940,1295295.2952952953,pedestrian,-23.507508593203408,9.78241084279358,-1.4130691185619717,-0.1854580759754421,-0.0317764087285448,-0.0565127046623306
P45,12941,1295395.395395395,pedestrian,-23.675031948174983,9.760219594434178,-1.4206677069257596,-0.1827402383338296,-0.0489102696191222,-0.0240320261094773
P45,12942,1295495.4954954956,pedestrian,-23.79221580763895,9.753816839207976,-1.424749122030574,-0.1660093597309573,-0.0457512836333566,0.050186901165753
P45,12943,1295595.5955955957,pedestrian,-23.930875481371316,9.762246805229772,-1.435723895447402,-0.1360043080290868,-0.0705538973108851,0.1470744916604138
P45,12944,1295695.6956956957,pedestrian,-24.106027565936635,9.795500371731489,-1.4580347134577176,-0.0974276491558153,-0.1296931408359869,0.2395917071806265
P45,12945,1295795.795795796,pedestrian,-24.278019914971424,9.808262095381858,-1.4834484096397236,-0.0636166526900163,-0.1779070667470576,0.2777079999740553
P45,12946,1295895.895895896,pedestrian,-24.454261746846463,9.81037263688506,-1.504914573189133,-0.0402795632387791,-0.1920928857073306,0.2604044883194665
P45,12947,1295995.995995996,pedestrian,-24.607939902337044,9.83520705526958,-1.513211434411828,-0.0290334331212098,-0.1496955648617308,0.2029251242238043
P45,12948,1296096.096096096,pedestrian,-24.750876812988142,9.815544056713886,-1.5064667737968338,-0.0414706804909258,-0.065421055573354,0.0759072823153408
P45,12949,1296196.196196196,pedestrian,-24.85820365184972,9.78630474998094,-1.4856654795646047,-0.0750823848855039,0.0406529512914855,-0.0839216517376811
P45,12950,1296296.2962962964,pedestrian,-25.00104464321505,9.725266608322148,-1.4647510727180155,-0.1260994930207733,0.1059847431176462,-0.249205598065284
P45,12951,1296396.3963963964,pedestrian,-25.15055566737756,9.6677381117395,-1.4441414058173452,-0.180806783670722,0.1447709940532425,-0.3646336702151909
P45,12952,1296496.4964964965,pedestrian,-25.280834992742744,9.616541325011667,-1.420151152000087,-0.2277632088332616,0.1816105964146954,-0.405188373140245
P45,12953,1296596.5965965968,pedestrian,-25.38325547864803,9.58914353695765,-1.3948426223023696,-0.2583009321313208,0.2092608292718976,-0.3663203271342825
P45,12954,1296696.6966966968,pedestrian,-25.527211469002413,9.572719615997546,-1.3809383805748516,-0.272774047304179,0.1819460879460401,-0.2802369923798707
P45,12955,1296796.7967967968,pedestrian,-25.689515809112667,9.546066845765443,-1.3762520001063785,-0.2758622712242567,0.1294851550081755,-0.1834184792802768
P45,12956,1296896.896896897,pedestrian,-25.844923970157684,9.531462000963888,-1.3708401736594351,-0.2679731843946235,0.1002045995481531,-0.0816132455291754
P45,12957,1296996.996996997,pedestrian,-25.96214666995376,9.524872050350323,-1.355634066550054,-0.2530581361942277,0.1202777049394942,0.0079178151180498
P45,12958,1297097.0970970972,pedestrian,-26.057810257970228,9.512471046428567,-1.334743017114685,-0.2375256358038528,0.1546063400477598,0.0650851274156676
P45,12959,1297197.1971971972,pedestrian,-26.173390780636066,9.49014019192631,-1.3209255108498434,-0.2253353814504931,0.148173612887858,0.0870959193142622
P45,12960,1297297.2972972973,pedestrian,-26.333363379965288,9.463101095716953,-1.3208454992237135,-0.2163037296034094,0.090958768673571,0.0883111830165777
P45,12961,1297397.3973973976,pedestrian,-26.48133444969265,9.432370785401078,-1.3246825006384746,-0.2077931245818161,0.0407645964831253,0.0870338198166145
P45,12962,1297497.4974974976,pedestrian,-26.612390738707404,9.414032619682091,-1.326250139735131,-0.1946948693196597,0.0188587047956413,0.1040451020409658
P45,12963,1297597.5975975976,pedestrian,-26.7278225235898,9.401224558558017,-1.3254640630811427,-0.1752325938251979,0.0145859442774797,0.1391343347217338
P45,12964,1297697.6976976977,pedestrian,-26.860398907956377,9.406207185704526,-1.3288097472851117,-0.1483462177852655,-0.0040526268130084,0.1893945635790888
P45,12965,1297797.7977977977,pedestrian,-27.005015559745186,9.416011033362295,-1.3373848901925882,-0.118462227210579,-0.0357371070273103,0.2317683035152581
P45,12966,1297897.897897898,pedestrian,-27.16210077343077,9.41751829108046,-1.348220018945814,-0.091205985239831,-0.0638859078357797,0.2474999096206365
P45,12967,1297997.997997998,pedestrian,-27.30949128839048,9.418755801619197,-1.35329427188611,-0.0685810915364869,-0.0587635792338307,0.2391618485691305
P45,12968,1298098.098098098,pedestrian,-27.424406687257456,9.413545564452418,-1.347094818029988,-0.0520155094261034,-0.0119059518048163,0.2105604304426631
P45,12969,1298198.1981981983,pedestrian,-27.532107809620104,9.418791594408678,-1.3357158181462006,-0.0401694813794162,0.0368485726688092,0.174758573971876
P45,12970,1298298.2982982984,pedestrian,-27.64598265501565,9.41151443368866,-1.3285388820913675,-0.0356991151921859,0.050377941151992,0.1242502464504282
P45,12971,1298398.3983983984,pedestrian,-27.80464726931749,9.39893831662836,-1.3338847723949872,-0.0370201520388312,0.0100863139662597,0.0708893007991068
P45,12972,1298498.4984984985,pedestrian,-27.96612220410918,9.3890504619408,-1.3438000239950083,-0.0406931671122898,-0.0322847763862399,0.029122664553057
P45,12973,1298598.5985985985,pedestrian,-28.098276100899348,9.378277838988735,-1.3483294959411132,-0.0443400559786235,-0.037318017272461,0.0036723382739047
P45,12974,1298698.6986986988,pedestrian,-28.218528062360228,9.36945890161294,-1.3479029014355703,-0.0451976309953185,-0.0211756104647631,-0.0010793845660588
P45,12975,1298798.7987987988,pedestrian,-28.34907958301225,9.370407403459314,-1.3478520460942245,-0.0408563405346458,-0.0127574060096796,0.0161769185165738
P45,12976,1298898.8988988989,pedestrian,-28.49679001787021,9.380983210805844,-1.350263785409452,-0.0321140128407985,-0.0171583092613495,0.0438028171892451
P45,12977,1298998.9989989991,pedestrian,-28.64063795796349,9.38244056123465,-1.3506462554486396,-0.0232843212046472,-0.0119803426770558,0.0610423977296412
P45,12978,1299099.0990990992,pedestrian,-28.770331681903865,9.38385347882971,-1.3451026357011258,-0.0152205019557362,0.0141711311827112,0.0686187300173916
P45,12979,1299199.1991991992,pedestrian,-28.892155338388385,9.396401442344072,-1.3342820553034307,-0.0084896902107823,0.0506360256400125,0.068083782478427
P45,12980,1299299.2992992993,pedestrian,-29.01612285381054,9.401854422443323,-1.3213868777922844,-0.0081356882665157,0.0809903380858007,0.0430247052147683
P45,12981,1299399.3993993993,pedestrian,-29.15167151723168,9.386010517806524,-1.3085033950333438,-0.017587227306802,0.0995148963650164,-0.0103355321837926
P45,12982,1299499.4994994996,pedestrian,-29.287620100478147,9.365234925049856,-1.292547236625088,-0.0331223072698986,0.1227647619650293,-0.0665742233739319
P45,12983,1299599.5995995996,pedestrian,-29.39825921488468,9.347136383409657,-1.2686426825448314,-0.0494730081965968,0.167815424391697,-0.1041427773106213
P45,12984,1299699.6996996996,pedestrian,-29.49396787469256,9.33492631363196,-1.239900510002493,-0.0625198781687323,0.2141383670093253,-0.1143125887114078
P45,12985,1299799.7997998,pedestrian,-29.589222762519416,9.329198143410874,-1.214581760316242,-0.0704332464703074,0.2292000422615353,-0.1006244268342234
P45,12986,1299899.8998999,pedestrian,-29.701463308748064,9.323561296806464,-1.2016383481796016,-0.0739090152322263,0.1904178577061542,-0.0750396134569394
P45,12987,1300000.0,pedestrian,-29.84184105821266,9.32354850800242,-1.2047095040275295,-0.0736961176937741,0.1045811261946412,-0.0450814248352819
P45,12988,1300100.1001001,pedestrian,-29.99367714459572,9.315657586074876,-1.217560043531814,-0.0726890894512898,0.0141402767420823,-0.0236738915060112
P45,12989,1300200.2002002,pedestrian,-30.125010027864118,9.30857217672227,-1.2294343832128949,-0.0708056540182304,-0.0374028007408006,-0.0071783077275359
P45,12990,1300300.3003003004,pedestrian,-30.241817726020763,9.300153325498805,-1.2369903301697371,-0.0679856909026579,-0.0521869577314213,0.0065454546179038
P45,12991,1300400.4004004004,pedestrian,-30.36167731803481,9.298861216833371,-1.2428050681103764,-0.0633042934656416,-0.0544783865069568,0.0221606513040033
P45,12992,1300500.5005005004,pedestrian,-30.50730588890571,9.30096222854514,-1.24905751241138,-0.0582226530148232,-0.0575778180441519,0.0332658917626487
P45,12993,1300600.6006006007,pedestrian,-30.64601206185946,9.285843480381589,-1.247951264031173,-0.0555800119229679,-0.0309340183758968,0.0306003535876245
P45,12994,1300700.7007007007,pedestrian,-30.75129721266229,9.276215749052676,-1.2325568128073596,-0.0515429362115618,0.0407812579643598,0.0343778257886838
P45,12995,1300800.8008008008,pedestrian,-30.836815211522904,9.273143986824758,-1.2069501707727015,-0.043522796254785,0.1242615967948586,0.0521366886458705
P45,12996,1300900.9009009008,pedestrian,-30.91790722148413,9.268992490043772,-1.1822897998923252,-0.0305768618671797,0.171662504830028,0.0821052569420447
P45,12997,1301001.0010010009,pedestrian,-31.041252768372612,9.274701942727464,-1.1723392805096895,-0.0102243588038809,0.1436103778748463,0.1291648116718797
P45,12998,1301101.1011011011,pedestrian,-31.18135421609581,9.305600907611534,-1.1760033631985942,0.0178354630163797,0.0736460189012169,0.1878465802793636
P45,12999,1301201.2012012012,pedestrian,-31.328798590043142,9.348659321485826,-1.1858564871061792,0.0453232602182987,0.0068402206005287,0.2215278973713237
P45,13000,1301301.3013013012,pedestrian,-31.441046329985696,9.362105153168567,-1.1910101163196578,0.0586831944825955,-0.0158031745827019,0.1873396940163042
P45,13001,1301401.4014014015,pedestrian,-31.537157025092117,9.354933349424206,-1.1934682926330675,0.054034527419605,-0.0192017260649547,0.0965797745837528
P45,13002,1301501.5015015015,pedestrian,-31.6486740237866,9.33418887397358,-1.2026103344218055,0.0340777751798442,-0.0472035600904202,-0.0183154521335265
P45,13003,1301601.6016016016,pedestrian,-31.810138327204857,9.30258985608286,-1.2241245861580257,0.0055867424533085,-0.11231865915648,-0.1217044655894781
P45,13004,1301701.7017017016,pedestrian,-31.95528502203604,9.276456082983657,-1.2457168708591548,-0.0211338632811224,-0.1524568895449807,-0.1780885361899299
P45,13005,1301801.8018018017,pedestrian,-32.08816313363123,9.2688821143901,-1.2606463778484849,-0.0377180457810493,-0.1511714217452513,-0.1732696342322031
P45,13006,1301901.901901902,pedestrian,-32.18611186203293,9.267581974468753,-1.2665191119878585,-0.0424910229746018,-0.1152592318416788,-0.1245130011268241
P45,13007,1302002.002002002,pedestrian,-32.3124379045418,9.272920645613196,-1.2748836796376652,-0.0357401420400956,-0.1029534874990335,-0.0499909460017724
P45,13008,1302102.102102102,pedestrian,-32.46192522427009,9.286971170377088,-1.2881362147565545,-0.0194529358835922,-0.1143826660874675,0.0325852249198546
P45,13009,1302202.2022022023,pedestrian,-32.624205726586666,9.30788914803106,-1.300167932242713,0.0019866774351297,-0.1166398986845756,0.1030860950257592
P45,13010,1302302.3023023023,pedestrian,-32.72706340172846,9.319686823983504,-1.2987329732286803,0.0221575021474478,-0.0657916683426288,0.1412956776114004
P45,13011,1302402.4024024024,pedestrian,-32.829306093882,9.32742043505826,-1.2931288573268165,0.0384247213599074,-0.0185144971841006,0.1495314874534967
P45,13012,1302502.5025025024,pedestrian,-32.9453178014367,9.336270025067163,-1.294140440359291,0.0501281558769761,-0.0152499714000616,0.1368697474066323
P45,13013,1302602.6026026024,pedestrian,-33.07153583925358,9.340329907865604,-1.3090778660568283,0.0563841429676879,-0.0672627975788209,0.1079962772370265
P45,13014,1302702.7027027027,pedestrian,-33.22705433669464,9.34208255162109,-1.3437290812800498,0.0580602988561605,-0.175540720101988,0.0725698879491281
P45,13015,1302802.8028028028,pedestrian,-33.41127290038959,9.336526598023635,-1.3955700588636093,0.0568289458180207,-0.3084508632412338,0.0396205396112126
P45,13016,1302902.902902903,pedestrian,-33.60390447153743,9.3293805543852,-1.453282330616195,0.0573176503848054,-0.4125327733184704,0.0261341237268169
P45,13017,1303003.003003003,pedestrian,-33.78444326887632,9.327023030465242,-1.50330502676028,0.0656438375143903,-0.4463839197836865,0.0482803964121793
P45,13018,1303103.103103103,pedestrian,-33.91860859812958,9.340901019041956,-1.53681831921985,0.0878070833734487,-0.403063048522277,0.1154944953704089
P45,13019,1303203.2032032034,pedestrian,-34.092097079354126,9.385515873950125,-1.5634757819841132,0.1259953782421774,-0.3499709155221181,0.2187657225787162
P45,13020,1303303.3033033034,pedestrian,-34.27805078993489,9.44291926365097,-1.5791399477828103,0.1728281275143974,-0.2748542511873972,0.3154707982333529
P45,13021,1303403.4034034037,pedestrian,-34.44904731953886,9.498326906241433,-1.5733392977880007,0.2171226681905277,-0.145650871702319,0.3647880603095463
P45,13022,1303503.5035035035,pedestrian,-34.55919747031178,9.531598127535275,-1.5378314394839674,0.2486404340799642,0.0486085250414144,0.3454055472651177
P45,13023,1303603.6036036038,pedestrian,-34.67408015779944,9.559716189046387,-1.484233476222927,0.265376131958388,0.2376116050800531,0.2762171159237073
P45,13024,1303703.7037037038,pedestrian,-34.7889326926542,9.583951929903703,-1.420169672615848,0.2670085909363261,0.3938290796788876,0.1753131948646899
P45,13025,1303803.803803804,pedestrian,-34.89653559682764,9.60337617623799,-1.3502692862706485,0.2536716229005317,0.5120351352772677,0.0555256044763678
P45,13026,1303903.903903904,pedestrian,-34.981882065431776,9.61345064474987,-1.278728628862683,0.2255492682448714,0.5907119029992675,-0.07510070200795
P45,13027,1304004.0040040042,pedestrian,-35.10412469109595,9.619897775199965,-1.2158947213991578,0.1840077473784347,0.6050758897180768,-0.2070590827810722
P45,13028,1304104.1041041042,pedestrian,-35.22061386732329,9.627468638172893,-1.156031237209274,0.1288662570501081,0.6023428870461249,-0.3405336162735265
P45,13029,1304204.2042042045,pedestrian,-35.30741120869246,9.606685139589318,-1.0920197568019163,0.0554849889314966,0.6167584963250861,-0.4929307163775585
P45,13030,1304304.3043043043,pedestrian,-35.376989528136804,9.55711755050089,-1.024751454266967,-0.0348683109517325,0.6382088158940699,-0.6519872862339214
P45,13031,1304404.4044044046,pedestrian,-35.43605256136039,9.49823200983248,-0.9594448362024746,-0.1343550920207946,0.6437233238362913,-0.7847169074529812
P45,13032,1304504.5045045046,pedestrian,-35.49941268223182,9.44441123947589,-0.9040234212541758,-0.2353801003919669,0.6087581850265713,-0.8718830180133393
P45,13033,1304604.604604605,pedestrian,-35.56271235572845,9.373348411887736,-0.8643801301203964,-0.3362007177445918,0.5261736395996199,-0.9244160846160392
P45,13034,1304704.704704705,pedestrian,-35.6590004239277,9.284446084954096,-0.8469751160403369,-0.4324467332674091,0.3894018291472068,-0.938812208040526
P45,13035,1304804.804804805,pedestrian,-35.76835964497828,9.191684585572036,-0.846749210707964,-0.5156358725467565,0.2391012452030168,-0.8969795787400117
P45,13036,1304904.904904905,pedestrian,-35.87305315855816,9.110191352113937,-0.8538799676989232,-0.5769060024244141,0.1186195021831298,-0.7863768924424337
P45,13037,1305005.005005005,pedestrian,-35.94687897859291,9.066679132354327,-0.8601846855132675,-0.6115123876566941,0.0481158674993443,-0.6153006427666896
P45,13038,1305105.105105105,pedestrian,-36.035511386933386,9.039876888875089,-0.8698211122152866,-0.6290046425390363,-0.0079379702772976,-0.4442655792324079
P45,13039,1305205.2052052054,pedestrian,-36.14040296437645,8.950476817965491,-0.8828223168020679,-0.6466373825555166,-0.0552800832017742,-0.3401759919829226
P45,13040,1305305.3053053054,pedestrian,-36.24218947927363,8.84806333662434,-0.8935944912662535,-0.658629802425613,-0.0755975895307077,-0.2546214973148779
P45,13041,1305405.4054054054,pedestrian,-36.31328780090477,8.789709586297631,-0.8973748324250194,-0.6518830350095876,-0.0609101510332027,-0.1296036209022538
P45,13042,1305505.5055055055,pedestrian,-36.397794359787454,8.746103791051366,-0.9012244461303508,-0.6270650328739844,-0.052193455537772,0.0169662568488767
P45,13043,1305605.6056056058,pedestrian,-36.47481786741212,8.713132206707044,-0.9082089399049006,-0.5883558042237017,-0.0590191412894017,0.1605093045103709
P45,13044,1305705.7057057058,pedestrian,-36.55632382815191,8.68534141911209,-0.9255304802431472,-0.5418992983658113,-0.1032860928364068,0.2783719370584738
P45,13045,1305805.8058058058,pedestrian,-36.67758262443856,8.657984451496462,-0.9612858024585496,-0.4938952691901524,-0.201860926860338,0.3564788954691519
P45,13046,1305905.905905906,pedestrian,-36.83838820807038,8.620167599854303,-1.0113398454517968,-0.4490194985490749,-0.3176223810121582,0.3921299031832781
P45,13047,1306006.0060060062,pedestrian,-36.98301481653549,8.591570644094215,-1.057612549552038,-0.4061879831308019,-0.3737764448037992,0.4060117506911741
P45,13048,1306106.1061061062,pedestrian,-37.09900151806614,8.564578590366724,-1.0875601655064149,-0.3659052738214161,-0.3448147206607329,0.4046189883016705
P45,13049,1306206.2062062062,pedestrian,-37.188803323030896,8.549018649732568,-1.0989361196248784,-0.3277507563944822,-0.2550684411169114,0.3955129586027626
P45,13050,1306306.3063063065,pedestrian,-37.2783018681452,8.545885461754427,-1.0994539107137171,-0.2944799326565224,-0.1580519034504714,0.3710012338955746
P45,13051,1306406.4064064063,pedestrian,-37.39665194465054,8.540850215540427,-1.0975033756544887,-0.2735167629237253,-0.0891267593915784,0.3082716593030351
P45,13052,1306506.5065065066,pedestrian,-37.52123007171443,8.499821863280754,-1.090281422824198,-0.2729325704719448,-0.0265156332327576,0.190857667930427
P45,13053,1306606.6066066066,pedestrian,-37.6268223166354,8.443468100622093,-1.0706720280675603,-0.2888441492304064,0.0598315336926595,0.0550499090893006
P45,13054,1306706.706706707,pedestrian,-37.71393162270785,8.400263411496557,-1.0360843289979218,-0.3124065284561776,0.170748140752421,-0.0577063159001245
P45,13055,1306806.806806807,pedestrian,-37.762513031807416,8.349948025432116,-0.9883174817387128,-0.3407444593552355,0.2897177957917556,-0.1452088989491088
P45,13056,1306906.906906907,pedestrian,-37.80154303838888,8.306001770030607,-0.9422044850070024,-0.3697117623027301,0.356085795009971,-0.2011814756307023
P45,13057,1307007.007007007,pedestrian,-37.881036670806935,8.252568509297756,-0.9169612533460458,-0.3988892612022632,0.3157466000077935,-0.2362391485603116
P45,13058,1307107.1071071073,pedestrian,-38.01939766565759,8.19137535823376,-0.9183284629196578,-0.4255139439063923,0.1878623113090485,-0.2477856082646069
P45,13059,1307207.207207207,pedestrian,-38.163882199164,8.134158137935808,-0.9301519080090078,-0.4442903934837049,0.0690728467609829,-0.2244108299397655
P45,13060,1307307.3073073074,pedestrian,-38.24920091389799,8.09883473409012,-0.9321313819142836,-0.4509991399149467,0.0345796370393948,-0.1633074323088363
P45,13061,1307407.4074074074,pedestrian,-38.32006155389304,8.065471008905014,-0.9249006915355388,-0.4492501997819864,0.0491983508110679,-0.0931238097485424
P45,13062,1307507.5075075077,pedestrian,-38.38609264383409,8.027947713558572,-0.9149173321347144,-0.4433544798376553,0.0688176172072698,-0.0341045763128761
P45,13063,1307607.6076076075,pedestrian,-38.47631805499033,7.9866924307604785,-0.9114382594445188,-0.4358354548288551,0.0555939152659749,0.0082975562544693
P45,13064,1307707.7077077078,pedestrian,-38.579032827474094,7.94370237822002,-0.9156023780786502,-0.4273348062253509,0.0178606821341759,0.0380451169300922
P45,13065,1307807.8078078078,pedestrian,-38.686798438170975,7.900530557676814,-0.9241628436331336,-0.4171553670181132,-0.0222742358981985,0.0627548578838351
P45,13066,1307907.907907908,pedestrian,-38.793284644207,7.859107808826239,-0.9318931657041272,-0.4036254042282651,-0.0436080232073268,0.0908662494859019
P45,13067,1308008.008008008,pedestrian,-38.88954204488847,7.823133065188262,-0.9335806364871244,-0.3845292884893497,-0.033222847554227,0.1296517695921091
P45,13068,1308108.1081081082,pedestrian,-38.957162702189045,7.801127670150872,-0.9271546265541714,-0.3581858688646769,0.0045978247822661,0.1814875952550143
P45,13069,1308208.2082082082,pedestrian,-39.03891035892071,7.780002388707814,-0.9213756345704562,-0.3266656253481107,0.0252260554705605,0.2332770839588758
P45,13070,1308308.3083083085,pedestrian,-39.13816385561149,7.766411031240389,-0.9205053362578836,-0.290907546630793,0.0188079556330739,0.2813964524129837
P45,13071,1308408.4084084083,pedestrian,-39.24293213408784,7.75653163163071,-0.9224131397801456,-0.2531042666533104,0.00410695575872,0.3187666356384155
P45,13072,1308508.5085085086,pedestrian,-39.34100734528338,7.748070479639566,-0.9224341741977676,-0.215412965603289,0.0024309402400451,0.3411943644433444
P45,13073,1308608.6086086086,pedestrian,-39.4119887177486,7.739262334138484,-0.9177205869330828,-0.1791683660344586,0.0197683520420094,0.3493041332850985
P46,13655,1366866.866866867,pedestrian,-11.383436540606336,12.730843767803805,-1.4196739592365797,-1.6008723255339772,-0.708086158596044,0.1257586232650007
P46,13656,1366966.966966967,pedestrian,-11.54596386129896,12.563832536360549,-1.4901263246563825,-1.5850283472884037,-0.7046725361542714,0.1517767987916241
P46,13657,1367067.0670670671,pedestrian,-11.755114085453464,12.405101698596516,-1.5590739653704315,-1.557715557778156,-0.693591029524783,0.2362385661673336
P46,13658,1367167.1671671672,pedestrian,-11.962130304523836,12.268670476499867,-1.6145209621580832,-1.5054010364470949,-0.6116713829397482,0.4042023819798337
P46,13659,1367267.2672672677,pedestrian,-12.091621243531762,12.188332182663933,-1.632392971054402,-1.4163726674141504,-0.3928668818488096,0.6493065692604572
P46,13660,1367367.3673673675,pedestrian,-12.223884174047798,12.11043482849974,-1.6119297270305664,-1.3000346626915098,-0.1240425870431204,0.8801519086911861
P46,13661,1367467.4674674675,pedestrian,-12.325731541249809,12.050943369041754,-1.5631670811270568,-1.1715700657513644,0.1297936129921555,1.0476130624023734
P46,13662,1367567.5675675676,pedestrian,-12.469352314394833,11.965501277105073,-1.5094810459010497,-1.0478891479776322,0.2906589251630218,1.1219892252100094
P46,13663,1367667.6676676678,pedestrian,-12.571136754896354,11.910868787171706,-1.4534031830046283,-0.9270222691164116,0.3948515742936561,1.15502630208537
P46,13664,1367767.767767768,pedestrian,-12.696472815746093,11.85284854428208,-1.4092931425150963,-0.8118310857060049,0.4124281562586984,1.1533892776312575
P46,13665,1367867.867867868,pedestrian,-12.824901657828091,11.803031229796373,-1.3809323899583787,-0.698834927220876,0.362848144140255,1.1439583804134528
P46,13666,1367967.967967968,pedestrian,-12.931144624983096,11.782816833898243,-1.3709225088552768,-0.5827264671593987,0.2615409184467423,1.1501116506857614
P46,13667,1368068.0680680682,pedestrian,-13.088209615278563,11.782807112202144,-1.392667352113871,-0.4646095253748628,0.0763636032270838,1.1616671912838412
P46,13668,1368168.1681681685,pedestrian,-13.272487428577074,11.79304288553478,-1.4443983906384743,-0.3491197523001154,-0.1536082109138696,1.158594851185664
P46,13669,1368268.2682682683,pedestrian,-13.47090184582716,11.808166346545226,-1.5176097045674837,-0.241350264522284,-0.377901907270158,1.126770795512845
P46,13670,1368368.3683683684,pedestrian,-13.676304023381755,11.825369777155323,-1.601811523028118,-0.1453965446905484,-0.5578333697536946,1.0614461286371362
P46,13671,1368468.4684684686,pedestrian,-13.88482731698046,11.843234670386698,-1.687060110787758,-0.0638467394786646,-0.6719480125835957,0.965600876525898
P46,13672,1368568.568568569,pedestrian,-14.094336718749434,11.86107354097732,-1.7650222579056185,0.0021725065846557,-0.7134614206871912,0.8467357352965471
P46,13673,1368668.6686686687,pedestrian,-14.303435970266351,11.878546495709728,-1.8290732152043057,0.0526554203229648,-0.6848852580935771,0.7137762137394759
P46,13674,1368768.7687687688,pedestrian,-14.51062168328036,11.895405865891926,-1.873813216741376,0.0882551198919863,-0.5925056048953635,0.5747267475411089
P46,13675,1368868.868868869,pedestrian,-14.713098100010544,11.91124539879235,-1.89435095164808,0.1098098686938157,-0.4421294173074039,0.4351973695372929
P46,13676,1368968.968968969,pedestrian,-14.904358318713571,11.92508626151869,-1.8858346000865829,0.117944123106562,-0.23745514880686,0.2977911504419698
P46,13677,1369069.069069069,pedestrian,-15.068507045329028,11.93446496725013,-1.844278611410212,0.1128884503568411,0.0158974251735675,0.1625749479664694
P46,13678,1369169.1691691692,pedestrian,-15.166445631691056,11.93324376912854,-1.7713916114452322,0.0948970426766366,0.2924060682108347,0.0296830359681496
P46,13679,1369269.2692692694,pedestrian,-15.255735162728044,11.917976058430822,-1.6904920758912827,0.0663031401160185,0.4926445076257911,-0.0927381074004117
P46,13680,1369369.3693693697,pedestrian,-15.366024025728914,11.9047438254016,-1.6276110416710865,0.0330828195988078,0.5452635439794292,-0.1855757843647898
P46,13681,1369469.4694694695,pedestrian,-15.544020430564116,11.876721799163157,-1.6021060325240628,-0.0009290755266958,0.4324956647287261,-0.2454416580632587
P46,13682,1369569.5695695695,pedestrian,-15.751952720850165,11.861264380685476,-1.6092475400336352,-0.0271251857901839,0.236891036130559,-0.251753271428242
P46,13683,1369669.6696696698,pedestrian,-15.944497006211744,11.861677111547264,-1.6332590254650314,-0.0415522565051991,0.0517970264593747,-0.2099694785144655
P46,13684,1369769.76976977,pedestrian,-16.12201028605368,11.856557823982932,-1.6646125366431177,-0.0462204911701316,-0.0899135536191374,-0.1465586568193223
P46,13685,1369869.86986987,pedestrian,-16.295382132744535,11.855783457773407,-1.7011220677972212,-0.0407454349131975,-0.1966051568719143,-0.0684259783387372
P46,13686,1369969.96996997,pedestrian,-16.49012380942135,11.86095512422689,-1.7447844805449164,-0.0253156812973783,-0.2896177809086733,0.0179816689845901
P46,13687,1370070.0700700702,pedestrian,-16.704639231400122,11.876745421263536,-1.792130598914191,-0.0009525145082804,-0.3608071527855894,0.1054907643178742
P46,13688,1370170.1701701705,pedestrian,-16.913790836934552,11.896817280951147,-1.833586854299122,0.0287615911921169,-0.3815155656942093,0.1797794366747534
P46,13689,1370270.2702702703,pedestrian,-17.10164076337932,11.915911059219772,-1.861821841618396,0.0598592407546445,-0.342907041466113,0.2305930913723733
P46,13690,1370370.3703703703,pedestrian,-17.308053412843872,11.94788867013207,-1.8776327773445365,0.0898931746327949,-0.2711020060414867,0.257553943979653
P46,13691,1370470.4704704706,pedestrian,-17.50208274216662,11.979134378539984,-1.8741077459028277,0.1121490057122028,-0.1521811124976863,0.2438812524780865
P46,13692,1370570.5705705706,pedestrian,-17.634561509133363,11.991430761418256,-1.8464814680366717,0.1196007569914809,0.0140455930939935,0.1781005595243437
P46,13693,1370670.6706706707,pedestrian,-17.78772754462563,11.988041915328733,-1.811540306206057,0.1112133026815135,0.1441084579983653,0.0764270244356528
P46,13694,1370770.7707707707,pedestrian,-17.9766164533432,11.974689171841502,-1.7779887241550616,0.0907576526284812,0.2182879192059136,-0.0325792627797113
P46,13695,1370870.870870871,pedestrian,-18.16120147130877,11.958758527136284,-1.739080235528225,0.0648158436717029,0.2844450487316268,-0.1205437577179694
P46,13696,1370970.970970971,pedestrian,-18.28546224679073,11.947899418904674,-1.6859056320746242,0.0402755479988177,0.3802478036168485,-0.1689223358982462
P46,13697,1371071.071071071,pedestrian,-18.425301301782188,11.936772466303276,-1.62943380489622,0.0217033357390647,0.4516451847996399,-0.1753723827415438
P46,13698,1371171.1711711711,pedestrian,-18.587781187708792,11.952764714118942,-1.5732531921679478,0.013820627462041,0.4941946500405391,-0.1378601808007113
P46,13699,1371271.2712712714,pedestrian,-18.68827771959337,11.963204030847628,-1.5093466182471569,0.0110921365076828,0.5501895754524402,-0.0949211598002671
P46,13700,1371371.3713713714,pedestrian,-18.78500057815129,11.973065307375904,-1.45046534798073,0.0094767696057653,0.5649555653689319,-0.0643351346661873
P46,13701,1371471.4714714717,pedestrian,-18.9049612355622,11.976840895720825,-1.4110062002057469,0.0046236290457134,0.4986622466654379,-0.0581808415951065
P46,13702,1371571.5715715715,pedestrian,-19.07743782451688,11.968369749258915,-1.3978089278181485,-0.0063027936871058,0.3562518319381355,-0.0779704282817765
P46,13703,1371671.6716716718,pedestrian,-19.25093959503647,11.952966689178131,-1.3983144705309836,-0.0222860482241319,0.2159841614457359,-0.1096895515291094
P46,13704,1371771.7717717718,pedestrian,-19.40014747046612,11.932798295511343,-1.3985158559029551,-0.040219341330848,0.1313519865708833,-0.136657446832613
P46,13705,1371871.871871872,pedestrian,-19.5259236493372,11.924810895713408,-1.392647961805208,-0.0554143933198109,0.1031154868516492,-0.1425356561698097
P46,13706,1371971.971971972,pedestrian,-19.6448358432163,11.92454034333087,-1.3837039944069385,-0.0679928067138717,0.0977714289174256,-0.1359834114727392
P46,13707,1372072.0720720722,pedestrian,-19.78900002551447,11.92316321104082,-1.377958661519106,-0.0818017524572478,0.0820965042727044,-0.1367474275003757
P46,13708,1372172.1721721722,pedestrian,-19.935607641866778,11.92105635963892,-1.3724628101839789,-0.1016452272545795,0.0715394369955286,-0.1606191411941727
P46,13709,1372272.2722722725,pedestrian,-20.067535508474915,11.8968340847851,-1.3625090407330538,-0.1341486704451985,0.0823705041728864,-0.2243235907329537
P46,13710,1372372.3723723723,pedestrian,-20.19398568536688,11.853701944505492,-1.347982027879826,-0.1802130889679688,0.1067335083089299,-0.3158910527098356
P46,13711,1372472.4724724726,pedestrian,-20.317605357874847,11.800707868116431,-1.3301553020764585,-0.2360284825934295,0.1344357121762447,-0.409727622288532
P46,13712,1372572.5725725726,pedestrian,-20.439830999928503,11.74279352864616,-1.3106874542066898,-0.2963110635691508,0.1577480677135745,-0.4844597321116687
P46,13713,1372672.672672673,pedestrian,-20.561420208033876,11.68260069798229,-1.291072834689628,-0.3560471826729185,0.1725791505745805,-0.5280593393603178
P46,13714,1372772.7727727727,pedestrian,-20.68275060518488,11.621502498019854,-1.2723767351293762,-0.4112802740762531,0.1780900035285885,-0.5372678164594127
P46,13715,1372872.872872873,pedestrian,-20.803979719810187,11.560191416452748,-1.255134124206878,-0.4593134461471626,0.1758241799040841,-0.5149771455235708
P46,13716,1372972.972972973,pedestrian,-20.92511292632959,11.499021286369103,-1.2393274795174931,-0.4985794364687877,0.1688687629991759,-0.4673377125037315
P46,13717,1373073.073073073,pedestrian,-21.045988527655627,11.438228578856378,-1.224388456442162,-0.528342244940356,0.1612486518158168,-0.4013361174153273
P46,13718,1373173.173173173,pedestrian,-21.16614061161038,11.378133095314595,-1.2091986654518143,-0.5483370998552693,0.1575594599480997,-0.323074177409184
P46,13719,1373273.2732732734,pedestrian,-21.2844073811594,11.319444206248637,-1.1921155783453157,-0.558432230414625,0.1626454734148151,-0.2368006432747261
P46,13720,1373373.3733733734,pedestrian,-21.39793935892426,11.26391404587076,-1.1711667627038036,-0.5584303334490217,0.1807497903627269,-0.1448606206599288
P46,13721,1373473.4734734737,pedestrian,-21.49974621100044,11.215892068689982,-1.14485503557427,-0.5482871544122367,0.2126250120263313,-0.0492823628812909
P46,13722,1373573.5735735735,pedestrian,-21.572658160156344,11.186121969109267,-1.114788963251565,-0.5294865952374216,0.2466862245725199,0.0427665014541217
P46,13723,1373673.6736736738,pedestrian,-21.66427298237158,11.156719733097155,-1.0933218041523387,-0.5095259248676302,0.2341739024426612,0.103578783307443
P46,13724,1373773.7737737738,pedestrian,-21.76846010305043,11.10515998337926,-1.086869236092931,-0.4960465547040921,0.1682866437709197,0.1156449612499755
P46,13725,1373873.8738738738,pedestrian,-21.894669912701502,11.041066235052174,-1.0984221790856774,-0.4882910265103412,0.0581461185736842,0.1008273680218995
P46,13726,1373973.973973974,pedestrian,-22.05038272413285,10.991443174322956,-1.1241679558017108,-0.479889869106354,-0.0642802281395456,0.0942663885057129
P46,13727,1374074.0740740742,pedestrian,-22.15422813282563,10.956508514157816,-1.1496922443319968,-0.4688550286798337,-0.1383182065359174,0.1004670386853456
P46,13728,1374174.1741741742,pedestrian,-22.266644513168096,10.914173044942585,-1.1811482500574666,-0.4583852625498497,-0.2066181255225073,0.1020688387186909
P46,13729,1374274.2742742742,pedestrian,-22.41296914587484,10.86463911895517,-1.2246485751266096,-0.4488292474109126,-0.2951147697978535,0.0995048842224685
P46,13730,1374374.3743743745,pedestrian,-22.577273372779047,10.818020136094749,-1.2763645116767488,-0.4372297350956411,-0.3811179470098804,0.1058618258958493
P46,13731,1374474.4744744746,pedestrian,-22.74000468013187,10.783678411960588,-1.3273460122959773,-0.4206519424806541,-0.430883838131309,0.1290585804134179
P46,13732,1374574.5745745746,pedestrian,-22.9029517201596,10.74909419784342,-1.370160053480514,-0.3997011350997894,-0.4296525467966614,0.1602099980037805
P46,13733,1374674.6746746746,pedestrian,-23.032992345168505,10.73091311847737,-1.3975479019171284,-0.3737762972336437,-0.3690703501264663,0.198558833519031
P46,13734,1374774.774774775,pedestrian,-23.157324012993016,10.716087782271178,-1.4149320225696616,-0.3474515606382661,-0.2932094192730589,0.2235705399708304
P46,13735,1374874.874874875,pedestrian,-23.30882216947676,10.686278744558694,-1.4311477662363257,-0.3262697211901055,-0.2422684020997757,0.2189257929225302
P46,13736,1374974.974974975,pedestrian,-23.46765628153025,10.652445020183755,-1.445629331650094,-0.3098401511886529,-0.2043782847495233,0.1976530711704073
P46,13737,1375075.075075075,pedestrian,-23.616640607117294,10.624548847610855,-1.454725338421413,-0.2955379196666723,-0.1603108318188862,0.1763883509324166
P46,13738,1375175.175175175,pedestrian,-23.75733414173246,10.602946351527336,-1.4579385723783234,-0.2823003765520009,-0.1105358637639271,0.1592499065466003
P46,13739,1375275.275275275,pedestrian,-23.889456630085228,10.578821778569257,-1.4576561858152215,-0.2711262678238684,-0.0665275269384687,0.1407622665565477
P46,13740,1375375.3753753754,pedestrian,-24.04054017575364,10.55483448991231,-1.459799866291526,-0.2619409891462297,-0.0490137188642836,0.1217385719837946
P46,13741,1375475.4754754754,pedestrian,-24.20122329315472,10.536164016890604,-1.4634907822322591,-0.2545607340006938,-0.0443000594896774,0.1030998092620645
P46,13742,1375575.5755755757,pedestrian,-24.35577285601685,10.511338395582875,-1.4637104835252286,-0.2509032168635428,-0.0279536204913436,0.0772588755292464
P46,13743,1375675.6756756755,pedestrian,-24.47960877837282,10.49137765731107,-1.456727449646328,-0.2508892123818889,0.0099817507944799,0.0473191235142961
P46,13744,1375775.7757757758,pedestrian,-24.59320203287333,10.47228216519622,-1.4500999427433872,-0.2568109977829508,0.0318106693132962,0.005981464461795
P46,13745,1375875.8758758758,pedestrian,-24.747425053464926,10.432700226000009,-1.456744960344687,-0.2725575125530565,-0.0063111548134948,-0.0574119719435967
P46,13746,1375975.975975976,pedestrian,-24.921160929809663,10.383036316021244,-1.4760703561978308,-0.2957109367757176,-0.0788125789608709,-0.1249212431853996
P46,13747,1376076.076076076,pedestrian,-25.099272296479548,10.330265647162678,-1.5008203069713064,-0.3209010777170908,-0.1442054996940134,-0.1741207175130985
P46,13748,1376176.1761761762,pedestrian,-25.265074043096337,10.281199392597925,-1.5221676242934756,-0.3419817117959418,-0.1710142811636676,-0.1882812666372159
P46,13749,1376276.2762762762,pedestrian,-25.3888424685253,10.24692927170304,-1.535794904894083,-0.3541414989277172,-0.1574737591025863,-0.1623456906064988
P46,13750,1376376.3763763765,pedestrian,-25.550632446515117,10.206651151837365,-1.5544823209694052,-0.35797406289256,-0.168815271572702,-0.114182741928262
P46,13751,1376476.4764764763,pedestrian,-25.740975684184363,10.1767819303109,-1.5788253097333245,-0.3513212089742882,-0.1976882563828013,-0.044051371635382
P46,13752,1376576.5765765766,pedestrian,-25.968210805906534,10.164677770807025,-1.59896084603942,-0.3348050829632422,-0.1990337584544714,0.037106732060975
P46,13753,1376676.6766766766,pedestrian,-26.09985707720644,10.152639408754435,-1.5883759410649283,-0.3149363396133944,-0.0807107766099472,0.0997597658280488
P46,13754,1376776.7767767766,pedestrian,-26.204707504061464,10.130220906256184,-1.5529982847773112,-0.2980404682505764,0.0878320746186625,0.1265591478029829
P46,13755,1376876.876876877,pedestrian,-26.31489885673004,10.107098491403269,-1.5078248991431322,-0.2863779053529195,0.2289335986154902,0.1226573992480795
P46,13756,1376976.976976977,pedestrian,-26.440519404721456,10.070198989162702,-1.4652392043425044,-0.2818944651093135,0.3052194480959499,0.0924269185556839
P46,13757,1377077.077077077,pedestrian,-26.57912853881747,10.03540879004508,-1.431030891785442,-0.281332511684943,0.3193981575271332,0.0587236704275279
P46,13758,1377177.177177177,pedestrian,-26.711566578094267,10.002192054987695,-1.405079555053962,-0.2819772834680225,0.296048448414077,0.0334248089322724
P46,13759,1377277.277277277,pedestrian,-26.84227190387401,9.970149758129327,-1.3889175210970377,-0.2815318460228266,0.2437969326591534,0.0221759426876746
P46,13760,1377377.3773773774,pedestrian,-26.97155319723867,9.935294378007674,-1.3850328739516835,-0.2778389666338592,0.1642143218270602,0.0278890773838752
P46,13761,1377477.4774774774,pedestrian,-27.14300196356292,9.92089985413519,-1.3978073415864771,-0.2669102011072902,0.0509172267785093,0.0594478646310035
P46,13762,1377577.5775775774,pedestrian,-27.319152412943733,9.91913334280619,-1.416837558499862,-0.2516362026341247,-0.0426570419672413,0.0956071898411991
P46,13763,1377677.6776776777,pedestrian,-27.485108000113552,9.905471253397508,-1.4294589589113942,-0.2397454509371191,-0.0750472033674225,0.1046068684898756
P46,13764,1377777.777777778,pedestrian,-27.623184709685347,9.897152077569844,-1.4255494485744684,-0.2350320782079585,-0.0307491295361213,0.0822758810533632
P46,13765,1377877.877877878,pedestrian,-27.713097710566807,9.869717758713415,-1.403876002106767,-0.2443554902113717,0.0652468152964557,0.0141741617139915
P46,13766,1377977.977977978,pedestrian,-27.815540502678854,9.81209381788966,-1.3810809936081092,-0.2692246975311584,0.1283243010272034,-0.0877813497526593
P46,13767,1378078.078078078,pedestrian,-27.96381287586214,9.741316920018209,-1.3704420681613654,-0.3010913611211372,0.1197671961300645,-0.1772937919349623
P46,13768,1378178.1781781784,pedestrian,-28.105860560815632,9.690910068491736,-1.3685183482611536,-0.3264959575740049,0.0807311572479163,-0.2069925148093547
P46,13769,1378278.2782782784,pedestrian,-28.258761182671584,9.65520898537322,-1.3740254571501724,-0.3390893235532015,0.0280302884761821,-0.1754742980008942
P46,13770,1378378.3783783785,pedestrian,-28.375083788146256,9.630609668403329,-1.3817099060699618,-0.3375547686725497,-0.0126552147199086,-0.1013986277098511
P46,13771,1378478.4784784785,pedestrian,-28.530227179853924,9.601356455837704,-1.4012777337218647,-0.3240517975211759,-0.0836339436946442,-0.0096629235103334
P46,13772,1378578.5785785788,pedestrian,-28.72247427995712,9.587175238044878,-1.4299955233744044,-0.2976247706237445,-0.16254393662003,0.096583044049297
P46,13773,1378678.6786786788,pedestrian,-28.907949669461416,9.582174898407311,-1.451192722662056,-0.2610182520807812,-0.1816510038374119,0.2010614688177693
P46,13774,1378778.7787787789,pedestrian,-29.02467150223593,9.584901832572708,-1.4486157617805815,-0.2185905169021239,-0.101134496564246,0.2875554320756406
P46,13775,1378878.878878879,pedestrian,-29.13924555529772,9.597754277329182,-1.4302716291435962,-0.1759998476918759,0.0092746193334255,0.3411019308794197
P46,13776,1378978.9789789792,pedestrian,-29.25031303890783,9.60762155177318,-1.4047855879712992,-0.1418537697647746,0.1045189825927227,0.3411086812392331
P46,13777,1379079.0790790792,pedestrian,-29.37918923775664,9.594108726469967,-1.381873407586801,-0.1238496538645783,0.1528043484643123,0.2785078449770563
P46,13778,1379179.1791791792,pedestrian,-29.532461235933525,9.572651964802098,-1.3642892983381476,-0.1214850667053528,0.1616795935282834,0.1795540835646099
P46,13779,1379279.2792792793,pedestrian,-29.67904829060677,9.548192898017517,-1.3442651654363815,-0.1318578655582936,0.176572603779877,0.0696162911480093
P46,13780,1379379.3793793796,pedestrian,-29.77345353909934,9.525068470704744,-1.3140982135720805,-0.1519333187519459,0.2250216256166286,-0.0352713230780616
P46,13781,1379479.4794794796,pedestrian,-29.87153878275198,9.487455220359047,-1.284389701484104,-0.1807108106182955,0.2528833631574235,-0.1331885936385423
P46,13782,1379579.5795795796,pedestrian,-29.981892562646383,9.442258628939976,-1.264911672075596,-0.2133525830818344,0.2302504994678437,-0.2080788488072759
P46,13783,1379679.6796796797,pedestrian,-30.130664291570824,9.401161704911988,-1.261810194987331,-0.243135982051882,0.1528895489480833,-0.242808689705143
P46,13784,1379779.77977978,pedestrian,-30.31528711912817,9.368883619120853,-1.2672379091197947,-0.2653422086664517,0.0724826889049354,-0.2346681341507755
P46,13785,1379879.87987988,pedestrian,-30.42754918440058,9.349449762096263,-1.2578592363826238,-0.2788303671846188,0.0807171047823088,-0.1958758263387248
P46,13786,1379979.97997998,pedestrian,-30.528207149942236,9.331852208186952,-1.2351164592428048,-0.2877338611253698,0.1375860152756801,-0.1543626252114636
P46,13787,1380080.08008008,pedestrian,-30.625424750549104,9.314914326801595,-1.2040916807881743,-0.297733854019114,0.2044977201649622,-0.1332186757737942
P46,13788,1380180.1801801804,pedestrian,-30.726142738222293,9.281730309556258,-1.1703318063287944,-0.316146615896374,0.2560402135695922,-0.1529114748161643
P46,13789,1380280.2802802804,pedestrian,-30.8318587258231,9.226629267719042,-1.1370621685364002,-0.3460310866041912,0.28567112904589,-0.2094508373804441
P46,13790,1380380.3803803804,pedestrian,-30.920751627522243,9.165772704159307,-1.104321200785445,-0.3838247944176129,0.3017480970569445,-0.2747152058524718
P46,13791,1380480.4804804805,pedestrian,-31.010124174980504,9.102547950369384,-1.077574273170117,-0.4251366731238026,0.288336256223743,-0.3282869818340747
P46,13792,1380580.5805805807,pedestrian,-31.09806040944681,9.037941157854878,-1.0622660897022551,-0.4660345547060042,0.2357672575411549,-0.3594550427054119
P46,13793,1380680.6806806808,pedestrian,-31.2100645418034,8.97312704492057,-1.065551864952992,-0.5032928307638906,0.1314922347560526,-0.3644069446621604
P46,13794,1380780.7807807808,pedestrian,-31.34007033237669,8.90998602046875,-1.0874138654181165,-0.5345732472690231,-0.004346302683278,-0.3442518558598401
P46,13795,1380880.8808808809,pedestrian,-31.47944818546008,8.847894673654984,-1.122825244829977,-0.5588430863917772,-0.1399983967727631,-0.3047317242105137
P46,13796,1380980.9809809811,pedestrian,-31.62337188011828,8.78651216385154,-1.164891502226088,-0.5758563489084797,-0.2487968058922747,-0.2524105205459633
P46,13797,1381081.0810810812,pedestrian,-31.769006045344923,8.72572451025429,-1.206468795024797,-0.5857066554496017,-0.3134602149159461,-0.1926210789592107
P46,13798,1381181.1811811812,pedestrian,-31.914262313424064,8.665692666909228,-1.2407723862285047,-0.5884489738259515,-0.3248091556336476,-0.1284759664106217
P46,13799,1381281.2812812813,pedestrian,-32.056577862710206,8.607082134394206,-1.261389358189467,-0.5837990671327681,-0.2786699511152331,-0.0605637927249142
P46,13800,1381381.3813813815,pedestrian,-32.19095469146591,8.551694718914604,-1.2621592035651577,-0.5709791440087791,-0.173468210945056,0.0126695481564604
P46,13801,1381481.4814814816,pedestrian,-32.305724987490784,8.504062469273716,-1.2377605249618049,-0.548957628765828,-0.0114951703251738,0.0931590914646984
P46,13802,1381581.5815815816,pedestrian,-32.3724652527067,8.475391277285544,-1.1870070706244689,-0.517815549262853,0.1898097136179574,0.1777735171193108
P46,13803,1381681.6816816817,pedestrian,-32.4295673691113,8.44864567082014,-1.123992400104438,-0.4832294751120635,0.3605162695481498,0.2428954291587432
P46,13804,1381781.781781782,pedestrian,-32.50221997998815,8.417789747411506,-1.065128324028428,-0.4506342769959011,0.4488520819961504,0.2750137733789515
P47,14728,1474274.2742742742,pedestrian,-9.126678597056715,14.680203686033588,-0.1627030341127028,-1.275777771815965,0.5242754898406927,-0.4772210486071827
P47,14729,1474374.3743743745,pedestrian,-9.13336117667684,14.542743828857782,-0.108771419170099,-1.3245443618199195,0.5358765645894285,-0.4851867970330405
P47,14730,1474474.4744744746,pedestrian,-9.105523599034264,14.373862045678925,-0.0497260507045211,-1.3768222535746275,0.573536671683921,-0.511045689015294
P47,14731,1474574.5745745746,pedestrian,-9.071705321417506,14.212309412085794,0.0138631282595694,-1.4305665130175371,0.6097349745407551,-0.5262122542005502
P47,14732,1474674.6746746746,pedestrian,-9.048605869661747,14.072315465588543,0.074230712058319,-1.480870676945125,0.6063691183456479,-0.514253021533083
P47,14733,1474774.774774775,pedestrian,-9.017231392372627,13.898465457012945,0.1250645929981714,-1.5323695086084237,0.5620198499637179,-0.514352174960495
P47,14734,1474874.874874875,pedestrian,-8.995922934998859,13.640888300030849,0.1604179578905907,-1.5834201445462994,0.4752844176223327,-0.5125429049595313
P47,14735,1474974.974974975,pedestrian,-8.979105621745989,13.493228166592754,0.1806680274479588,-1.5958204293121785,0.3672628029325882,-0.3587471605184675
P47,14736,1475075.075075075,pedestrian,-8.955443858147266,13.377490504063404,0.189069467055745,-1.5709185391648892,0.2577462824320848,-0.1239235126978592
P47,14737,1475175.175175175,pedestrian,-8.944510130746792,13.282365353500326,0.1851660517410442,-1.522051754219274,0.1438855968626298,0.1109423741568944
P47,14738,1475275.275275275,pedestrian,-8.939744547729351,13.185211855167688,0.1717783200629397,-1.4678876751479888,0.0372674782353086,0.2761358523091014
P47,14739,1475375.3753753754,pedestrian,-8.935740364174487,13.057824827086463,0.1526757662196485,-1.424690075251261,-0.0506474155793942,0.336033149802081
P47,14740,1475475.4754754754,pedestrian,-8.935187937851621,12.921828513757369,0.130732640594144,-1.3967409337038803,-0.1158440250887519,0.3140560831163079
P47,14741,1475575.5755755757,pedestrian,-8.93362160302762,12.784137142373632,0.1091712151107492,-1.3849117408810716,-0.1544421836802198,0.2381108171910142
P47,14742,1475675.6756756755,pedestrian,-8.934863562016485,12.641283447386485,0.0901270645577559,-1.3900254873383453,-0.1683433329260237,0.125843339802094
P47,14743,1475775.7757757758,pedestrian,-8.930188987050444,12.47182170984699,0.0763886616287083,-1.41246520494148,-0.1562656653686353,-0.0100997023133385
P47,14744,1475875.8758758758,pedestrian,-8.921693831900729,12.280047099578477,0.0684156595914203,-1.44414022571375,-0.1265075458941486,-0.1290825629263627
P47,14745,1475975.975975976,pedestrian,-8.911879344362486,12.097276146211929,0.0651594768782759,-1.468666764582788,-0.0900100375253491,-0.1741082013345023
P47,14746,1476076.076076076,pedestrian,-8.90560944561938,11.963940558009533,0.0650798806084414,-1.4715518227327122,-0.05536759980608,-0.1176929707982264
P47,14747,1476176.1761761762,pedestrian,-8.898795501147578,11.860104741049188,0.0682029334003025,-1.4554276821684409,-0.0217571634680915,-0.0094566008778911
P47,14748,1476276.2762762762,pedestrian,-8.885285396969534,11.746403136920843,0.0748829472433059,-1.4339616348480078,0.0125978812596518,0.077469987639783
P47,14749,1476376.3763763765,pedestrian,-8.863558846485452,11.62446337363945,0.0834602298683582,-1.4177023450976036,0.0409727909559508,0.110453550735433
P47,14750,1476476.4764764763,pedestrian,-8.846948624412795,11.49094535207984,0.0892038436237148,-1.4148619409228953,0.0473419037095181,0.0785892123350271
P47,14751,1476576.5765765766,pedestrian,-8.848590760807232,11.341928322346472,0.0888488903870885,-1.4307390114618133,0.0275861089348984,-0.0134974805719409
P47,14752,1476676.6766766766,pedestrian,-8.845332911385851,11.165136005124586,0.085836546658412,-1.4669771380857826,0.0051935557791431,-0.1488019565399846
P47,14753,1476776.7767767766,pedestrian,-8.839368964282253,10.97426730320571,0.081929034072121,-1.5170626271493737,-0.0119775403574002,-0.2852837167117826
P47,14754,1476876.876876877,pedestrian,-8.832000955540169,10.777604389171128,0.0777597912252056,-1.5709413092096314,-0.0234974928404944,-0.3834914373654956
P47,14755,1476976.976976977,pedestrian,-8.824094938259226,10.581497261098264,0.073184760707538,-1.617482068460296,-0.032118900315967,-0.4151129135796063
P47,14756,1477077.077077077,pedestrian,-8.816458011703723,10.39396716898474,0.0674979352467308,-1.6458347470862325,-0.041705224426107,-0.3639173700188115
P47,14757,1477177.177177177,pedestrian,-8.810333320789617,10.230726511922189,0.059595751230893,-1.6470999967002078,-0.0561619150877674,-0.2275414658743967
P47,14758,1477277.277277277,pedestrian,-8.808367135605408,10.128366903117604,0.0482656089098563,-1.6191407226382868,-0.0783011018546503,-0.0307661654114595
P47,14759,1477377.3773773774,pedestrian,-8.810071370522936,10.025832174734589,0.033035546720678,-1.5813175937140902,-0.106970675204343,0.1278713417160757
P47,14760,1477477.4774774776,pedestrian,-8.811083140689428,9.894747164533891,0.0138877750869002,-1.5535616393361122,-0.1397043498007642,0.1858767579794467
P47,14761,1477577.5775775777,pedestrian,-8.83445536547868,9.685970719569534,-0.0106822319264925,-1.5461546697401265,-0.1807594802763839,0.1424413576937837
P47,14762,1477677.6776776777,pedestrian,-8.851572537673027,9.539846931744991,-0.0346913660196264,-1.5391846262123154,-0.2037005654175706,0.1141742281527806
P47,14763,1477777.777777778,pedestrian,-8.871813971738572,9.368848609770929,-0.0547775762472871,-1.5345783257315984,-0.2025206139677949,0.0877136547012205
P47,14764,1477877.877877878,pedestrian,-8.880927170006577,9.205249589289831,-0.066419642422942,-1.524446947032926,-0.1690489955061219,0.0929542753328872
P47,14765,1477977.977977978,pedestrian,-8.882395351777916,9.09590049941944,-0.068898933637605,-1.5018399611204805,-0.113035104794148,0.1445457190677103
P47,14766,1478078.078078078,pedestrian,-8.87545932827592,8.974181673827855,-0.0640000036076179,-1.4794519840148448,-0.0501516961290836,0.1752585112821647
P47,14767,1478178.1781781784,pedestrian,-8.871323521453316,8.831874299569577,-0.0564465291465368,-1.4662549567793275,-0.0013860119642845,0.1584015656896824
P47,14768,1478278.2782782784,pedestrian,-8.874239885032626,8.684054602461002,-0.0498831056097043,-1.4641439907928826,0.0246076507375292,0.1050927936129217
P47,14769,1478378.3783783785,pedestrian,-8.88524267634253,8.533562387047459,-0.0451613395878921,-1.4736062772998135,0.0333671607003982,0.0275942967088422
P47,14770,1478478.4784784785,pedestrian,-8.891767041590263,8.365192885900962,-0.0395945674462173,-1.495410062105609,0.0420032534024094,-0.0676823574973276
P47,14771,1478578.5785785788,pedestrian,-8.891704072003,8.1790939985325,-0.0314306511870028,-1.5250734969779167,0.0573593327804925,-0.156452793862809
P47,14772,1478678.6786786788,pedestrian,-8.884519437279161,7.991539037574051,-0.0207658963227186,-1.5520768435513688,0.0764529999419877,-0.200443168504386
P47,14773,1478778.7787787789,pedestrian,-8.88710926965444,7.834979475421163,-0.0100187012070419,-1.5647553112213246,0.0884537050158363,-0.1717976503039931
P47,14774,1478878.878878879,pedestrian,-8.8833905498217,7.704639816836402,0.0025529749216449,-1.5621679736047924,0.1028714640248707,-0.0950662467026939
P47,14775,1478978.9789789792,pedestrian,-8.8760237693723,7.570437860713358,0.0171409459814144,-1.553181187348688,0.1195118395636636,-0.0233045168153616
P47,14776,1479079.0790790792,pedestrian,-8.857871416398675,7.417482807181061,0.0332661555847269,-1.5457366779715154,0.1356539777131326,0.0146157277630037
P47,14777,1479179.1791791792,pedestrian,-8.840990005778844,7.280977349447268,0.0467164958389307,-1.5408371755516337,0.135155074091426,0.02794371568522
P47,14778,1479279.2792792793,pedestrian,-8.834438854530283,7.131292079606686,0.053477981208495,-1.546137552350248,0.1089078122086508,-0.0034617950970717
P47,14779,1479379.3793793796,pedestrian,-8.834202409431306,6.957782278834729,0.0529863467655974,-1.565976663704882,0.0647199840333953,-0.0790618143499978
P47,14780,1479479.4794794796,pedestrian,-8.837266999290897,6.752382557433761,0.046669210901521,-1.5973555146435154,0.0150934950889141,-0.1700674932585184
P47,14781,1479579.5795795796,pedestrian,-8.845231457328348,6.555756197742382,0.0367851795370236,-1.6256959103630344,-0.0291004391876832,-0.213957868701473
P47,14782,1479679.6796796797,pedestrian,-8.854033663574285,6.3832835079724095,0.0271641441978443,-1.6387062206988074,-0.0551170425628245,-0.1813525822250104
P47,14783,1479779.77977978,pedestrian,-8.863454790273451,6.257443116887873,0.0220613609735548,-1.6317995981329367,-0.0535096857433358,-0.084159775985066
P47,14784,1479879.87987988,pedestrian,-8.85368161641003,6.131701237452583,0.0266652722203943,-1.6175194680618226,-0.0148799179576033,0.0038974536576552
P47,14785,1479979.97997998,pedestrian,-8.830380143163707,5.982379991612609,0.0398727680549812,-1.609518218872492,0.0421208202425522,0.033416387752054
P47,14786,1480080.08008008,pedestrian,-8.809039181562156,5.796984151015542,0.0558973979923531,-1.613773850542454,0.0879182392521348,0.0039381700931637
P47,14787,1480180.1801801804,pedestrian,-8.79026921675557,5.627893283616047,0.0697553704800607,-1.6229156523838704,0.1075326513593524,-0.0330462913977334
P47,14788,1480280.2802802804,pedestrian,-8.789702794093012,5.4634793068704814,0.0773240515749532,-1.6355649622939288,0.0951398172802849,-0.0692758604615908
P47,14789,1480380.3803803804,pedestrian,-8.786341519828694,5.246508904563185,0.0814143576067992,-1.6529682523647615,0.0740677040887833,-0.1098779234061646
P47,14790,1480480.4804804805,pedestrian,-8.779670586130067,5.091694981237977,0.0842268324440248,-1.65592989807545,0.0562204385527081,-0.0787066683553648
P47,14791,1480580.5805805807,pedestrian,-8.763566828136062,4.904006105507027,0.0869561556977897,-1.6468766592339974,0.0449794881266997,-0.0130384569680657
P47,14792,1480680.6806806808,pedestrian,-8.757500817930334,4.788349453659011,0.0870819022312243,-1.6139540957069216,0.0280048818095164,0.1197102689396451
P47,14793,1480780.7807807808,pedestrian,-8.760091535004127,4.678682624000046,0.0855257281731542,-1.569909983239455,0.0110971359847193,0.2440560102274816
P47,14794,1480880.8808808809,pedestrian,-8.745411128022772,4.543891880528993,0.0867522057289217,-1.5294149623865,0.0115456849549481,0.3063624471753263
P47,14795,1480980.9809809811,pedestrian,-8.72790798267147,4.409898047714586,0.089016331963793,-1.4972737961380576,0.0158445099858778,0.3120801945022552
P47,14796,1481081.0810810812,pedestrian,-8.721423114626202,4.270380908469334,0.0891459610407865,-1.4781224782494211,0.0101959791259642,0.2651983394892546
P47,14797,1481181.1811811812,pedestrian,-8.716647461306682,4.128366136791073,0.0878274561317857,-1.4749567365515108,0.0011239256134704,0.1745188989855928
P47,14798,1481281.2812812813,pedestrian,-8.70723542326761,3.9675054524866304,0.0864544842067932,-1.491264619005228,-0.0046373465478971,0.0435172857083275
P47,14799,1481381.3813813815,pedestrian,-8.702906310514614,3.773132189567064,0.0846567692461957,-1.525633687247011,-0.0098092537993575,-0.1066743003091579
P47,14800,1481481.4814814816,pedestrian,-8.701485432797654,3.575546512175143,0.0839628663176789,-1.5655929390108851,-0.0086922580439428,-0.2202382522213352
P47,14801,1481581.5815815816,pedestrian,-8.688491198506014,3.3938711200075136,0.0874215783483454,-1.5977407840631943,0.008096585384017,-0.2594177357690662
P47,14802,1481681.6816816817,pedestrian,-8.673461180667172,3.2339459565752984,0.0942365044553286,-1.614375498167253,0.0313842645147176,-0.2232205343439764
P47,14803,1481781.781781782,pedestrian,-8.658208670393572,3.0865832436054648,0.103140414939012,-1.6156174479734406,0.0537329265372737,-0.1413768255201433
P47,14804,1481881.881881882,pedestrian,-8.641763148650712,2.938514093213839,0.1131434269570187,-1.6060193187630645,0.0716679638708234,-0.0492649955185965
P47,14805,1481981.981981982,pedestrian,-8.625726160995919,2.808693302517325,0.1231900304148529,-1.589334818407379,0.0828091806024677,0.0345702063614522
P47,14806,1482082.082082082,pedestrian,-8.603930519738487,2.669699180947518,0.1327372023610749,-1.5760094163164218,0.087688069286272,0.0728303038982315
P47,14807,1482182.1821821823,pedestrian,-8.584916756029155,2.499355744432348,0.1391941766228951,-1.5738209549677589,0.0786878173027924,0.0530432587384536
P47,14808,1482282.2822822824,pedestrian,-8.562620233598297,2.3092904094510307,0.1407532735828617,-1.5791828288753489,0.0541857947218464,0.0116548895618815
P47,14809,1482382.3823823824,pedestrian,-8.55759825508461,2.1288773329428032,0.1336401780525682,-1.5801606238640624,0.0055619251464957,0.0033378549543803
P47,14810,1482482.4824824824,pedestrian,-8.566950724886333,1.98481147376871,0.119621014343809,-1.5664380798538649,-0.0509692780439967,0.0552635038863839
P47,14811,1482582.5825825827,pedestrian,-8.569130453042087,1.8689043157165637,0.1055890414335911,-1.5395310218421523,-0.0856031584365616,0.138164959548288
P47,14812,1482682.6826826828,pedestrian,-8.558946094082103,1.7442485488689328,0.0958971077290419,-1.51097754260629,-0.0899587902232954,0.1952672181066532
P47,14813,1482782.7827827828,pedestrian,-8.540417532628176,1.5899720017583243,0.0901615611087251,-1.4892512298765983,-0.0772789964597733,0.2037223006361725
P47,14814,1482882.8828828828,pedestrian,-8.53168972099215,1.4541626749544068,0.0843026010175763,-1.4711965062497736,-0.0700005016791339,0.1946549957601025
P47,14815,1482982.982982983,pedestrian,-8.533000746719736,1.3224760023143796,0.077287212007228,-1.4599774452876415,-0.0700328156647836,0.1625964477036937
P47,14816,1483083.0830830832,pedestrian,-8.533102469591674,1.1703813577598383,0.0717696566597013,-1.4610454213349973,-0.0642433881921665,0.0953298996341097
P47,14817,1483183.1831831832,pedestrian,-8.518983509961348,1.0021066221413448,0.0703126903785372,-1.4733231390709776,-0.0449529954777637,0.010702267605922
P47,14818,1483283.2832832832,pedestrian,-8.498845217516111,0.8210928855353663,0.0702526999508599,-1.4902543444124845,-0.0277336459507233,-0.0591186197415735
P47,14819,1483383.3833833835,pedestrian,-8.491427621102966,0.658679168868388,0.0660398836368655,-1.500124405607788,-0.0333056467702627,-0.0744471432891738
P47,14820,1483483.4834834835,pedestrian,-8.502754538859978,0.5301405891507767,0.056020954687047,-1.49713572871344,-0.0592328604637019,-0.0339533889526023
P47,14821,1483583.5835835836,pedestrian,-8.509859381249766,0.4110617385374069,0.0453153945802832,-1.4878696084215617,-0.0777574305166546,0.0151659806584982
P47,14822,1483683.6836836836,pedestrian,-8.510241820083124,0.2758901162317538,0.0377180435003009,-1.4833416681837326,-0.0770353676900555,0.0268392786251419
P47,14823,1483783.783783784,pedestrian,-8.506532528616003,0.1226134936476463,0.0346982367243725,-1.489856277684566,-0.0588400876720026,-0.0088467372880196
P47,14824,1483883.883883884,pedestrian,-8.487940507061897,-0.0460395040777321,0.0363948342084194,-1.5081437043773995,-0.0294166302077132,-0.0763381187195602
P47,14825,1483983.983983984,pedestrian,-8.484120598230277,-0.216677172433105,0.0371703795651938,-1.534191426408892,-0.0149883933831051,-0.1477249689402268
P47,14826,1484084.084084084,pedestrian,-8.473313275059482,-0.4323762947182,0.0365554888798128,-1.5642304317033848,-0.011554269084356,-0.2068772256150793
P47,14827,1484184.1841841843,pedestrian,-8.472543167603842,-0.5696392182911207,0.0311067709281623,-1.5768689499810815,-0.0282008781659568,-0.175578885931975
P47,14828,1484284.2842842843,pedestrian,-8.48412224822443,-0.7060360340243164,0.0204279689238062,-1.5790987735937287,-0.058669157364453,-0.1160623726481239
P47,14829,1484384.3843843844,pedestrian,-8.500211843153819,-0.8534062983773949,0.0084034940226672,-1.5792545227735255,-0.0825278503428877,-0.0716077548751211
P47,14830,1484484.4844844844,pedestrian,-8.501769971698804,-1.0407856918058669,0.0008454096171191,-1.5823529577471134,-0.0798014846360576,-0.055824578211026
P47,14831,1484584.5845845847,pedestrian,-8.496440909421315,-1.1715358521934334,-0.0015655586604943,-1.577680533096418,-0.0581710017796382,-0.0160303818027726
P47,14832,1484684.6846846847,pedestrian,-8.478665217486874,-1.325624287923258,-0.0007564685280622,-1.5751637808476624,-0.032449409700449,-4.596815594479914e-05
P47,14833,1484784.7847847848,pedestrian,-8.468560347142954,-1.484044242778167,-0.0039351259999668,-1.5768200635512586,-0.0321797380887787,-0.0064518468541048
P47,14834,1484884.8848848848,pedestrian,-8.467301867298097,-1.646497966267915,-0.016765077312198,-1.5833939484881627,-0.0694463268982498,-0.0294432059288273
P47,14835,1484984.984984985,pedestrian,-8.489081819936683,-1.816036964238333,-0.0433678763104542,-1.5946257149923728,-0.1456615742446139,-0.0615737954173375
P47,14836,1485085.0850850851,pedestrian,-8.538659130841914,-2.021409685689343,-0.0811114631729979,-1.60808293133764,-0.2354963385424482,-0.0898615689423672
P47,14837,1485185.1851851852,pedestrian,-8.573298283125673,-2.166441187296308,-0.1178301756186923,-1.6067608729003462,-0.2864798506778327,-0.0498473123191534
P47,14838,1485285.2852852852,pedestrian,-8.61174691663512,-2.339967484247313,-0.1471677247982389,-1.594707115057478,-0.2890430357622903,0.0162540951659885
P47,14839,1485385.3853853857,pedestrian,-8.628326992574221,-2.453540204663608,-0.1611575967804314,-1.5637218222614644,-0.2310867077308177,0.1301171205624281
P47,14840,1485485.4854854855,pedestrian,-8.628520487810995,-2.5752240512333806,-0.1592267187408034,-1.5262380050729802,-0.1338836376372034,0.2249791882956796
P47,14841,1485585.5855855856,pedestrian,-8.61661367799123,-2.7052314116037275,-0.1463372190451149,-1.4912666959297365,-0.0319156264839663,0.2732686269118465
P47,14842,1485685.6856856856,pedestrian,-8.611039404702412,-2.838759887030094,-0.1318139306753037,-1.4641573166056192,0.0368020207575843,0.2723190491231776
P47,14843,1485785.785785786,pedestrian,-8.61644903733745,-2.979929819137308,-0.1228580126271538,-1.4487212987796316,0.0572490636058448,0.2264641730488106
P47,14844,1485885.885885886,pedestrian,-8.642222504487284,-3.136095988188333,-0.1229244311669437,-1.4462263305136387,0.0347657704423801,0.1482208977858916
P47,14845,1485985.985985986,pedestrian,-8.672680189727835,-3.2926133834115467,-0.127899537144093,-1.4527380876309766,0.0019732762161234,0.0654221883472791
P47,14846,1486086.086086086,pedestrian,-8.710498205643445,-3.454690439861805,-0.1313893051877673,-1.4645879593464004,-0.0123275172204261,-0.0059350720624503
P47,14847,1486186.1861861865,pedestrian,-8.717462110601632,-3.6205507648579394,-0.1228840258553093,-1.4763825328570308,0.0254452364963601,-0.0493749698670518
P47,14848,1486286.2862862863,pedestrian,-8.709139196344616,-3.774439878651457,-0.1017416114437978,-1.4810597890630557,0.0975653949092557,-0.0483464835878985
P47,14849,1486386.3863863864,pedestrian,-8.696084612230285,-3.887790064453948,-0.0718752266477398,-1.4752923009934154,0.1755215169159342,-0.0072084010620293
P47,14850,1486486.4864864864,pedestrian,-8.66913379654882,-4.034013107174696,-0.0378434855230342,-1.471293580422716,0.2393677941949423,0.0110987358456439
P47,14851,1486586.586586587,pedestrian,-8.646086459816736,-4.17603713133621,-0.0087653015360921,-1.4698069597776664,0.2592152821264865,0.0125556023467746
P47,14852,1486686.6866866867,pedestrian,-8.642892955432634,-4.317886421138656,0.0074285709207436,-1.473367583092899,0.221386919185984,-0.0061283525281893
P47,14853,1486786.7867867867,pedestrian,-8.654457805762615,-4.500526653349152,0.0097011623450131,-1.485470640082431,0.1442523105047696,-0.0506896353738339
P47,14854,1486886.8868868868,pedestrian,-8.66580659349854,-4.634374844464196,0.0021923046744951,-1.4943475605599588,0.0591271646171232,-0.0654387318097052
P47,14855,1486986.986986987,pedestrian,-8.684076913258487,-4.803317912266948,-0.0114763467942997,-1.5066212259545548,-0.0168401438366628,-0.087635745824992
P47,14856,1487087.087087087,pedestrian,-8.705002273006462,-4.972044387494245,-0.0255271852948509,-1.5165008194097882,-0.0647970816716571,-0.0919300894074218
P47,14857,1487187.1871871871,pedestrian,-8.721425659033253,-5.126176503298049,-0.033050170176625,-1.5175174592164522,-0.0688181687676039,-0.0601831794323814
P47,14858,1487287.2872872872,pedestrian,-8.721166400927029,-5.237283213634138,-0.0279659663575392,-1.5076076741610878,-0.0223824514699994,0.0016157207160832
P47,14859,1487387.3873873877,pedestrian,-8.699369002512242,-5.376650067970896,-0.0091606893667049,-1.5011111113627296,0.0592414087572562,0.0261847137972403
P47,14860,1487487.4874874875,pedestrian,-8.663539865023992,-5.531896944438799,0.0174372609973393,-1.5030728540728022,0.1393996872164215,0.0084106513859794
P47,14861,1487587.5875875875,pedestrian,-8.636638388027926,-5.692959495798432,0.0408364668654232,-1.5132154423842945,0.1760322622130831,-0.0341916020813322
P47,14862,1487687.6876876876,pedestrian,-8.630400241403212,-5.848704289708049,0.0528849516949733,-1.5296565330690568,0.154420419266111,-0.0846825673034354
P47,14863,1487787.7877877878,pedestrian,-8.637025627545949,-6.019866131151498,0.0526422325515114,-1.553606404130952,0.0935287106128346,-0.1446935653926743
P47,14864,1487887.887887888,pedestrian,-8.637793221350968,-6.211298351516072,0.0436708222275973,-1.5818257550156494,0.0224235294442745,-0.1979653526722723
P47,14865,1487987.987987988,pedestrian,-8.658285239528544,-6.395538285241211,0.0266507261979902,-1.603753407737842,-0.0522926347328277,-0.2061538203101754
P47,14866,1488088.088088088,pedestrian,-8.68185582251626,-6.56445126296788,0.0090197425476475,-1.6106296256013828,-0.1003711497518494,-0.1527878279632885
P47,14867,1488188.1881881882,pedestrian,-8.688851888862255,-6.67961402615986,-0.0002548783980662,-1.5979445191777486,-0.0973749269315209,-0.0442733974076949
P47,14868,1488288.2882882883,pedestrian,-8.678833820168645,-6.812461244906334,0.002374675429743,-1.5808995897153335,-0.0493727850241348,0.0390218135981792
P47,14869,1488388.3883883883,pedestrian,-8.648685348151238,-6.969695874879013,0.014723255071762,-1.5688720506063485,0.0176878341358067,0.0705200418704807
P47,14870,1488488.4884884884,pedestrian,-8.627363521966265,-7.125896188009015,0.0270138859365822,-1.5621061523710371,0.0584888876117892,0.0693830310320058
P47,14871,1488588.5885885886,pedestrian,-8.618220926296058,-7.281920111393441,0.0320769092645898,-1.5609757319868796,0.0554182810390417,0.0468308092975011
P47,14872,1488688.688688689,pedestrian,-8.625611225646951,-7.441450181700457,0.0265295096594968,-1.5661851681269523,0.0123883188109982,0.0084455020585396
P47,14873,1488788.7887887887,pedestrian,-8.641084794522143,-7.616194440173903,0.0124835442650534,-1.5777812102239717,-0.0468970298933252,-0.0398073548179357
P47,14874,1488888.8888888888,pedestrian,-8.659864288846777,-7.796362420935755,-0.0053839521871541,-1.590525597903364,-0.0979875613280131,-0.0737808385355108
P47,14875,1488988.988988989,pedestrian,-8.678158781108763,-7.972810377366838,-0.0213805905564026,-1.5967471857971784,-0.1219873787494859,-0.069266842213006
P47,14876,1489089.089089089,pedestrian,-8.690983967010927,-8.131308184683924,-0.0297935982599204,-1.588936106964186,-0.1072574485161505,-0.0120810285272913
P47,14877,1489189.189189189,pedestrian,-8.688395443764351,-8.241350031435786,-0.0262011511826127,-1.564519280855331,-0.0516841499529076,0.0873073550653494
P47,14878,1489289.2892892892,pedestrian,-8.664291850620996,-8.3724636122776,-0.0109078593811515,-1.538442210406389,0.0276945741042499,0.1545494642931638
P47,14879,1489389.3893893894,pedestrian,-8.647464882038346,-8.51035098021529,0.0082909517883775,-1.518158210218489,0.0914034079802693,0.1732184600861741
P47,14880,1489489.4894894897,pedestrian,-8.636192262965883,-8.662979626973708,0.0265425993054374,-1.5087353175816396,0.1267052035339804,0.1425159206368765
P47,14881,1489589.5895895895,pedestrian,-8.628018900953759,-8.823482456873812,0.0415132434342619,-1.510064736382856,0.1355768102729178,0.0820312183144263
P47,14882,1489689.6896896895,pedestrian,-8.62155045146408,-8.987985101110173,0.0524518326427712,-1.519450577580346,0.1253662930119173,0.0137823586164226
P47,14883,1489789.7897897898,pedestrian,-8.616002659621486,-9.154216215211,0.0595345448559971,-1.5331456724680892,0.1041651568757605,-0.0446833797748255
P47,14884,1489889.88988989,pedestrian,-8.610940749749323,-9.32057785223251,0.0634240987705464,-1.547172928833328,0.0788105564117682,-0.081739329909595
P47,14885,1489989.98998999,pedestrian,-8.60613037821028,-9.48528908385805,0.064992926341219,-1.5577217192363109,0.0542986222476723,-0.0909182405100356
P47,14886,1490090.0900900902,pedestrian,-8.601455367361325,-9.645096762292344,0.0651718588406243,-1.5614554088104506,0.0339123425196604,-0.0701019612387854
P47,14887,1490190.1901901904,pedestrian,-8.596878908567954,-9.792568399082525,0.0648987011419858,-1.556324183845252,0.0196872034993473,-0.0229854728645401
P47,14888,1490290.2902902905,pedestrian,-8.592441647570933,-9.9096959942771,0.0651562391342637,-1.5442466566347912,0.0130429127935837,0.0327796006306191
P47,14889,1490390.3903903903,pedestrian,-8.584843007236122,-10.076027016052326,0.0671112563330342,-1.5390601544424345,0.0155616237846648,0.0401689621472392
P47,14890,1490490.4904904906,pedestrian,-8.575860098794406,-10.259679712951044,0.0709576813123188,-1.5366923325065371,0.0244381340175127,0.03375759974468
P47,14891,1490590.5905905906,pedestrian,-8.566914296304562,-10.42970082959928,0.0766080213588599,-1.5248827945660908,0.0368648354961747,0.0664540483274807
P47,14892,1490690.690690691,pedestrian,-8.559861547192792,-10.536464399228963,0.0843510761452359,-1.4935528307518453,0.052583524494311,0.1621648126059559
P47,14893,1490790.790790791,pedestrian,-8.550131531370978,-10.642083500101773,0.0958387098870644,-1.454470451627907,0.0767227470995498,0.2507849262012677
P47,14894,1490890.890890891,pedestrian,-8.538475892635784,-10.752201350299243,0.1127269755008386,-1.4197397887628214,0.1124362491137188,0.2881225298127055
P47,14895,1490990.9909909912,pedestrian,-8.512628442082502,-10.89872087827388,0.1373510284428445,-1.4002174870263342,0.1642872340431787,0.2519805369107366
P47,14896,1491091.0910910913,pedestrian,-8.472460495908754,-11.056722035695696,0.1682664407815497,-1.3934054409006602,0.2204086099099844,0.180574441547221
P47,14897,1491191.191191191,pedestrian,-8.426530186608538,-11.202380825665804,0.1997060051087164,-1.3919638848673697,0.2567749607096269,0.1160612971409935
P47,14898,1491291.2912912914,pedestrian,-8.40218997993139,-11.334222510073683,0.2240364985956344,-1.3928349286025186,0.2514510602649118,0.0676247845144104
P47,14899,1491391.3913913914,pedestrian,-8.369740737264493,-11.469816789154343,0.2420079614094084,-1.3987287711677434,0.2235311907623135,0.0185122705952824
P47,14900,1491491.4914914917,pedestrian,-8.33655250773365,-11.61492444351128,0.251618323730336,-1.4122412076119677,0.1740229173303785,-0.0410813302830588
P47,14901,1491591.5915915917,pedestrian,-8.314696057559344,-11.770100498559197,0.2499610568756751,-1.4338454868759252,0.1000347878381554,-0.1089224136909378
P47,14902,1491691.6916916918,pedestrian,-8.306342521372141,-11.927688122741474,0.2372972034956602,-1.4616366618204149,0.0120829979564594,-0.1744209304264131
P47,14903,1491791.791791792,pedestrian,-8.30267111902434,-12.101533299223238,0.2180022844719356,-1.494258614296128,-0.0674413519985954,-0.2332267637286382
P47,14904,1491891.891891892,pedestrian,-8.293824139081533,-12.26598494544319,0.197562978088516,-1.525377442079759,-0.1205305046742565,-0.2633728027173472
P47,14905,1491991.991991992,pedestrian,-8.280184526663522,-12.419944135278978,0.1789395753197371,-1.5529269412285924,-0.1459661577393832,-0.2679720222151081
P47,14906,1492092.092092092,pedestrian,-8.256874722616567,-12.58835454072942,0.1625808520804991,-1.5800389988051238,-0.1527436450300319,-0.2690891225711961
P47,14907,1492192.1921921922,pedestrian,-8.239880895005768,-12.761237949818891,0.1441815985794731,-1.6056634101578595,-0.16480391135288,-0.2640028478613078
P47,14908,1492292.2922922925,pedestrian,-8.23849946907089,-12.921546575372997,0.1202156927986062,-1.62767482544028,-0.1937717407627688,-0.2468785683766477
P47,14909,1492392.3923923925,pedestrian,-8.244364447298976,-13.090803462512069,0.0915782617914237,-1.649465772461655,-0.229611482373477,-0.2355473516603183
P47,14910,1492492.4924924923,pedestrian,-8.256898003832134,-13.298627066641874,0.0607659712145044,-1.6722000622379178,-0.2599722016675838,-0.2322738911535641
P47,14911,1492592.5925925928,pedestrian,-8.270428265931445,-13.49882794091607,0.0319342485149616,-1.6820903466814852,-0.2708646043363956,-0.1804571053213428
P47,14912,1492692.6926926929,pedestrian,-8.27846524184583,-13.625572744713985,0.0091832504817923,-1.665380420226982,-0.2539447949694252,-0.0455908264756999
P47,14913,1492792.792792793,pedestrian,-8.284489616739126,-13.752167199314476,-0.0055875819308754,-1.6337834415215926,-0.212643466498836,0.0946544976532598
P47,14914,1492892.892892893,pedestrian,-8.27904163056668,-13.871094067394086,-0.0110700710245485,-1.598629529321224,-0.1513525751281177,0.1942478516610318
P47,14915,1492992.992992993,pedestrian,-8.263899078806874,-14.014599370961433,-0.0099794642930504,-1.5741488940502195,-0.0883634436036402,0.2137810420986935
P47,14916,1493093.0930930933,pedestrian,-8.24159538718966,-14.164444569374233,-0.0088587120974218,-1.5659855506474545,-0.0497115472278778,0.162445934006621
P47,14917,1493193.1931931933,pedestrian,-8.260705252392054,-14.357995090090206,-0.0180985019146567,-1.5784907494418008,-0.0662477169798347,0.0508797087578014
P47,14918,1493293.293293293,pedestrian,-8.27750383458286,-14.551351691148986,-0.0335481046726013,-1.600478233720421,-0.1004482118312307,-0.05414945659953
P47,14919,1493393.3933933936,pedestrian,-8.308099035241465,-14.73259050642812,-0.0521231987020273,-1.6206002487193794,-0.1334930148707495,-0.1111683141410753
P48,14962,1497697.6976976977,pedestrian,-11.62442076682969,-21.23569880039965,0.7562969831831415,2.1339212485200325,-0.0766651602402695,-0.1575303079073798
P48,14963,1497797.7977977977,pedestrian,-11.544823945402069,-21.016799526199048,0.7467125116471937,2.1150937381314128,-0.0919321285633479,-0.1819755246073258
P48,14964,1497897.897897898,pedestrian,-11.47027502996919,-20.80827260605272,0.7303983607722011,2.08549077669824,-0.1414926800215691,-0.2613310583666728
P48,14965,1497997.997997998,pedestrian,-11.408164193921747,-20.625303246462217,0.6994541869450708,2.0329529755175746,-0.2398132518452024,-0.4158863629130274
P48,14966,1498098.098098098,pedestrian,-11.376686987829428,-20.505279364896246,0.6468679845229439,1.949307815508938,-0.3840510001442992,-0.6279209588506982
P48,14967,1498198.1981981983,pedestrian,-11.35623999232509,-20.364289858448583,0.5768822891356887,1.852509547124116,-0.525870734561187,-0.7805368078286647
P48,14968,1498298.2982982984,pedestrian,-11.32671651128488,-20.241999061564258,0.5006207936281477,1.7600601177262651,-0.6238787434935913,-0.8399413478995847
P48,14969,1498398.3983983984,pedestrian,-11.312838643069073,-20.110889002548703,0.4223826037888762,1.6921428987963083,-0.6862894116891664,-0.7760556718918036
P48,14970,1498498.4984984985,pedestrian,-11.30933901076162,-19.91174183275329,0.3471138782286886,1.662225535628243,-0.7116632432932547,-0.5916107504191098
P48,14971,1498598.5985985985,pedestrian,-11.30992950325335,-19.702836094528568,0.2802530864524672,1.6554596067405516,-0.6948862212317857,-0.3905428304638335
P48,14972,1498698.6986986988,pedestrian,-11.309688465587362,-19.553722288804323,0.2268542980363944,1.6527499269659562,-0.6328912260393724,-0.2509579305799798
P48,14973,1498798.7987987988,pedestrian,-11.306417699189238,-19.37199490351889,0.1910918286785322,1.6588188077830226,-0.5266603755808921,-0.1308666750887095
P48,14974,1498898.8988988989,pedestrian,-11.275622048339924,-19.182632900780003,0.176641760276678,1.6673449711871724,-0.3787944220173322,-0.0473064843382749
P48,14975,1498998.9989989991,pedestrian,-11.250492866333746,-19.05109101892804,0.1777463833030181,1.668874329172508,-0.2276542173781795,-0.0230418443757229
P48,14976,1499099.0990990992,pedestrian,-11.215081004454406,-18.896034677855383,0.1916747104080624,1.6763637136263707,-0.0852617006622322,0.0149481040533518
P48,14977,1499199.1991991992,pedestrian,-11.17823701631364,-18.702707281147248,0.2131149577573703,1.6965380339336458,0.0310418372415269,0.0874192477409554
P48,14978,1499299.2992992993,pedestrian,-11.14119662609239,-18.492510084069995,0.2373378131854693,1.723306888659486,0.1129746253993241,0.1573335364032934
P48,14979,1499399.3993993993,pedestrian,-11.105192935505768,-18.282408938803258,0.2605825059355443,1.7441601207213229,0.1592827466459644,0.177136166687278
P48,14980,1499499.4994994996,pedestrian,-11.072329274130324,-18.09430646781386,0.2803270844198444,1.7450926484756435,0.1740249152886219,0.1119710067237637
P48,14981,1499599.5995995996,pedestrian,-11.0473237820957,-17.971215539211755,0.295898844336512,1.717643192370849,0.1668564636103904,-0.0379714181611427
P48,14982,1499699.6996996996,pedestrian,-11.01383720050807,-17.838793978887452,0.3103807991738582,1.6758469514587468,0.1582447541553204,-0.1853346731319242
P48,14983,1499799.7997998,pedestrian,-10.975804207476637,-17.700829178137106,0.3245024753355948,1.629380348157825,0.1515792693919299,-0.2935971834435037
P48,14984,1499899.8998999,pedestrian,-10.93544699342313,-17.55961999117301,0.3377596117908584,1.5843617287869765,0.1441485418260308,-0.3542134947503512
P48,14985,1500000.0,pedestrian,-10.894066756728186,-17.416638966349872,0.3490302411708919,1.5441508241601507,0.1318982157857354,-0.3726514918129612
P48,14986,1500100.1001001,pedestrian,-10.852570149919943,-17.27301364359499,0.3568493269666987,1.5100906701997958,0.1110173591506638,-0.3600766919700339
P48,14987,1500200.2002002,pedestrian,-10.81194728943634,-17.130027891251125,0.3594704904851673,1.4822022974881546,0.0780833713449318,-0.3284471782892015
P48,14988,1500300.3003003004,pedestrian,-10.773980347935142,-16.989948745348624,0.354859935692807,1.45995326837357,0.0298877091573025,-0.2872254172161601
P48,14989,1500400.4004004004,pedestrian,-10.742720930512188,-16.85781775390344,0.3408944165240946,1.4434607851787846,-0.03587940611444,-0.2396808540140686
P48,14990,1500500.5005005004,pedestrian,-10.727973571498012,-16.745711366715874,0.3164305656609621,1.436067145451263,-0.1168306408584758,-0.175305446142554
P48,14991,1500600.6006006007,pedestrian,-10.722586879749386,-16.575171851941697,0.284981265351318,1.45065431812735,-0.1934466839500918,-0.0506719849348398
P48,14992,1500700.7007007007,pedestrian,-10.717902402656312,-16.3907216969699,0.2524713743739957,1.4805574288513834,-0.2444315899884602,0.0849765565483377
P48,14993,1500800.8008008008,pedestrian,-10.712158530472529,-16.218657877970916,0.2243735036692497,1.5147266767647125,-0.2585111277398398,0.1845082634046241
P48,14994,1500900.9009009008,pedestrian,-10.702508412952325,-16.06049455536294,0.2054829800541752,1.547590073971653,-0.2314148233897259,0.2403343346558302
P48,14995,1501001.0010010009,pedestrian,-10.671031420986946,-15.91160180137604,0.1994619803460189,1.5803239078807247,-0.1649249220740114,0.2739846528959923
P48,14996,1501101.1011011011,pedestrian,-10.644039627345018,-15.728767832108762,0.2021385833567127,1.620077360129477,-0.0905154998474319,0.3217958495643629
P48,14997,1501201.2012012012,pedestrian,-10.624125926088896,-15.516733875328242,0.2112995644390592,1.6636307161078443,-0.0198449029063633,0.3657829377871421
P48,14998,1501301.3013013012,pedestrian,-10.58551531013952,-15.326210205371236,0.2284623105296962,1.6972377866616986,0.0544234181239989,0.3541173422814788
P48,14999,1501401.4014014015,pedestrian,-10.53339488241644,-15.15606289876052,0.2493023330405272,1.7144952589973688,0.1141206347873385,0.2835703975945839
P48,15000,1501501.5015015015,pedestrian,-10.493434504578389,-14.980969488432269,0.2645467755714061,1.7160930804191408,0.1289398241321978,0.1796773882451281
P48,15001,1501601.6016016016,pedestrian,-10.46907583373471,-14.854314943581402,0.2688851292551265,1.6996813412898375,0.0957076260255106,0.0462703070142656
P48,15002,1501701.7017017016,pedestrian,-10.446806794449818,-14.694814107368211,0.262241895301747,1.6803507852048296,0.032786125018742,-0.0466647320124835
P48,15003,1501801.8018018017,pedestrian,-10.439428331073792,-14.527674914961084,0.2444211745531822,1.6607596326563334,-0.049058232056528,-0.1045304737958276
P48,15004,1501901.901901902,pedestrian,-10.450769700428712,-14.37722850084412,0.2196928995384158,1.63933867796086,-0.1259185593991707,-0.1470278105994334
P48,15005,1502002.002002002,pedestrian,-10.450285131297017,-14.234462082927116,0.1990888741055406,1.6196766638731437,-0.1569440627367999,-0.1662046136418822
P48,15006,1502102.102102102,pedestrian,-10.43463134461076,-14.065649556167449,0.1897806576409447,1.6082413105390705,-0.1321149418244849,-0.1460301716393513
P48,15007,1502202.2022022023,pedestrian,-10.4046460287902,-13.8856286216251,0.1939649605526069,1.6017278060760547,-0.0645958127379081,-0.1145991223736902
P48,15008,1502302.3023023023,pedestrian,-10.364154888275626,-13.724468809144572,0.2092384523477763,1.5915077197024825,0.0197187893966672,-0.1097460926473576
P48,15009,1502402.4024024026,pedestrian,-10.32225762040812,-13.592398995085516,0.2299162734148209,1.5746182921899332,0.0922602372588556,-0.132643510045316
P48,15010,1502502.5025025026,pedestrian,-10.27938917123078,-13.476977552630988,0.2502601824901494,1.558667714947412,0.1353440122913228,-0.1430102706886982
P48,15011,1502602.602602603,pedestrian,-10.249485530136443,-13.320488432210988,0.2643175633547514,1.559069328578275,0.137319791525359,-0.085932046230464
P48,15012,1502702.702702703,pedestrian,-10.217593674648588,-13.13257377111243,0.2709507808617218,1.578050790262074,0.1097346515688156,0.0210468673557007
P48,15013,1502802.802802803,pedestrian,-10.191215257531958,-12.94120531125172,0.2679558491259174,1.6071987763366349,0.055517035930266,0.125923395718395
P48,15014,1502902.902902903,pedestrian,-10.177565072474682,-12.76370407492906,0.2542178615345689,1.6373154440455886,-0.0193176322316793,0.19384084170422
P48,15015,1503003.003003003,pedestrian,-10.176189702944226,-12.565052765342305,0.2322435196067364,1.6651510314524964,-0.0970432455175873,0.2265438871407465
P48,15016,1503103.103103103,pedestrian,-10.17613273078294,-12.423496631058322,0.2083464668449974,1.679570497346424,-0.1520506304739307,0.1945176217607866
P48,15017,1503203.2032032034,pedestrian,-10.17611871984546,-12.25092724446679,0.1890492776179196,1.6911829622642869,-0.167862497356487,0.1640381835766603
P48,15018,1503303.3033033034,pedestrian,-10.156833623520289,-12.052350273236268,0.1812299657284898,1.7001070601700254,-0.1330199675523417,0.1349651606164259
P48,15019,1503403.4034034037,pedestrian,-10.136068194142243,-11.9137004587135,0.1852146599926749,1.6956425121216232,-0.0659236439837233,0.0652525940926175
P48,15020,1503503.5035035035,pedestrian,-10.098660538464715,-11.749744870426008,0.2016933586012413,1.6887919090122294,0.0235807322053092,0.0133503322360739
P48,15021,1503603.6036036038,pedestrian,-10.0534302367487,-11.574235066595133,0.2262978457417042,1.6814567371792473,0.1098520422611863,-0.020281363511381
P48,15022,1503703.7037037038,pedestrian,-10.006595721874522,-11.39810445456751,0.252530916633537,1.6703658689746046,0.1689467021891949,-0.0554223779422289
P48,15023,1503803.803803804,pedestrian,-9.964902516106095,-11.235378525715417,0.273686591452115,1.6503708912268076,0.1854069874009469,-0.1114543505200109
P48,15024,1503903.903903904,pedestrian,-9.94029950478764,-11.113403993638558,0.2849214869434579,1.6193059216203418,0.1570001887402968,-0.1886669794592304
P48,15025,1504004.0040040042,pedestrian,-9.919583046346313,-10.952020894061905,0.2876911689239999,1.5893381931769512,0.1067902339329514,-0.2316479568491796
P48,15026,1504104.1041041042,pedestrian,-9.901341439483025,-10.79004880271552,0.2849490964731109,1.557006084172453,0.0546964131222838,-0.2671125214588145
P48,15027,1504204.2042042045,pedestrian,-9.885541493719316,-10.678953593352956,0.2805821013371304,1.5160261263451484,0.0165247795699204,-0.3223485516751054
P48,15028,1504304.3043043043,pedestrian,-9.860453507421717,-10.549912239594956,0.2796650565620693,1.4776159134718112,0.006552730339247,-0.3461739067418252
P48,15029,1504404.4044044046,pedestrian,-9.818640728895838,-10.413636316347224,0.2842828165159785,1.4460033575672773,0.021918290848544,-0.3343855647760909
P48,15030,1504504.5045045046,pedestrian,-9.77107015557659,-10.276657517930484,0.2903163988898489,1.422062579034478,0.0368096328474939,-0.2974195764423864
P48,15031,1504604.604604605,pedestrian,-9.728279672301564,-10.14738974194889,0.2907690165269246,1.4059571729219151,0.0242745304699423,-0.2444161248859888
P48,15032,1504704.704704705,pedestrian,-9.70707715294553,-10.042203948818935,0.2790270577331489,1.401044743162604,-0.0306895232787303,-0.1685792770710491
P48,15033,1504804.804804805,pedestrian,-9.697884070084006,-9.888928682089192,0.254966239876576,1.4221486606423,-0.1120924345435051,-0.021282655538268
P48,15034,1504904.904904905,pedestrian,-9.693962264695864,-9.688008744018529,0.221506394498957,1.469814880296788,-0.1983456246158149,0.1718484780107104
P48,15035,1505005.005005005,pedestrian,-9.711282957075948,-9.474175548720332,0.1819626869246326,1.5290810990640642,-0.2747085457646558,0.3349900997058892
P48,15036,1505105.105105105,pedestrian,-9.73144614626104,-9.27534136088975,0.1466276203838687,1.580855676884024,-0.3051024463279042,0.4057399873097408
P48,15037,1505205.2052052054,pedestrian,-9.732501689613024,-9.137300050348458,0.1272839080934617,1.6113650954868126,-0.2616757314927298,0.3665480122832744
P48,15038,1505305.3053053054,pedestrian,-9.70840544459411,-8.975603718876824,0.1298792151333322,1.630243982120363,-0.1500202219869179,0.297463622442826
P48,15039,1505405.4054054054,pedestrian,-9.666220126962273,-8.80319305909868,0.1524865299888864,1.6394024278266603,-0.0040979727146112,0.2174999881790869
P48,15040,1505505.5055055055,pedestrian,-9.617258623338774,-8.647432637928302,0.1878589981988582,1.6361248230138667,0.1346815132676297,0.120348521011288
P48,15041,1505605.6056056058,pedestrian,-9.566844936357276,-8.502001973899548,0.2275296466138903,1.6227515175533729,0.2362529590383842,0.0217588308696455
P48,15042,1505705.7057057058,pedestrian,-9.520452888633994,-8.365416873848197,0.263563488913229,1.6046786348582067,0.2842865302862944,-0.0567824051647612
P48,15043,1505805.8058058058,pedestrian,-9.487472762838848,-8.241860446769554,0.2901898833566147,1.5904091804639668,0.2771862847542504,-0.090080514120222
P48,15044,1505905.905905906,pedestrian,-9.447943757380177,-8.042041840045473,0.3071306219499461,1.5946376321896123,0.2352777182041422,-0.038709104621457
P48,15045,1506006.0060060062,pedestrian,-9.426250661593793,-7.894292586393241,0.3115956017427972,1.604067556924102,0.1612532673072974,0.0128918664317111
P48,15046,1506106.1061061062,pedestrian,-9.411223586789523,-7.706236441129753,0.3069785265952605,1.6252216021127837,0.0807433579755258,0.0899307047307315
P48,15047,1506206.2062062062,pedestrian,-9.389581944693775,-7.555825185131559,0.2990359105229713,1.651011977449161,0.0185918844334425,0.1550424379077344
P48,15048,1506306.3063063065,pedestrian,-9.342594227237884,-7.34364370779388,0.2908887688313091,1.6904077121836705,-0.0202238721151139,0.2476429755678935
P48,15049,1506406.4064064063,pedestrian,-9.324454057108388,-7.173122068855839,0.274887642037973,1.7313000064764406,-0.0744311472754164,0.3100976365795291
P48,15050,1506506.5065065066,pedestrian,-9.330395233757786,-6.9322884828216536,0.25243180163673,1.7788476911573905,-0.1326275880522664,0.3741179007938252
P48,15051,1506606.6066066066,pedestrian,-9.31964877512564,-6.729858812390545,0.2336342064831811,1.8127797295385832,-0.1540424008736116,0.3604767929446726
P48,15052,1506706.706706707,pedestrian,-9.299674678290492,-6.548613597754531,0.2227335607658789,1.8258221611863008,-0.1365158623426377,0.2711133211573909
P48,15053,1506806.806806807,pedestrian,-9.274628749205077,-6.379058525271033,0.2207126549063462,1.817575206083052,-0.0913544463922174,0.1338745290906599
P48,15054,1506906.906906907,pedestrian,-9.246707569468343,-6.216370946870365,0.2270548660943434,1.790516784214964,-0.031290458444828,-0.0230426764332494
P48,15055,1507007.007007007,pedestrian,-9.21682312939727,-6.059022137305127,0.2408967300981346,1.7475220504012243,0.0345416455579575,-0.1808475852504335
P48,15056,1507107.1071071073,pedestrian,-9.184739473447086,-5.908930011544623,0.2617409288558194,1.6905861132498,0.1019737230722416,-0.331457739187169
P48,15057,1507207.207207207,pedestrian,-9.148532665140152,-5.77386901097085,0.2897624088696174,1.6209144502367516,0.1710631317127095,-0.4729910219287957
P48,15058,1507307.3073073074,pedestrian,-9.102761749126463,-5.674557171835051,0.3254744542982559,1.541567957711235,0.2431571696124345,-0.5970999533077354
P48,15059,1507407.4074074074,pedestrian,-9.011905608915622,-5.544687949670585,0.3678875547514031,1.4663097482878225,0.3132516393450417,-0.657170316997923
P48,15060,1507507.5075075077,pedestrian,-8.955216752371603,-5.4559291804424825,0.3996198310083105,1.3951382368877123,0.3147089701914721,-0.6780698324625426
P48,15061,1507607.6076076075,pedestrian,-8.90322165385415,-5.352282609723408,0.4152285885770639,1.341872779967726,0.2530670889224803,-0.6214087486324212
P48,15062,1507707.7077077078,pedestrian,-8.866678157849817,-5.212408016549708,0.4100842090302339,1.3154463155648022,0.1348673767051756,-0.4826527740879174
P48,15063,1507807.8078078078,pedestrian,-8.84269621176267,-5.063738695838228,0.3834563301019982,1.3120406603249846,-0.0207654629528379,-0.3084818905163498
P48,15064,1507907.907907908,pedestrian,-8.835898723508144,-4.936855241162235,0.3367594024672655,1.3252375689697675,-0.1938130340723168,-0.1375376757033939
P48,15065,1508008.008008008,pedestrian,-8.844151707805015,-4.745116689048976,0.2748496178662618,1.358963825344609,-0.3586802002736636,0.0466621875568089
P48,15066,1508108.1081081082,pedestrian,-8.855748056478042,-4.604459982828522,0.2052932910409901,1.3945981231848286,-0.489197638754703,0.1667506323367256
P48,15067,1508208.2082082082,pedestrian,-8.877486867967477,-4.427957754651731,0.134115819018122,1.4338611366408769,-0.5753319867585623,0.2542909737943906
P48,15068,1508308.3083083085,pedestrian,-8.899658142344135,-4.253402248330725,0.0687522859883245,1.466703786157487,-0.6054777859695463,0.2829449625061376
P48,15069,1508408.4084084083,pedestrian,-8.910313565133473,-4.131950583647947,0.0152109671671832,1.4835485879646229,-0.578068877380343,0.2384286342795921
P48,15070,1508508.5085085086,pedestrian,-8.91268611717893,-3.988839679577768,-0.0260281832392403,1.4952108270928406,-0.5135881624266583,0.1910947510750676
P48,15071,1508608.6086086086,pedestrian,-8.92657788024564,-3.834214955876831,-0.0588611204054682,1.5057704460456751,-0.4415380261312398,0.1578608109835893
P48,15072,1508708.7087087089,pedestrian,-8.94459254548443,-3.662145290542965,-0.0837399810540833,1.5153977801135678,-0.3666106971274586,0.1339134479683074
P48,15073,1508808.808808809,pedestrian,-8.955301265615422,-3.5441079284342782,-0.0996169793791243,1.5171010985342035,-0.2858594512946355,0.0885306316857853
P48,15074,1508908.908908909,pedestrian,-8.964010198796503,-3.4081541451685764,-0.1079421267775362,1.5244594146402024,-0.2071690192802596,0.0826990364120907
P48,15075,1509009.009009009,pedestrian,-8.969316797907403,-3.22804567676856,-0.1106905434180507,1.546710178021381,-0.1373996389034421,0.1368902797764144
P48,15076,1509109.1091091093,pedestrian,-8.971239418277014,-3.029027313440252,-0.1109230236787293,1.5781461499548164,-0.08495888837902,0.2056668610307622
P48,15077,1509209.2092092093,pedestrian,-8.980936213815163,-2.8524168740981377,-0.1131053701130876,1.6060283807908764,-0.0604394697519775,0.2339596151922491
P48,15078,1509309.309309309,pedestrian,-8.992547952327776,-2.697889488888306,-0.1191607036605615,1.6257726536417438,-0.0604601671191614,0.2197060805924538
P48,15079,1509409.4094094094,pedestrian,-9.01142983919755,-2.5451344807377607,-0.1308261584239886,1.6417592370738363,-0.0822311165047202,0.1964123506622838
P48,15080,1509509.5095095097,pedestrian,-9.037193177900583,-2.364941415790859,-0.147887383687653,1.6604822937176469,-0.1164769211895159,0.1927750357876148
P48,15081,1509609.6096096097,pedestrian,-9.067243453995642,-2.183026445545791,-0.1683131827701934,1.6791067801946464,-0.1504767009733671,0.190167534365166
P48,15082,1509709.7097097095,pedestrian,-9.111359447509871,-1.954295683949073,-0.1891077145372991,1.6941942738924385,-0.1727069030168765,0.1748544697794241
P48,15083,1509809.8098098098,pedestrian,-9.135271363300433,-1.8211333189293872,-0.2019163162009158,1.6824805132357483,-0.1553340941821609,0.0615404148924227
P48,15084,1509909.90990991,pedestrian,-9.149884855239032,-1.7132250570538952,-0.2053933967229978,1.6538094207743732,-0.1085145377561847,-0.0735492340924205
P48,15085,1510010.01001001,pedestrian,-9.162368545434552,-1.5721827391290926,-0.2014216885695667,1.627935486368948,-0.0509822761196757,-0.1453447899938324
P48,15086,1510110.11011011,pedestrian,-9.173816002785427,-1.412921603334153,-0.1923412538155763,1.6130200941395294,0.0040280235521967,-0.1467656964704479
P48,15087,1510210.2102102102,pedestrian,-9.184804320683082,-1.2438376377245546,-0.1803765632837685,1.6105983782116349,0.0488680728380527,-0.0991795081045494
P48,15088,1510310.3103103105,pedestrian,-9.195626588317309,-1.0696038293003334,-0.1673547563392006,1.6188013286959204,0.0803998736940068,-0.0288609222336767
P48,15089,1510410.4104104105,pedestrian,-9.20642247151735,-0.8927856330395345,-0.154607282882888,1.6343477793504029,0.0986261685318649,0.0426390343235956
P48,15090,1510510.5105105103,pedestrian,-9.217250271140896,-0.7147731342052279,-0.142977819705741,1.6536816782401105,0.1054404137205816,0.1010699327516884
P48,15091,1510610.6106106106,pedestrian,-9.228125005708533,-0.5363245492899674,-0.1328828103692377,1.6735262877384185,0.1036579534864303,0.1387970535097071
P48,15092,1510710.7107107108,pedestrian,-9.239035438713929,-0.3579028213844749,-0.1243885398947192,1.6910483394335205,0.0963591907540252,0.1528696402347726
P48,15093,1510810.810810811,pedestrian,-9.249944540664794,-0.1799357789683668,-0.117281630066522,1.703767878561833,0.0865132750115261,0.1428527943450148
P48,15094,1510910.910910911,pedestrian,-9.260768832064896,-0.0031366989234865,-0.111119987166758,1.70931774960962,0.0768236983888841,0.1089179375854147
P48,15095,1511011.011011011,pedestrian,-9.271316562762864,0.1708848327262719,-0.1052618097646273,1.7051705536493085,0.0697189275361948,0.0505484530996095
P48,15096,1511111.1111111112,pedestrian,-9.281130470793116,0.3382179912814744,-0.0988886318339986,1.6885691010852348,0.0673698058457925,-0.0334629306330266
P48,15097,1511211.2112112113,pedestrian,-9.28909895903146,0.4892483781295004,-0.0910825592222845,1.6572736663725551,0.0714900162146892,-0.1418478564493532
P48,15098,1511311.311311311,pedestrian,-9.292499404819262,0.6003197902140028,-0.0811329465528819,1.612770686974695,0.0823241482717946,-0.2593788329955179
P48,15099,1511411.4114114114,pedestrian,-9.292873156734544,0.744648896562587,-0.0695467243250455,1.5702655628527389,0.0952995902776162,-0.3235325015493616
P48,15100,1511511.5115115116,pedestrian,-9.29284042602139,0.8926739742164376,-0.057567593047762,1.5317378675265614,0.1047614589794463,-0.347353857800434
P48,15101,1511611.6116116117,pedestrian,-9.295467997185623,1.0070546611397089,-0.0462574318709359,1.4960505518416911,0.1079554314823939,-0.3509109690578824
P48,15102,1511711.7117117117,pedestrian,-9.303778083310148,1.1638345202944362,-0.0352741037504175,1.4742675983895213,0.1086418251582889,-0.2991604481309307
P48,15103,1511811.8118118118,pedestrian,-9.307376776100757,1.3451734897787957,-0.0213539079715525,1.461788282641089,0.120452085480157,-0.2314177167854566
P48,15104,1511911.911911912,pedestrian,-9.286816725747354,1.4683952185453286,-0.0017790622838223,1.443016104320577,0.1496082581431667,-0.2143808483445513
P48,15105,1512012.012012012,pedestrian,-9.272663186791489,1.5607221361812411,0.0178186731193633,1.4227196009287792,0.1675339605365664,-0.209870111591369
P48,15106,1512112.112112112,pedestrian,-9.257719143147396,1.6844253836066232,0.0343048274439392,1.418859285224489,0.1664324491463815,-0.1433644792403915
P48,15107,1512212.2122122122,pedestrian,-9.240466814673512,1.85447237343613,0.0442470915087828,1.440772058996457,0.1403787593931715,-0.0027198836698656
P48,15108,1512312.3123123124,pedestrian,-9.239794343458088,2.048913030699643,0.0426498823210105,1.4829754169287157,0.0796851652239283,0.1620175038235867
P48,15109,1512412.4124124125,pedestrian,-9.263315927636947,2.2408882696537167,0.0296071123129253,1.5323269388610443,-0.0018359189869372,0.2905226378386765
P48,15110,1512512.5125125125,pedestrian,-9.28148192321678,2.420888730796065,0.0138344234740302,1.577550760029837,-0.0622959408925986,0.3531295973282292
P48,15111,1512612.6126126123,pedestrian,-9.285332672559552,2.5820972489492187,0.0022792397061812,1.6127122361614032,-0.0829265164061223,0.3524049886778631
P48,15112,1512712.7127127128,pedestrian,-9.279519836685798,2.754043963494042,-0.0033920088922359,1.6400357126698804,-0.0727274756229513,0.321562805242449
P48,15113,1512812.8128128129,pedestrian,-9.271785018964302,2.931784432050605,-0.0053707308435251,1.6585973429397942,-0.052166898265482,0.2687124904692626
P48,15114,1512912.912912913,pedestrian,-9.28544349320729,3.119926992833898,-0.006992059008382,1.6650316610224152,-0.0382023993023276,0.1893456004688504
P48,15115,1513013.013013013,pedestrian,-9.281560407468511,3.289627032674088,-0.0032781402493702,1.6502450924547691,-0.0089670961368444,0.05848810687493
P48,15116,1513113.1131131132,pedestrian,-9.26185751317811,3.368953999042986,0.0050055345930774,1.6087301687890947,0.0266415770794225,-0.1252300497082374
P48,15117,1513213.2132132133,pedestrian,-9.242730416321292,3.469020396957295,0.0110904863767866,1.5676147555707154,0.0398984376639217,-0.2360741933436593
P48,15118,1513313.3133133133,pedestrian,-9.236375547201224,3.614504602057264,0.0074278086321725,1.5480942976048813,0.010203417824349,-0.2201316766928854
P48,15119,1513413.413413413,pedestrian,-9.24804837038939,3.797666690451603,-0.010277247557521,1.5561431995277402,-0.0624251042076823,-0.1034535211523154
P48,15120,1513513.5135135136,pedestrian,-9.287919041931437,3.999491180562888,-0.0412687271654803,1.5848417998987294,-0.1583872410991292,0.0480146603688566
P48,15121,1513613.6136136136,pedestrian,-9.341417820018933,4.208446804432372,-0.0752729732392243,1.6209273463747371,-0.228778889067455,0.1693281593510735
P48,15122,1513713.7137137137,pedestrian,-9.366197839873935,4.377717741248748,-0.0964128898587409,1.6483122165858788,-0.2219495210621039,0.2097996560246372
P48,15123,1513813.8138138135,pedestrian,-9.350627079718867,4.52426085510849,-0.0982877880440865,1.6657708774639295,-0.1430540815442625,0.1960611819300686
P48,15124,1513913.913913914,pedestrian,-9.357702457094993,4.732368687602905,-0.0892170426497741,1.6819973401498265,-0.0523364983642908,0.1828774136498343
P48,15125,1514014.014014014,pedestrian,-9.3480727676736,4.911004208759352,-0.0684416417238417,1.682429036807167,0.0485572910593342,0.1135535533656385
P48,15126,1514114.114114114,pedestrian,-9.330566942267938,5.068780250376887,-0.0399185762847904,1.660890995922801,0.1403298082765689,-0.0140642393141418
P48,15127,1514214.214214214,pedestrian,-9.311428958274574,5.2036532057329,-0.0094175544036861,1.61622568066805,0.2041449587443163,-0.1818340108101885
P48,15128,1514314.3143143144,pedestrian,-9.297454945634971,5.297526995431847,0.0174711486438765,1.5527456720987074,0.229175261179581,-0.3574417252677047
P48,15129,1514414.4144144144,pedestrian,-9.28084221580071,5.4116834116071,0.0376115304140865,1.488028092396165,0.2183154156325881,-0.4696733835849351
P48,15130,1514514.5145145145,pedestrian,-9.286278708697855,5.543939240811368,0.0468752939142856,1.4308155761238346,0.1694878042588828,-0.5092259287685363
P48,15131,1514614.6146146143,pedestrian,-9.289919204864193,5.66447574389214,0.0493078457832355,1.3811582937965443,0.1131222811045974,-0.5041208540498621
P48,15132,1514714.7147147148,pedestrian,-9.279232559125616,5.767385815210302,0.0485257976240374,1.341877474459323,0.06617193744346,-0.4607536513517407
P48,15133,1514814.814814815,pedestrian,-9.267901921933678,5.900501973461148,0.0423284953474595,1.3225682511718662,0.0164465218157771,-0.3567650017630495
P48,15134,1514914.914914915,pedestrian,-9.267472867046166,6.065324430984309,0.0268928996796339,1.3226597673725455,-0.0498038757245282,-0.2179038642372011
P48,15135,1515015.0150150151,pedestrian,-9.27160264457211,6.228340219933947,0.0006797114418567,1.329848604840027,-0.1321338088020353,-0.1054262810489404
P48,15136,1515115.1151151152,pedestrian,-9.27772758405012,6.332984226188376,-0.0383584519041713,1.331622651932921,-0.2322413157298031,-0.0576163734582762
P48,15137,1515215.2152152157,pedestrian,-9.290273384462708,6.439992988215763,-0.0947106263161431,1.3379004459935175,-0.3606349142810448,-0.0109002890016098
P48,15138,1515315.3153153155,pedestrian,-9.343299757788484,6.58448862856643,-0.17504593068099,1.360652792218465,-0.5321986512566859,0.0815741815578735
P48,15139,1515415.4154154155,pedestrian,-9.44500326968673,6.800922580281658,-0.2759766317224959,1.4008266156800964,-0.7170336849176087,0.205714899665392
P48,15140,1515515.5155155156,pedestrian,-9.553197170511018,7.015842115653372,-0.3795148535361571,1.4326819400431754,-0.8402235687909156,0.2493982449939491
P48,15141,1515615.615615616,pedestrian,-9.617521330835991,7.131802489239657,-0.4669947122077764,1.4274977072662238,-0.8533069411432027,0.1324683143897768
P48,15142,1515715.715715716,pedestrian,-9.669799406549735,7.205351783735852,-0.5380387856345906,1.3902639735068338,-0.7975664510622724,-0.0633668763581459
P48,15143,1515815.815815816,pedestrian,-9.740545829595492,7.293796569020207,-0.5996774093459545,1.3410118179406625,-0.7269879011509147,-0.2297855743140417
P48,15144,1515915.915915916,pedestrian,-9.82295834353286,7.406440489065088,-0.6545320070826838,1.2937969788883348,-0.6574987699417729,-0.3236943303319803
P48,15145,1516016.0160160162,pedestrian,-9.91752637846999,7.528943845696012,-0.7023651043181669,1.2523595472810636,-0.5877550935586624,-0.3587379777638089
P48,15146,1516116.1161161163,pedestrian,-10.006165753669794,7.6499423186855,-0.7389500687550419,1.2148303536893172,-0.501463128018003,-0.3650189907199435
P48,15147,1516216.2162162163,pedestrian,-10.0578861263543,7.743815852115953,-0.7621047090929591,1.177831627260696,-0.3965839761981207,-0.3668041747054502
P48,15148,1516316.3163163164,pedestrian,-10.119046951826304,7.839541295486931,-0.7842930119860656,1.14697883866908,-0.3286740169575894,-0.3440599022408722
P48,15149,1516416.4164164166,pedestrian,-10.210216963884609,7.974622257914786,-0.8167870683573937,1.1272844472668215,-0.3270984344128834,-0.2868688814931502
P48,15150,1516516.5165165167,pedestrian,-10.318019609484551,8.099555028649105,-0.8619902692837105,1.1082369483767032,-0.3754256681206138,-0.2493721153215162
P48,15151,1516616.6166166167,pedestrian,-10.437582054297776,8.194537601602287,-0.9182483963867598,1.0809533246061949,-0.4478663236520844,-0.2583756244359985
P48,15152,1516716.7167167168,pedestrian,-10.559048996739271,8.260465373678729,-0.981814059862705,1.0459573501408377,-0.5205250208353173,-0.2937952898311693
P48,15153,1516816.816816817,pedestrian,-10.683650891325028,8.320876686235597,-1.0508686026976073,1.0141862678927946,-0.5862636326160853,-0.3029566275233979
P48,15154,1516916.916916917,pedestrian,-10.842996488664932,8.42093788279574,-1.1255985738753411,0.9997906540502024,-0.6484922420017751,-0.241172280842983
P48,15155,1517017.0170170171,pedestrian,-11.045255074668834,8.598164586582739,-1.1956317909916918,1.0034780917345658,-0.6683460709235335,-0.1332410689989431
P48,15156,1517117.1171171172,pedestrian,-11.165187844092335,8.701422852315435,-1.233673674010298,0.9952709530426324,-0.5564169340759151,-0.1133436977808575
P48,15157,1517217.2172172174,pedestrian,-11.265145880379,8.782789007855657,-1.241304779235672,0.9695647378239756,-0.3699967104209863,-0.169039442493205
P48,15158,1517317.3173173177,pedestrian,-11.339332660279762,8.844683519007972,-1.2270063594015768,0.9270912269061616,-0.1708986138764612,-0.2681427929779229
P48,15159,1517417.4174174175,pedestrian,-11.427019606841778,8.908439079535462,-1.208868976750341,0.8739878213488007,-0.03420696568656,-0.3699984078015984
P48,15160,1517517.5175175176,pedestrian,-11.545970963435526,8.96748538136067,-1.2007394454011282,0.8135037354779153,0.0106027043635096,-0.4609360316902568
P48,15161,1517617.6176176178,pedestrian,-11.675264134872116,9.005419854578731,-1.2053418410962602,0.7478926133143868,-0.0113634893590306,-0.5364538053579876
P48,15162,1517717.717717718,pedestrian,-11.813931165413871,9.0320576917965,-1.2219717828133267,0.6850023729371771,-0.0714494091795338,-0.5721007921063092
P48,15163,1517817.817817818,pedestrian,-11.963154740116956,9.076997466702071,-1.2471919174670532,0.6359584950948948,-0.1415244799676368,-0.5402069010186932
P48,15164,1517917.917917918,pedestrian,-12.105856277186192,9.12992537461954,-1.2742909795497093,0.60487557237821,-0.1916816685512962,-0.451035368316413
P48,15165,1518018.0180180182,pedestrian,-12.215542588749884,9.181965246597525,-1.2995993768170049,0.5930955504453346,-0.2154215145215519,-0.3216183839522156
P48,15166,1518118.1181181185,pedestrian,-12.363828897809867,9.271390244179642,-1.3338362332102836,0.603628135352617,-0.2645730100779205,-0.1559075231140736
P48,15167,1518218.2182182183,pedestrian,-12.53851110847323,9.37628722809754,-1.375953796067818,0.6269375759598728,-0.3252070359589541,-0.0049765344074401
P48,15168,1518318.3183183183,pedestrian,-12.696394563397156,9.465915735643897,-1.41613391386935,0.6477985225614717,-0.354787044210216,0.0778625661161975
P48,15169,1518418.4184184186,pedestrian,-12.859411293439472,9.538849808329978,-1.4515232718544382,0.656065119752077,-0.3543027847989941,0.0796952899983773
P48,15170,1518518.518518519,pedestrian,-13.013547902750243,9.597395027564025,-1.47804743997148,0.6468979191577819,-0.3196237868727322,0.0132012787783028
P48,15171,1518618.6186186187,pedestrian,-13.134618439566834,9.635155567981249,-1.4952071572897665,0.6193695066890214,-0.2620890760393908,-0.0986899902118705
P48,15172,1518718.7187187187,pedestrian,-13.303340562189456,9.675866189057324,-1.5162602845613071,0.5786103033458587,-0.2419911535071332,-0.2184562069518116
P48,15173,1518818.818818819,pedestrian,-13.468743989498432,9.696408054197605,-1.538042869013164,0.526493047963858,-0.2325249352332284,-0.3357768673575964
P48,15174,1518918.918918919,pedestrian,-13.625740058413886,9.706486059931445,-1.5588399107680768,0.4700885181084236,-0.2229114413580625,-0.4241781100031148
P48,15175,1519019.019019019,pedestrian,-13.786566148971014,9.725065827688562,-1.580816017257676,0.4188734838561306,-0.2216030592463395,-0.4581325721266887
P48,15176,1519119.1191191191,pedestrian,-14.00984242568575,9.779313682396978,-1.6058962762755775,0.3781693082883119,-0.2328417692447876,-0.4381396561322312
P48,15177,1519219.2192192194,pedestrian,-14.154583700803888,9.807727096385076,-1.611520344819856,0.3379908067237827,-0.1642584306080647,-0.423869778646918
P48,15178,1519319.3193193194,pedestrian,-14.303417846356556,9.823408321794409,-1.602511332248293,0.2954373069135274,-0.0655481476401546,-0.4243510589968862
P48,15179,1519419.4194194195,pedestrian,-14.452774160198802,9.83215049427669,-1.58153618303754,0.2505356282071513,0.041249478874963,-0.4337526669697789
P48,15180,1519519.5195195195,pedestrian,-14.597843360363752,9.83673940393287,-1.5494594344646817,0.2042464423459087,0.1496416945363455,-0.4448856125447383
P48,15181,1519619.6196196198,pedestrian,-14.729127716929852,9.83771461902227,-1.5064503774990097,0.1574096996335075,0.2583528571287024,-0.4538200795633786
P48,15182,1519719.7197197198,pedestrian,-14.824636527146582,9.832993188869454,-1.455329059602268,0.1104864551984418,0.3563218738343544,-0.4596214235424182
P48,15183,1519819.81981982,pedestrian,-14.94729715690264,9.81887473782704,-1.4110957616526325,0.0643769407285663,0.3895420764534076,-0.4600145534218052
P48,15184,1519919.91991992,pedestrian,-15.064349466945744,9.785978839544676,-1.378307667569335,0.0221570034781892,0.3654761979119217,-0.4451697276629202
P48,15185,1520020.0200200202,pedestrian,-15.185315616299691,9.763796271373192,-1.3636458498518311,-0.0062004753204617,0.2804524415676271,-0.3823239384620872
P48,15186,1520120.1201201202,pedestrian,-15.327133950441883,9.76549143826905,-1.3739124573470107,-0.0135221042060904,0.1317549230781968,-0.2622912362394575
P48,15187,1520220.2202202205,pedestrian,-15.504362223832416,9.786918843318109,-1.410809420696705,1.2908147466711428e-05,-0.0624971791630157,-0.107968230673969
P48,15188,1520320.3203203203,pedestrian,-15.724619304580395,9.819708030949554,-1.465457496568715,0.0283315221979214,-0.2501810487825782,0.0437789494929295
P48,15189,1520420.4204204206,pedestrian,-15.878072813472585,9.843419445603208,-1.513673496337398,0.0623400018072703,-0.3400546088682281,0.1586811768735636
P48,15190,1520520.5205205206,pedestrian,-16.056038109736335,9.871178708903953,-1.557188834267069,0.0976599806132593,-0.3768056856973267,0.2340616469452249
P48,15191,1520620.620620621,pedestrian,-16.240038111689,9.899954647561517,-1.5903028252492826,0.1297677559405816,-0.3589483901638339,0.2677190937570782
P48,15192,1520720.7207207207,pedestrian,-16.409673319514294,9.926685412303712,-1.6048429017782837,0.1545830679518402,-0.2759867513852807,0.2600266928355156
P48,15193,1520820.820820821,pedestrian,-16.52870064169007,9.946209663168506,-1.5965785861946298,0.1690283023493577,-0.1367886258614493,0.2151014017237101
P48,15194,1520920.920920921,pedestrian,-16.672102645918706,9.970641197475713,-1.5795493945709729,0.1725000677685138,-0.0176374404782794,0.1450578825540762
P48,15195,1521021.021021021,pedestrian,-16.84123925582288,9.975371864314956,-1.558492150882102,0.1615596373201383,0.070878298024652,0.046310983256201
P48,15196,1521121.121121121,pedestrian,-16.981048040779026,9.970391184493408,-1.5263954113236138,0.1386283868496149,0.1678453063354804,-0.0606047761029424
P48,15197,1521221.2212212214,pedestrian,-17.0822789141461,9.952814223678992,-1.4844184419192747,0.1084591025947229,0.2654864680364796,-0.1540848140683417
P48,15198,1521321.3213213214,pedestrian,-17.20039693959324,9.936677975932655,-1.4471193208228597,0.0796620948785288,0.3070780251827807,-0.2059510382086659
P48,15199,1521421.4214214217,pedestrian,-17.342860448334825,9.938899599355144,-1.4230088141478143,0.060197039252177,0.28137186466752,-0.2014883046803189
P48,15200,1521521.5215215215,pedestrian,-17.49433642599087,9.950275808759104,-1.411451216145319,0.051215016524555,0.2169603724148977,-0.1581007476638231
P48,15201,1521621.6216216218,pedestrian,-17.640357774573705,9.964525661586585,-1.408118158851442,0.0503578847882345,0.1456571831484345,-0.1000458924021983
P48,15202,1521721.7217217218,pedestrian,-17.758332866773387,9.975364521712208,-1.4107232135484034,0.0541885424511358,0.0790055297176636,-0.0463484469699186
P48,15203,1521821.821821822,pedestrian,-17.92781735072341,9.989195604714968,-1.4291246973296503,0.0607680459569605,-0.0230349298842218,-0.0028367387349458
P48,15204,1521921.921921922,pedestrian,-18.146824557682997,10.010001942455306,-1.4558009922705015,0.0673194104729002,-0.1175534326015173,0.0236733671644397
P48,15205,1522022.0220220222,pedestrian,-18.281806626083288,10.01176042216044,-1.4631988476654392,0.0681865374358968,-0.1006077194047552,0.0178457648101275
P48,15206,1522122.1221221222,pedestrian,-18.40630849959248,9.990182656961066,-1.4531316886348142,0.0644617654530411,-0.0225045176001396,-0.0035286138159786
P48,15207,1522222.2222222222,pedestrian,-18.51310516330037,9.978046015862384,-1.4309665041193989,0.066841013636501,0.0721977933969986,0.0070689665137523
P48,15208,1522322.3223223223,pedestrian,-18.62200132214635,9.991727287786702,-1.4085960279884788,0.0845929703479637,0.1309302082394042,0.073173762401149
P48,15209,1522422.4224224226,pedestrian,-18.77375682297481,10.03349969075184,-1.3979130332943388,0.1196732372385692,0.1215323350344347,0.1808209157083072
P48,15210,1522522.5225225226,pedestrian,-18.961806808111096,10.095867503785549,-1.395042741681216,0.1654311538394042,0.0854822022002419,0.2880886021680645
P48,15211,1522622.6226226226,pedestrian,-19.07653250786529,10.134240983385473,-1.380358361684478,0.2083863645939324,0.109247490240664,0.3428419468393565
P48,15212,1522722.722722723,pedestrian,-19.180680105338563,10.167643636971782,-1.359743360890625,0.2447003595339413,0.1467877380025992,0.3505812208101142
P48,15213,1522822.822822823,pedestrian,-19.284601928980265,10.198318687499375,-1.343510619961351,0.2734982880315205,0.1527576551049539,0.3261655881270311
P48,15214,1522922.922922923,pedestrian,-19.42520202639185,10.240696703065357,-1.3435142913972944,0.295837547071971,0.0934386005728467,0.2861794945094194
P48,15215,1523023.023023023,pedestrian,-19.615542527114044,10.286572402733327,-1.3594835434460422,0.3086059288019971,-0.0047720182016708,0.224597447365114
P48,15216,1523123.123123123,pedestrian,-19.78510394090661,10.295955376580128,-1.3721044900105954,0.3063722098670267,-0.051868450454561,0.128739152776652
P48,15217,1523223.2232232234,pedestrian,-19.898802268000143,10.291027391266423,-1.3677055657509227,0.2965468828708026,-0.0146708776201717,0.0406524589215584
P48,15218,1523323.3233233234,pedestrian,-19.99183305760121,10.299239843035377,-1.3524857807705108,0.2926339921108342,0.0500531650274843,0.0096942809814458
P48,15219,1523423.4234234234,pedestrian,-20.09551836394977,10.328087770059016,-1.3412806730820062,0.304944035651791,0.0740789955955677,0.0536739465646654
P48,15220,1523523.5235235237,pedestrian,-20.2346222037419,10.38534961853494,-1.3468897841974905,0.3383150688571025,0.02356507763682,0.1622623866053233
P48,15221,1523623.6236236235,pedestrian,-20.39279171013921,10.457608851203084,-1.3708232992053853,0.3893607996978546,-0.0784072634122849,0.2972432680167784
P48,15222,1523723.7237237238,pedestrian,-20.56093126939806,10.537486139870758,-1.4090909914376248,0.4514162933270831,-0.1963847311081734,0.422521028027102
P48,15223,1523823.8238238238,pedestrian,-20.7340481177229,10.620992426559583,-1.455672304551477,0.5173287099016041,-0.300803567017964,0.5141211257174687
P48,15224,1523923.923923924,pedestrian,-20.90942845838339,10.706006880559642,-1.5044096051700373,0.5808232597934382,-0.3730458552717903,0.5607820396906257
P48,15225,1524024.024024024,pedestrian,-21.085563717779436,10.79138915778426,-1.5498526934408017,0.6369563958234186,-0.4044653875531736,0.5607773767794559
P48,15226,1524124.1241241242,pedestrian,-21.26145982750821,10.876419469164889,-1.5874259389986698,0.6820066682777333,-0.3931645858702388,0.5177907594947394
P48,15227,1524224.2242242242,pedestrian,-21.436044758271358,10.960336252448643,-1.6131849526333664,0.7130414308730454,-0.3404307702714713,0.4371350188215803
P48,15228,1524324.3243243245,pedestrian,-21.607333232960396,11.041708846764376,-1.6233944894619328,0.7273438228757345,-0.2478626320854399,0.32289729784427
P48,15229,1524424.4244244243,pedestrian,-21.77071799714745,11.117174681949349,-1.614256918768154,0.7219324352389974,-0.116196248592859,0.1765519719683838
P48,15230,1524524.5245245246,pedestrian,-21.9149570765819,11.178484826857096,-1.5825276546060074,0.6936816105672245,0.0519731406489097,-0.0015584299939253
P48,15231,1524624.6246246246,pedestrian,-22.01240851654344,11.20531860745521,-1.5289275491225665,0.6413844906769613,0.239678290732928,-0.2037824900061323
P48,15232,1524724.724724725,pedestrian,-22.124596887911068,11.209770720867567,-1.4693571433208,0.5733358721280519,0.3776662312764398,-0.3885880793407988
P48,15233,1524824.824824825,pedestrian,-22.226294703982287,11.22087213328128,-1.4127590714530351,0.5038341829688828,0.4505554785788477,-0.5072825318955093
P48,15234,1524924.924924925,pedestrian,-22.352862534755825,11.243820362139456,-1.3709942313920582,0.4430203285947274,0.4376178831509781,-0.5462015739575989
P48,15235,1525025.025025025,pedestrian,-22.49269060762965,11.273349394092945,-1.346354830374359,0.3951003699242205,0.3632837438927349,-0.5200034805469175
P48,15236,1525125.125125125,pedestrian,-22.638857698031867,11.306378489705397,-1.3358311445890725,0.3606122810525055,0.2630618339557868,-0.4518820758098226
P48,15237,1525225.225225225,pedestrian,-22.78649823116753,11.340966725517536,-1.333831239952013,0.3380412207313304,0.1686902639080619,-0.3639883259925198
P48,15238,1525325.3253253254,pedestrian,-22.930395296812723,11.375533912228684,-1.3340088480506582,0.3249768151356177,0.102511127082451,-0.2733468021113829
P48,15239,1525425.4254254254,pedestrian,-23.06140746504057,11.407985746217618,-1.3310760647772135,0.3190512065613407,0.0740879293799351,-0.1902077637358445
P48,15240,1525525.5255255254,pedestrian,-23.159028408796896,11.434165176456112,-1.3242819849381329,0.3190555662129075,0.0716750638262909,-0.1163468552561674
P48,15241,1525625.6256256255,pedestrian,-23.28735905970928,11.471876011093396,-1.3264617044289213,0.3270695845640506,0.0353949680640512,-0.0400961768579557
P48,15242,1525725.7257257258,pedestrian,-23.432391629969427,11.51578577709011,-1.3409240483628837,0.3420917959726873,-0.0344370905459562,0.0337324124763202
P48,15243,1525825.8258258258,pedestrian,-23.586294181912223,11.562933358197288,-1.3661172705004818,0.3618586400761767,-0.1187770062552567,0.0973002460339981
P48,15244,1525925.9259259258,pedestrian,-23.74474762218557,11.61170057801973,-1.3985003151962183,0.3838932530951129,-0.1982587952489026,0.1449845721272348
P48,15245,1526026.026026026,pedestrian,-23.90541362210221,11.66122227927588,-1.434197238573277,0.4060470614925185,-0.2597360628345135,0.1746187897888899
P48,15246,1526126.1261261262,pedestrian,-24.06705831854648,11.711050144498303,-1.4698501195434797,0.4267211946766368,-0.2971753131972885,0.1870094006793451
P48,15247,1526226.2262262262,pedestrian,-24.229054720922218,11.760962681451527,-1.5029658982170446,0.4448981463760829,-0.3102396998026054,0.1849045625210959
P48,15248,1526326.3263263262,pedestrian,-24.39110271066557,11.810858932139794,-1.5319631206228903,0.4600720345314161,-0.3022587206974308,0.1719698036897971
P48,15249,1526426.4264264265,pedestrian,-24.553073247462997,11.860699793452318,-1.5560578637124889,0.4721348335354245,-0.278362412167898,0.1519906374010956
P48,15250,1526526.5265265263,pedestrian,-24.71492280930457,11.910476139471116,-1.575078840126027,0.4812535653925344,-0.2440652317368976,0.1283496785649957
P48,15251,1526626.6266266266,pedestrian,-24.876646852548344,11.960191764472372,-1.5892658584726398,0.4877576654387439,-0.2043351636304705,0.1037462195771214
P48,15252,1526726.7267267266,pedestrian,-25.038253907941687,12.009854154264051,-1.5990802943363254,0.4920449842373032,-0.1630708060505221,0.0800969531910417
P48,15253,1526826.826826827,pedestrian,-25.1997484729583,12.059468687656366,-1.605038481541485,0.4945078530273857,-0.1228703617728002,0.058553052021501
P48,15254,1526926.926926927,pedestrian,-25.361112519627703,12.10903267939836,-1.60756707749959,0.495476334569232,-0.0849755373372385,0.0395772691252799
P48,15255,1527027.027027027,pedestrian,-25.52227122656705,12.158524477994892,-1.606872619094179,0.495173631319505,-0.0492922587160939,0.023038256944252
P48,15256,1527127.127127127,pedestrian,-25.683013460674413,12.207878073872134,-1.6028169464435231,0.4936788303212124,-0.0144261025470587,0.0082967236886297
P48,15257,1527227.2272272273,pedestrian,-25.842797769970424,12.256920953699993,-1.5948024089232726,0.4908966748963461,0.0222580885289051,-0.0057146058662232
P48,15258,1527327.3273273276,pedestrian,-26.00027538063443,12.305221094251138,-1.5817152951167606,0.4865490669160935,0.0643739192691049,-0.0203577927660415
P48,15259,1527427.4274274276,pedestrian,-26.15211679255492,12.351710387162012,-1.562105105221406,0.4802453309405347,0.115438291164577,-0.0369027273822659
P48,15260,1527527.5275275277,pedestrian,-26.2901259933445,12.393758362568091,-1.5351258762768123,0.4718012508929095,0.1752581107433848,-0.055325561207985
P48,15261,1527627.6276276277,pedestrian,-26.394144547151807,12.424894430134454,-1.5036741860596012,0.4622699661974613,0.2292001833924335,-0.0708127463229769
P48,15262,1527727.727727728,pedestrian,-26.533562955565355,12.465729414209422,-1.4834780060714847,0.4568945684525322,0.2185470700825634,-0.0641691839740443
P48,15263,1527827.827827828,pedestrian,-26.70641837663202,12.526580888933513,-1.4780879760090424,0.4578293522285917,0.1546056408747237,-0.0356314389023667
P48,15264,1527927.927927928,pedestrian,-26.875968094733583,12.588292646833372,-1.4783077795828057,0.4596845276744304,0.093730899704718,-0.0146032026364812
P48,15265,1528028.028028028,pedestrian,-26.99159190902314,12.626190472705344,-1.4750543693721911,0.4558753461814233,0.0699599521784164,-0.0237073538052016
P48,15266,1528128.1281281284,pedestrian,-27.123592445340588,12.661268111560249,-1.4799978965042837,0.4481072659783533,0.0236265627610394,-0.0446312055561228
P48,15267,1528228.2282282284,pedestrian,-27.29943074988352,12.70533580596302,-1.5012765328958215,0.4390889532716409,-0.0680729705365165,-0.0622807301803964
P48,15268,1528328.3283283284,pedestrian,-27.53356628253478,12.76745618798941,-1.5324350731977567,0.4277729407788556,-0.1624903749685536,-0.0819896093368653
P48,15269,1528428.4284284285,pedestrian,-27.68065379090938,12.796972096024184,-1.5437191497853862,0.404634226416969,-0.1431711932707919,-0.1399001002378737
P48,15270,1528528.5285285288,pedestrian,-27.82179565922234,12.806272825106356,-1.5356544157096577,0.3700664622967922,-0.0563098571045043,-0.2196545236104203
P48,15271,1528628.6286286288,pedestrian,-27.920018669157116,12.813201235656372,-1.5101348339309053,0.3306160249926746,0.0645263271246278,-0.2873829919419426
P48,15272,1528728.7287287288,pedestrian,-28.0384507326932,12.824479227818504,-1.4849178124855753,0.2927512447916517,0.1372770586884051,-0.32266755465218
