34,10355,1036536.5365365365,pedestrian,-14.901278386945373,11.802768280550275,0.13135856508126917,0.8852730226506633,-0.09482240239600459,-0.11029008731686596
P34,10356,1036636.6366366367,pedestrian,-14.898810478964162,11.869017157985292,0.10784136182677281,0.8703444171997716,-0.14921877320474364,-0.12537146079005118
P34,10357,1036736.7367367367,pedestrian,-14.901536261245608,11.952298763898435,0.08341556407589885,0.8619247176581888,-0.18602083575053624,-0.10935368840951087
P34,10358,1036836.8368368369,pedestrian,-14.906333845226422,12.064522574066407,0.0603014316307049,0.8613111886751746,-0.2034481420978238,-0.0692790230509728
P34,10359,1036936.9369369369,pedestrian,-14.903314111232287,12.143336759334778,0.04084245630428794,0.8584140488663217,-0.19993352136019488,-0.05361922261148593
P34,10360,1037037.0370370371,pedestrian,-14.887627275584498,12.23653098922348,0.02381265625260298,0.854991440146387,-0.18836206473905343,-0.04607697483663187
P34,10361,1037137.1371371371,pedestrian,-14.87783214004429,12.315113804431013,0.0018376522184026037,0.8471610839560957,-0.20046244594129456,-0.05855784207815271
P34,10362,1037237.2372372373,pedestrian,-14.900604767324168,12.363575655919668,-0.032635123728852605,0.8358516283390073,-0.25633646248388736,-0.07968662085560596
P34,10363,1037337.3373373373,pedestrian,-14.927428936724642,12.450617915846644,-0.0772515079516216,0.8340584354152626,-0.3298595733953452,-0.05570475216421816
P34,10364,1037437.4374374375,pedestrian,-15.003199463038678,12.561050906015293,-0.13017071420915755,0.8416528791501336,-0.4070406010592795,-0.004624320324030387
P34,10365,1037537.5375375375,pedestrian,-15.07965934083008,12.669429234251142,-0.1718709208429684,0.8495913786580044,-0.41074602994261183,0.027959637661329414
P34,10366,1037637.6376376377,pedestrian,-15.094160909153768,12.741034555776485,-0.18020471597380758,0.8484693967621308,-0.2836046572909431,0.012753427241650343
P34,10367,1037737.7377377377,pedestrian,-15.038420823425517,12.818029849277643,-0.15310709777244658,0.8420411086096153,-0.06840598855468105,-0.017129276643746374
P34,10368,1037837.8378378379,pedestrian,-14.998403718327056,12.891156783097209,-0.11381603941195942,0.8320437796833864,0.11053753195464017,-0.049252838380886024
P34,10369,1037937.9379379379,pedestrian,-14.99147077016278,12.963356256134485,-0.08020191528784083,0.8214050881686418,0.19799273341853343,-0.07139259044662828
P34,10370,1038038.0380380381,pedestrian,-15.000326421385717,13.03404176676467,-0.057552932456268996,0.8133431329133131,0.20896817690228806,-0.07494345770048123
P34,10371,1038138.1381381381,pedestrian,-15.016126420816645,13.113061207243309,-0.04445147447280397,0.8119899272314552,0.17865353595279185,-0.05109657227584882
P34,10372,1038238.2382382383,pedestrian,-15.0165477298784,13.20320332864693,-0.035984271904452775,0.8190789558339266,0.1421344000872557,-0.0037653668258360723
P34,10373,1038338.3383383383,pedestrian,-15.019010416363875,13.30706163637939,-0.03264975245780306,0.8329036540424194,0.09988642720797158,0.051314147168766824
P34,10374,1038438.4384384385,pedestrian,-15.029748725000038,13.404921351287191,-0.03457237658474063,0.8468926042978441,0.053651005597302376,0.08564728066177399
P34,10375,1038538.5385385385,pedestrian,-15.03714129954253,13.490853392475747,-0.03909144702624566,0.8565874113082891,0.015295419948730633,0.08999692678664642
P34,10376,1038638.6386386387,pedestrian,-15.042269026084734,13.566959906511736,-0.04503764774605898,0.8620599162990982,-0.013704429638665583,0.07628214700056013
P34,10377,1038738.7387387387,pedestrian,-15.04983629802658,13.651103603292363,-0.05256008727291173,0.8676062952456426,-0.03755900520050354,0.06817834286620095
P34,10378,1038838.8388388389,pedestrian,-15.05529314575207,13.739536423078308,-0.06144572489652646,0.8752360889457016,-0.0574395898983619,0.07130097652128113
P34,10379,1038938.9389389389,pedestrian,-15.0628217138717,13.841994233758877,-0.07294287011555395,0.8859409378119947,-0.07973044072695729,0.08513760625047324
P34,10380,1039039.039039039,pedestrian,-15.082357888408096,13.943067517753946,-0.08846106558820199,0.8956680250173783,-0.10896259316509953,0.08981031777601457
P34,10381,1039139.1391391391,pedestrian,-15.102942637206938,14.037720358064004,-0.10570150675413838,0.9005336600936289,-0.1335255580122359,0.07381430131243477
P34,10382,1039239.2392392393,pedestrian,-15.114506618180094,14.108145457309663,-0.12245519274403142,0.8985347943502667,-0.14666465883530613,0.037405116385586655
P34,10383,1039339.3393393393,pedestrian,-15.141576218346607,14.18357001060193,-0.14068200252366603,0.8968578536510606,-0.16041615293990336,0.016379554093445554
P34,10384,1039439.4394394394,pedestrian,-15.175416913543884,14.274334845073788,-0.15723411690537384,0.9018227517664771,-0.16233379392304176,0.029276405645328917
P34,10385,1039539.5395395395,pedestrian,-15.199269330479739,14.372647493670259,-0.1661875824774321,0.915022203629925,-0.13403636245272052,0.06910322020228901
P34,10386,1039639.6396396396,pedestrian,-15.20029156860474,14.491686900337793,-0.16458069338734005,0.9362229992260866,-0.07576752251877789,0.1245005477703924
P34,10387,1039739.7397397397,pedestrian,-15.19597059416578,14.601278069358967,-0.15761738021483862,0.958018444717453,-0.01934593533427474,0.1606973651675528
P34,10388,1039839.8398398398,pedestrian,-15.21209208367464,14.69035877339073,-0.1528905957072979,0.9767147173737185,0.0064970558144361625,0.1708217325108094
P34,10389,1039939.9399399399,pedestrian,-15.235951963982606,14.785970755455557,-0.15054359404152245,0.997336717439286,0.013077324549160826,0.18448427473597268
P34,10390,1040040.04004004,pedestrian,-15.261326668295847,14.906188985464395,-0.14729047143724536,1.0243171266771576,0.020617246359447054,0.21750308047927425
P34,10391,1040140.1401401401,pedestrian,-15.27323730504619,15.05293191813058,-0.13825886710600177,1.05428382735458,0.04764121511968595,0.24928508687666112
P34,10392,1040240.2402402402,pedestrian,-15.275918788392588,15.154143577691569,-0.1224577830677443,1.073695580358693,0.09042846153343842,0.22779212884887284
P34,10393,1040340.3403403403,pedestrian,-15.269391570094546,15.270155255154071,-0.10138187231115646,1.085704100328732,0.13706237782236558,0.1859306512074305
P34,10394,1040440.4404404404,pedestrian,-15.267911143367948,15.370007383972188,-0.07925342762341628,1.0880207443532706,0.16967384339984348,0.12273201586888528
P34,10395,1040540.5405405405,pedestrian,-15.267866853705884,15.4666939793601,-0.057758038474306814,1.0839672292808538,0.18716937960342467,0.05936284976597421
P34,10396,1040640.6406406406,pedestrian,-15.265866742392594,15.56927790084707,-0.03720023090264844,1.0779696675468653,0.19423634165681428,0.013055586834366487
P34,10397,1040740.7407407407,pedestrian,-15.262029820500272,15.679285656133414,-0.017794025950805394,1.0721040530857002,0.1940933362078159,-0.0147621509357313
P34,10398,1040840.8408408408,pedestrian,-15.252460324795692,15.793297529754879,0.00026087988022608505,1.0651690005527157,0.18876497262271166,-0.03592796835646374
P34,10399,1040940.9409409409,pedestrian,-15.244902934208621,15.892729875371472,0.015030310781775594,1.0534565977887607,0.17276284756381277,-0.06740508989140753
P34,10400,1041041.0410410411,pedestrian,-15.239142216616575,15.978843728548105,0.025439408859561648,1.0376720436467193,0.1460620876872203,-0.10245533509022714
P34,10401,1041141.1411411413,pedestrian,-15.23274440811412,16.075776441345692,0.031058632425450004,1.0231522109250395,0.11115026977130488,-0.1189929959304718
P34,10402,1041241.2412412413,pedestrian,-15.2310982673118,16.18323859352489,0.030922566791534652,1.0110395661986995,0.06747089417904809,-0.11977423701108525
P34,10403,1041341.3413413415,pedestrian,-15.22942925754951,16.286987448278197,0.02531300587229044,0.9977769029138192,0.019520682404368467,-0.12471240892832551
P34,10404,1041441.4414414415,pedestrian,-15.25524935174653,16.39469679346905,0.013748846027335906,0.9799651018729862,-0.03290821868241878,-0.14537681406503555
P34,10405,1041541.5415415417,pedestrian,-15.264655526515462,16.490395632317604,0.00599622757084976,0.9508418810241333,-0.05020006926201451,-0.2018889131785486
P34,10406,1041641.6416416417,pedestrian,-15.24771950862715,16.552037667071232,0.006501310452730166,0.9053410498818314,-0.02875207857524415,-0.2999803309360414
P34,10407,1041741.7417417419,pedestrian,-15.239882974414172,16.597903592037138,0.009882720659353663,0.84848662952981,-0.00447525630041715,-0.40402364990239464
P34,10408,1041841.8418418419,pedestrian,-15.243901429603579,16.645982479437627,0.013799083406454696,0.789353947794373,0.01245138050773717,-0.47651043430764634
P34,10409,1041941.9419419421,pedestrian,-15.245004030766742,16.703337488255034,0.02073107813489072,0.7346530109378959,0.034502444571509486,-0.5036677376735965
P34,10410,1042042.0420420421,pedestrian,-15.223968801448482,16.757868188777433,0.03304023136157642,0.6859654019600531,0.06884743077738101,-0.496959729018759
P34,10411,1042142.1421421423,pedestrian,-15.201798390020102,16.81582989475187,0.04527726428228305,0.6443596683904527,0.08957901670352889,-0.4653896208723608
P34,10412,1042242.2422422423,pedestrian,-15.18867580018958,16.872860163154577,0.05111648554602613,0.6082943593993408,0.07744875330588713,-0.42458794007899864
P34,10413,1042342.3423423425,pedestrian,-15.193484793097399,16.924406132429404,0.046789853451009576,0.5752483602156714,0.03060056576806,-0.3879165310796618
P34,10414,1042442.4424424425,pedestrian,-15.21008628428039,16.961959514612975,0.03451218935948399,0.5435151116845396,-0.02889711146480646,-0.36039062323129384
P34,10415,1042542.5425425427,pedestrian,-15.224169542820738,17.001181771086067,0.020695989930901125,0.515889326255387,-0.0712631716918025,-0.32762066656287125
P34,10416,1042642.6426426427,pedestrian,-15.238416645787025,17.041251247727015,0.010975734416967347,0.4943249823367442,-0.08129583265503693,-0.2840642407305466
P34,10417,1042742.7427427429,pedestrian,-15.233970736739481,17.0849611006331,0.011685110567047182,0.4804638093077669,-0.046983261853390815,-0.22754167500433492
P34,10418,1042842.8428428429,pedestrian,-15.20294078964038,17.146959229258457,0.02309334965882435,0.47487665376265237,0.01550266160055,-0.16087281858922722
P34,10419,1042942.9429429431,pedestrian,-15.18544353071022,17.188503745268804,0.035607510104512415,0.4711914341333425,0.05801899732817324,-0.11271022013362285
P34,10420,1043043.0430430431,pedestrian,-15.174182440655795,17.234077767590193,0.044260547645699026,0.47065289732837573,0.06905432213981338,-0.0710416052460828
P34,10421,1043143.1431431433,pedestrian,-15.171306517081698,17.276233589220173,0.046170708047308454,0.4736097594380587,0.04965385717395756,-0.03199336691883645
P34,10422,1043243.2432432433,pedestrian,-15.178047926320776,17.314913906799372,0.04123941449172458,0.482527972229188,0.011251311264791827,0.015015743019983652
P34,10423,1043343.3433433435,pedestrian,-15.186434759660823,17.36968437089155,0.03273041100981339,0.502802585957107,-0.026118072788041805,0.08781924682153777
P34,10424,1043443.4434434435,pedestrian,-15.195985597539527,17.44129877918755,0.024496636947079695,0.5359857917462578,-0.04791216217261188,0.18242305196464634
P34,10425,1043543.5435435437,pedestrian,-15.195102983576072,17.52604847272257,0.021074817975199958,0.5794408805607403,-0.04258249270939174,0.28013745960586056
P34,10426,1043643.6436436437,pedestrian,-15.188510604599266,17.625514661673893,0.02350186031356366,0.6274802686831141,-0.016637734121584147,0.3576961286365114
P34,10427,1043743.7437437439,pedestrian,-15.188402171000066,17.70826679027634,0.03102806072298099,0.6700346995536025,0.01901110843524774,0.3838714908724214
P34,10428,1043843.8438438439,pedestrian,-15.172526714953293,17.77199906107603,0.046173056341106314,0.7040204554174544,0.07036879443164704,0.3666521030322075
P34,10429,1043943.9439439441,pedestrian,-15.145236466193516,17.83729358196541,0.06665933565609128,0.7349326981766592,0.12250361143457969,0.34419745603687785
P34,10430,1044044.0440440441,pedestrian,-15.12352327609955,17.919267123942483,0.08643924543307276,0.7698593395594062,0.15165864437524743,0.3460297728847219
P34,10431,1044144.1441441443,pedestrian,-15.11069979605252,18.02235093150669,0.10170211621543825,0.811913235541532,0.1519759955170103,0.37479306842350896
P34,10432,1044244.2442442443,pedestrian,-15.092592014184788,18.13276149361085,0.11222269374292734,0.8581260981376507,0.13377763761920322,0.4085197752604441
P34,10433,1044344.3443443445,pedestrian,-15.083074845398817,18.248509840431307,0.11578455464301048,0.9041487452432792,0.09565571562900028,0.4284150950261847
P34,10434,1044444.4444444445,pedestrian,-15.079985336513031,18.36356041756237,0.11299685883635156,0.9446469225734597,0.04770768221184625,0.41916039559014373
P34,10435,1044544.5445445447,pedestrian,-15.071743464029405,18.455957142456565,0.10660345071475864,0.975052115877677,0.004390032764657235,0.37435401359306103
P34,10436,1044644.6446446447,pedestrian,-15.062226476109117,18.55039540409127,0.09699023492455325,1.0000508817416078,-0.034598185802812376,0.32597444682529364
P34,10437,1044744.7447447449,pedestrian,-15.065573174592506,18.65831197131589,0.083201081242843,1.0249713691448081,-0.0746460345410229,0.2960735925840656
P34,10438,1044844.8448448449,pedestrian,-15.06972288293244,18.781860664662613,0.0683686435507788,1.0513180530624395,-0.10319245422260095,0.28331244920776016
P34,10439,1044944.944944945,pedestrian,-15.071091055801729,18.914261854951597,0.05565095120789469,1.0753011447041179,-0.11245452563874307,0.26633858694926876
P34,10440,1045045.0450450451,pedestrian,-15.06869586637218,19.02123583172979,0.04704684251982045,1.0894002737790138,-0.10216668274758892,0.2176205066720292
P34,10441,1045145.1451451452,pedestrian,-15.063810770919554,19.111315557030593,0.04314234251281245,1.0951141481557067,-0.07764591301770989,0.15529479281840217
P34,10442,1045245.2452452453,pedestrian,-15.055669906869154,19.21249608490686,0.043715890458532275,1.1008291591768913,-0.045277139549816985,0.11717008121925346
P34,10443,1045345.3453453454,pedestrian,-15.048622108231587,19.331614833989367,0.04754110900474799,1.1118581448719858,-0.012863558412337384,0.11445616715490006
P34,10444,1045445.4454454455,pedestrian,-15.032437294791269,19.459792632084348,0.05413670958080713,1.1275357720246437,0.017710805789450564,0.13082515619927712
P34,10445,1045545.5455455456,pedestrian,-15.02873057896782,19.595527038186997,0.05975981969038089,1.144074560814765,0.032643636615362404,0.14417917186687693
P34,10446,1045645.6456456457,pedestrian,-15.023811546684684,19.710571746066023,0.06550823537615545,1.1545585719247855,0.04226510779540662,0.12886594090460238
P34,10447,1045745.7457457458,pedestrian,-15.018390129659744,19.817456676177223,0.07259024772085888,1.159501221005553,0.053323473098808596,0.09800612483591374
P34,10448,1045845.8458458459,pedestrian,-15.00542500543572,19.92388736414867,0.0827007877344712,1.1628019350447836,0.07183450821330302,0.07275887786233531
P34,10449,1045945.945945946,pedestrian,-14.994615899056939,20.05373346105978,0.09539288247306399,1.169223927095677,0.09317133792409432,0.0694188826368878
P34,10450,1046046.0460460461,pedestrian,-14.96286618047781,20.18434986570598,0.11180692075237135,1.1749805348487572,0.12065979194436305,0.0647949417810804
P34,10451,1046146.1461461462,pedestrian,-14.939758170403154,20.30555152450596,0.12560495829059862,1.1753118252576615,0.1273305614010884,0.04092460052369663
P34,10452,1046246.2462462463,pedestrian,-14.926026363399005,20.4042808525904,0.13336713065397587,1.1681035830691577,0.10800205848903435,-0.00291991741808012
P34,10453,1046346.3463463464,pedestrian,-14.921263106156196,20.509648954722664,0.1349846903671409,1.1593630442057778,0.07234616542138661,-0.03568561873104641
P34,10454,1046446.4464464465,pedestrian,-14.906249480634152,20.624997324901816,0.13373856066695838,1.1528568897403686,0.03942636266872241,-0.04706492011711105
P34,10455,1046546.5465465466,pedestrian,-14.893801012252146,20.740512642751074,0.12889159451891974,1.1485505500026547,0.005321472903672832,-0.0454946980982507
P34,10456,1046646.6466466467,pedestrian,-14.89089849453861,20.857707999419443,0.11999303289553315,1.1461368693249605,-0.031256643051947336,-0.037193593798707805
P34,10457,1046746.7467467468,pedestrian,-14.887601046055197,20.9754999109476,0.10965910662761189,1.1445232058618415,-0.05920102279614978,-0.029012425711190632
P34,10458,1046846.8468468469,pedestrian,-14.894436751447062,21.078488225031393,0.10012015873763583,1.142160027698008,-0.07321336572018326,-0.026914333927618408
P34,10459,1046946.946946947,pedestrian,-14.884906906682952,21.183838713363546,0.09772054865465629,1.1432767775010915,-0.054096524189506334,-0.01213423193983
P34,10460,1047047.0470470471,pedestrian,-14.868506719086712,21.31104206035325,0.10342628616722296,1.1522489595116086,-0.01096560757253856,0.027374317778562647
P34,10461,1047147.1471471472,pedestrian,-14.84661143003384,21.44819612330512,0.11625702897322061,1.1660972591317622,0.043054286828380854,0.07045606665944963
P34,10462,1047247.2472472473,pedestrian,-14.8155149469342,21.573791458979198,0.13389658139494845,1.1781311068838232,0.0947526212767774,0.08977510181100275
P34,10463,1047347.3473473474,pedestrian,-14.788157712817208,21.685848106258998,0.15105791587025155,1.1858079825363343,0.12452548931470198,0.08469586921536992
P34,10464,1047447.4474474475,pedestrian,-14.768733068122561,21.793835403784815,0.16398778891505036,1.1919963832439222,0.12632839828180736,0.07581563805364441
P34,10465,1047547.5475475476,pedestrian,-14.744072570606967,21.926653663983902,0.17205018443312994,1.202057402006581,0.10855334837923145,0.08540251939044577
P34,10466,1047647.6476476477,pedestrian,-14.725245014986095,22.084354974294644,0.17245256084531635,1.2126649397421836,0.06797046364089906,0.09338712245747668
P34,10467,1047747.7477477478,pedestrian,-14.715380713406924,22.18670436205602,0.16379472400774664,1.2099170908864982,0.00800387533620621,0.04647436303870009
P34,10468,1047847.8478478479,pedestrian,-14.709344521924816,22.29283027638057,0.1470562838331431,1.1993881430641056,-0.06002180009956776,-0.012403749399393302
P34,10469,1047947.947947948,pedestrian,-14.706984954108504,22.39131172211834,0.12351276827256837,1.1851748419938335,-0.1280307924690517,-0.06271311488106592
P34,10470,1048048.048048048,pedestrian,-14.717740061678157,22.492642214799695,0.0944321534634538,1.1742328853140491,-0.19111186149431428,-0.08080339253242905
P34,10471,1048148.1481481482,pedestrian,-14.72715832891847,22.622105614134426,0.06482876768333905,1.1731019099838005,-0.23173060081720537,-0.05381961777598052
P34,10472,1048248.2482482482,pedestrian,-14.729129825409801,22.79177938504735,0.03847010727494177,1.1781933165570875,-0.2439956649271468,-0.013178824381323173
P34,10473,1048348.3483483484,pedestrian,-14.732755110510853,22.895171856942234,0.015520941357150344,1.1690197555935236,-0.23827570712185306,-0.043641162054227245
P34,10474,1048448.4484484484,pedestrian,-14.740868423927036,22.988316178447388,-0.00406356399022036,1.14765176169754,-0.22172690223174657,-0.10957203793537705
P34,10475,1048548.5485485486,pedestrian,-14.74377189293258,23.06690502400504,-0.019107670742069167,1.1192829438387222,-0.19399333212909586,-0.17705868185847173
P34,10476,1048648.6486486488,pedestrian,-14.742435244932983,23.154486946799867,-0.03066535326459998,1.0943165992245887,-0.163504969940541,-0.20514896567306523
P34,10477,1048748.7487487488,pedestrian,-14.744292130714996,23.262526797313786,-0.041906985124686956,1.080210268365179,-0.1436272763778349,-0.18021434761153443
P34,10478,1048848.8488488488,pedestrian,-14.75613608936628,23.388444946266194,-0.055567544049428465,1.077111061892482,-0.14084822594741475,-0.12227003124544804
P34,10479,1048948.9489489489,pedestrian,-14.770592035661883,23.507584540399247,-0.07130983010037432,1.0782351548932145,-0.1472218489651069,-0.07044168756726298
P34,10480,1049049.0490490492,pedestrian,-14.786759015759996,23.615233982241957,-0.08834374004476275,1.0788298098248676,-0.15613048492663212,-0.04078793559826266
P34,10481,1049149.1491491492,pedestrian,-14.808259695591403,23.71251590897562,-0.10580506926449781,1.0783364459031457,-0.16323824041369628,-0.026866374616473336
P34,10482,1049249.2492492492,pedestrian,-14.830707886420539,23.815129951958802,-0.12123433670243244,1.080593611126006,-0.15970541949513062,-0.007681906000683254
P34,10483,1049349.3493493493,pedestrian,-14.855463854135682,23.938609250426474,-0.13186144483756462,1.088381798476032,-0.13891945013915008,0.025506122192644323
P34,10484,1049449.4494494495,pedestrian,-14.874906916466202,24.054872940949522,-0.13357295981240602,1.09708683625747,-0.09162495261713188,0.04936553663322605
P34,10485,1049549.5495495496,pedestrian,-14.876891649245568,24.17473440868576,-0.12311988258553683,1.104768053965306,-0.015512368692092299,0.05999127324495899
P34,10486,1049649.6496496496,pedestrian,-14.865260600058466,24.274379709544384,-0.1025198826312351,1.1080412231062542,0.07040498366904104,0.04939563003443928
P34,10487,1049749.7497497497,pedestrian,-14.855956884706185,24.378924384882364,-0.07802364598743092,1.1112730064092697,0.13807796463227967,0.0427530025441534
P34,10488,1049849.84984985,pedestrian,-14.85429654041212,24.494364035969408,-0.05438560427870352,1.117794482376664,0.1761499701200957,0.05144796978719253
P34,10489,1049949.94994995,pedestrian,-14.85288606562748,24.621846819219833,-0.03268520108717155,1.1274659537754956,0.19192641812114683,0.06898424481872725
P34,10490,1050050.05005005,pedestrian,-14.851715115811528,24.740074296599765,-0.012975121580263671,1.1356874977381552,0.19385873661895417,0.07408904818510871
P34,10491,1050150.15015015,pedestrian,-14.84432212158266,24.85242179820043,0.005664760163946379,1.1411434023155766,0.19089022106009804,0.0664857709684318
P34,10492,1050250.2502502503,pedestrian,-14.8396152908664,24.95335384571423,0.02251663533616016,1.1448487592706342,0.18213956415692356,0.05504497789609679
P34,10493,1050350.3503503504,pedestrian,-14.83254037940735,25.07068366463296,0.03843623789169216,1.1528315695288918,0.1731704332309008,0.06463549196038663
P34,10494,1050450.4504504504,pedestrian,-14.830040409539327,25.201664537768508,0.054035229515819835,1.1660064276052062,0.16643991397644806,0.09063953086517104
P34,10495,1050550.5505505505,pedestrian,-14.810751763627186,25.336287080831386,0.07253265005546868,1.1806208152919144,0.17356363465961708,0.11213114087159197
P34,10496,1050650.6506506507,pedestrian,-14.784839565504887,25.47358675740504,0.09167699290703477,1.191459707958879,0.1804307494583718,0.11063622850896118
P34,10497,1050750.7507507508,pedestrian,-14.769762060612472,25.585550700970835,0.1068391093141896,1.1915319124004475,0.16918719506870217,0.06796417259089285
P34,10498,1050850.8508508508,pedestrian,-14.758875062005327,25.68504933113374,0.11742985737689293,1.1824583571171443,0.14457911507196808,0.006387704733028923
P34,10499,1050950.9509509508,pedestrian,-14.750368372541429,25.791422385816695,0.12465270385340087,1.1703318905543367,0.11646251795801364,-0.043123454988231336
P34,10500,1051051.0510510511,pedestrian,-14.741357018115295,25.905584763622965,0.1309346341724015,1.15857426339333,0.09561232602723961,-0.07198248461733682
P34,10501,1051151.1511511512,pedestrian,-14.727531215873173,26.013086240291102,0.1390146106398874,1.1472104777000922,0.08983030463699374,-0.08811015353886865
P34,10502,1051251.2512512512,pedestrian,-14.70401986495387,26.125907954902214,0.15045436989187466,1.1383427990346504,0.09932360394001502,-0.08829570961956393
P34,10503,1051351.3513513512,pedestrian,-14.678511024882942,26.223538773338156,0.16367335295202998,1.1319029674471037,0.11203187708655289,-0.07899306845277383
P34,10504,1051451.4514514515,pedestrian,-14.656419708133772,26.33092457928265,0.17660806800282916,1.1339683396364018,0.11870393670618526,-0.040315402044278886
P34,10505,1051551.5515515516,pedestrian,-14.63252739173378,26.46121322424325,0.18880352964973426,1.1483763133986553,0.11991859574644359,0.03121603812647271
P34,10506,1051651.6516516516,pedestrian,-14.610490518293076,26.61262489663487,0.19949148921230925,1.1716533008994046,0.11481499575205978,0.10937453482758672
P34,10507,1051751.7517517516,pedestrian,-14.581752305987177,26.741425046595126,0.2089083630422806,1.1926614270603835,0.10676297935800359,0.14839015725700513
P34,10508,1051851.851851852,pedestrian,-14.55285257528513,26.869815415665013,0.2148477656871722,1.2086988663703304,0.08834996201894035,0.15298051260246381
P34,10509,1051951.951951952,pedestrian,-14.534606321403768,26.98788342229356,0.21459558841937842,1.217455677150449,0.053071979519688076,0.12755158212503656
P34,10510,1052052.052052052,pedestrian,-14.519137392130553,27.111395972914625,0.20888168064925097,1.2205506404326407,0.010307132423195572,0.09003597471730182
P34,10511,1052152.152152152,pedestrian,-14.5012196162104,27.23978916653802,0.1990093152247654,1.217386519840274,-0.03198335616961438,0.0428097572427277
P34,10512,1052252.2522522523,pedestrian,-14.490530267504607,27.349017840292696,0.1846116881469138,1.204506750157331,-0.07540625774733244,-0.02376307687712295
P34,10513,1052352.3523523523,pedestrian,-14.48632521225903,27.445046292876967,0.16712234033218878,1.184378729423604,-0.11396209440929138,-0.09260207372500696
P34,10514,1052452.4524524524,pedestrian,-14.476620738544252,27.539007874227686,0.14977816760377025,1.1638396651139207,-0.13698642471957947,-0.1363100280594996
P34,10515,1052552.5525525524,pedestrian,-14.47047248107812,27.6558314039022,0.13318660244962957,1.1506375517130265,-0.1481531505602921,-0.13459370452710684
P34,10516,1052652.6526526527,pedestrian,-14.460429863337197,27.787681678196645,0.11871078745774108,1.1440420115302694,-0.14677891670623489,-0.10792078047585733
P34,10517,1052752.7527527527,pedestrian,-14.456179255552097,27.909826899609502,0.1057688931922475,1.136876467122111,-0.13998904277524876,-0.09381373892793285
P34,10518,1052852.8528528528,pedestrian,-14.451565350444312,28.022763246709072,0.09559637702114994,1.1243344797002657,-0.12509443610420307,-0.10603543747446534
P34,10519,1052952.9529529528,pedestrian,-14.437437076265669,28.116104797858917,0.0892880667238419,1.1037843054389413,-0.10099540300941409,-0.14457127125562366
P34,10520,1053053.053053053,pedestrian,-14.426798784538388,28.200009695043722,0.08421992848443781,1.0789252902902167,-0.08144241010367169,-0.1848578145147043
P34,10521,1053153.1531531531,pedestrian,-14.420840888763713,28.291369928429543,0.0786856697654299,1.0566825846217334,-0.07128823971846832,-0.1993568978409121
P34,10522,1053253.2532532532,pedestrian,-14.416765790937301,28.39614919565793,0.07247415613923344,1.0412255161378663,-0.06770286828838751,-0.18190962247232265
P34,10523,1053353.3533533532,pedestrian,-14.414240709067087,28.510841224545093,0.06591577006734751,1.0315302025428281,-0.0668547484933084,-0.14888948661778237
P34,10524,1053453.4534534535,pedestrian,-14.407798650485917,28.610823636851688,0.059804817303075325,1.0221701446237168,-0.0646005678431589,-0.12738844038526836
P34,10525,1053553.5535535538,pedestrian,-14.406644925292065,28.702615337403756,0.05324546053540771,1.012562213673392,-0.06496061302197334,-0.1151960550892043
P34,10526,1053653.6536536538,pedestrian,-14.404643032559306,28.785170258073048,0.04707919609390467,1.0051870272500523,-0.06365630974173903,-0.09907762278909973
P34,10527,1053753.7537537538,pedestrian,-14.401457176363664,28.883490780324053,0.0417339084854887,1.0068103110255162,-0.05967429810119332,-0.05431716304274617
P34,10528,1053853.853853854,pedestrian,-14.400053791135948,29.00670676128409,0.03705681298878732,1.0196603233332773,-0.05464669982562203,0.016607758477128254
P34,10529,1053953.9539539542,pedestrian,-14.394961076934052,29.13737722452985,0.03346919302831575,1.0374117002327206,-0.047345535912267096,0.0790070784772683
P34,10530,1054054.0540540542,pedestrian,-14.393808890671336,29.25486066108055,0.029880092057569994,1.0507630795085827,-0.0428846329908236,0.10011628316318358
P34,10531,1054154.1541541542,pedestrian,-14.393326983847123,29.341622564049658,0.026514451243978183,1.0547868145590757,-0.03928891036273966,0.07685397723012788
P34,10532,1054254.2542542543,pedestrian,-14.389670745453058,29.42909434127947,0.02383294596055995,1.056285864751599,-0.03443579791283792,0.0528310175987448
P34,10533,1054354.3543543546,pedestrian,-14.386006604793266,29.5353902703124,0.02101799515415792,1.063041057292614,-0.03198435507586214,0.05851986221251561
P34,10534,1054454.4544544546,pedestrian,-14.37645998005027,29.659061361782804,0.016986818018495282,1.0769724490178263,-0.035201641970337934,0.08983229966225587
P34,10535,1054554.5545545546,pedestrian,-14.373482205739585,29.781500603859705,0.007768698272923317,1.0940738328740447,-0.05728691959051412,0.12128286243706604
P34,10536,1054654.6546546547,pedestrian,-14.381558775621368,29.89398524609019,-0.009352292115764022,1.1110689336405393,-0.10144855560714791,0.1401112245620169
P34,10537,1054754.754754755,pedestrian,-14.391874085600652,30.005422239036648,-0.034281826285711775,1.1290874082847093,-0.15875005000853235,0.1555989393108756
P34,10538,1054854.854854855,pedestrian,-14.4158450728673,30.130417360999726,-0.06768504380153631,1.1508995762493837,-0.2266698169309353,0.17978734345618544
P34,10539,1054954.954954955,pedestrian,-14.446932123036087,30.26249153949624,-0.1068817155432717,1.175417480573256,-0.2906905471687543,0.20507905386689715
P34,10540,1055055.055055055,pedestrian,-14.481503549592075,30.39787840849086,-0.14806765554732765,1.1996917262801718,-0.3375718061262057,0.2196068061429137
P34,10541,1055155.1551551553,pedestrian,-14.51748355590763,30.534066035077664,-0.1874883109461131,1.2199598208846743,-0.3594059650030428,0.21295702508131648
P34,10542,1055255.2552552554,pedestrian,-14.553470749660233,30.6685617435971,-0.2219539164111911,1.232113257323632,-0.3535458300640387,0.17741699554686666
P34,10543,1055355.3553553554,pedestrian,-14.587967102638535,30.797202857616963,-0.2490071403375441,1.2319857371844156,-0.321212592650466,0.10804415729972455
P34,10544,1055455.4554554555,pedestrian,-14.618274380334956,30.91077099287643,-0.2670702417818176,1.216159621811392,-0.2665647466562653,0.00471839199796828
P34,10545,1055555.5555555557,pedestrian,-14.638226058490657,30.987101354367848,-0.276103361932966,1.1849038596319315,-0.19811086196009614,-0.11833573051350019
P34,10546,1055655.6556556558,pedestrian,-14.659799406757816,31.074043258095468,-0.2799480136095041,1.1513145676763032,-0.136109749484532,-0.20266714306235012
P34,10547,1055755.7557557558,pedestrian,-14.681494574701789,31.180305814922882,-0.2819962926587896,1.1244091119979123,-0.0912121621060883,-0.22833614846509162
P34,10548,1055855.8558558559,pedestrian,-14.70566825454678,31.291575926441237,-0.2858251830153523,1.1055389886031826,-0.07065100080911256,-0.2128755015161758
P34,10549,1055955.9559559561,pedestrian,-14.747923715515036,31.409595131949548,-0.29460976325006194,1.0935573811690376,-0.07729240184733505,-0.1767007003172682
P34,10550,1056056.0560560562,pedestrian,-14.803333158179452,31.539674881444476,-0.30505755034939247,1.0841377415790647,-0.08780600382007307,-0.1446336407225994
P34,10551,1056156.1561561562,pedestrian,-14.83997812175171,31.633586564198414,-0.30821296454176206,1.066975667337243,-0.06595519976773018,-0.1550441641257802
P34,10552,1056256.2562562563,pedestrian,-14.87844986160273,31.75017968168513,-0.3009174903767468,1.0438486124603823,-0.012054779277693634,-0.184547603395967
P34,10553,1056356.3563563565,pedestrian,-14.89514282657574,31.818972922985868,-0.2776655152837475,1.0061813284168808,0.08280565685171312,-0.2589897854549023
P34,10554,1056456.4564564566,pedestrian,-14.896697634535736,31.878190119198862,-0.23878766281429792,0.9610763448400161,0.20144198931346835,-0.3333777849547977
P34,10555,1056556.5565565566,pedestrian,-14.88962841633606,31.933696509557517,-0.18797870493299607,0.9184014738111358,0.3202939477819823,-0.36946132668277554
P34,10556,1056656.6566566566,pedestrian,-14.87805811571327,32.01131066192431,-0.12975937935730128,0.8894266711678785,0.4217445965017995,-0.338401894712739
P34,10557,1056756.756756757,pedestrian,-14.857931118782599,32.10733383630539,-0.0677967794695538,0.8776837731388493,0.498327162487014,-0.2525684092634752
P34,10558,1056856.856856857,pedestrian,-14.833790961542444,32.21198326528266,-0.006539050069654905,0.8802270013328601,0.5424444550215455,-0.14465060075727676
P34,10559,1056956.956956957,pedestrian,-14.808469412844305,32.31812813307153,0.050097526276768146,0.8912391822998783,0.5515115002021378,-0.04578354257584459
P34,10560,1057057.057057057,pedestrian,-14.784426969003421,32.41763819893896,0.09940871451387658,0.9046975493129923,0.528647687241675,0.02418782977729874
P34,10561,1057157.1571571573,pedestrian,-14.765347417614654,32.49566590957897,0.1404884594235602,0.9175197237550659,0.48273542928576585,0.06452694021640683
P34,10562,1057257.2572572574,pedestrian,-14.739309568226998,32.60396336752803,0.1755118828808804,0.9360208061845111,0.4311587705409911,0.11123034402893575
P34,10563,1057357.3573573574,pedestrian,-14.719032028978507,32.69001532089375,0.20507234041535544,0.9566139853740727,0.3784180599675801,0.14791615933499336
P34,10564,1057457.4574574574,pedestrian,-14.691723003143078,32.81055444245248,0.23288480439876397,0.9855435943416914,0.3393733595430718,0.20269150915655845
P34,10565,1057557.5575575577,pedestrian,-14.649751941601249,32.9617018739177,0.26119465308135337,1.0178801835981912,0.3174159654585382,0.24941515683725157
P34,10566,1057657.6576576577,pedestrian,-14.6189533792398,33.05761114170691,0.28749041576549794,1.0367779777762205,0.29617162021654486,0.22587836470733666
P34,10567,1057757.7577577578,pedestrian,-14.580797376626169,33.15178782729265,0.31420155713997094,1.0454025811760517,0.28478593111654354,0.17163568617470232
P34,10568,1057857.8578578578,pedestrian,-14.536769956334588,33.241831431063815,0.34217349412590436,1.0481158149303573,0.28271035471031714,0.11552489117427943
P34,10569,1057957.957957958,pedestrian,-14.473724784436476,33.35557205467987,0.3711062907737717,1.0513950548018713,0.28516717234996336,0.08339308132580431
P34,10570,1058058.0580580581,pedestrian,-14.411151325616798,33.469555151063446,0.3939231394679644,1.0529370201385713,0.26295009920464674,0.05699789973435215
P34,10571,1058158.1581581582,pedestrian,-14.374801382248016,33.552822478802376,0.4029217556591886,1.04954985016868,0.19576570212902863,0.021732917127265144
P34,10572,1058258.2582582582,pedestrian,-14.34587032953711,33.65841109828804,0.39930507687666456,1.0496009749045454,0.10573703161406658,0.013493869969435628
P34,10573,1058358.3583583585,pedestrian,-14.325661319904599,33.752686528966706,0.38643594355619554,1.053822269672297,0.014775312954759187,0.024627034884099744
P34,10574,1058458.4584584585,pedestrian,-14.300516942111283,33.902021316063966,0.3704024059404888,1.0680914912850412,-0.053145331658651165,0.07040785954734993
P34,10575,1058558.5585585586,pedestrian,-14.280351613303822,34.0022238999916,0.3550093554206081,1.0776770816884147,-0.0922132086262501,0.08025029172371312
P35,10264,1027427.4274274274,pedestrian,24.790979419308908,4.859353905910536,-1.2314672028262428,-0.30892355699578133,0.23129228797051277,0.1716476638265469
P35,10265,1027527.5275275275,pedestrian,24.67127906602507,4.830980951459323,-1.2074604665219597,-0.29107589535837275,0.2381202941379332,0.1769680445714793
P35,10266,1027627.6276276276,pedestrian,24.56680781711309,4.8139098878343765,-1.180443945232252,-0.2708830099923674,0.2602857787224477,0.19423938476859792
P35,10267,1027727.7277277277,pedestrian,24.46685631189183,4.802325764330085,-1.1496630606298228,-0.24763597887586064,0.28797750998967797,0.21652546492356595
P35,10268,1027827.8278278278,pedestrian,24.37991218906736,4.7925312787064716,-1.117666336481828,-0.2237491825906168,0.30397614028796155,0.22769156648650754
P35,10269,1027927.9279279279,pedestrian,24.2698425348357,4.778884006411871,-1.0936060806480281,-0.20392485946522976,0.2753453177032317,0.21434853717936964
P35,10270,1028028.028028028,pedestrian,24.157020001266215,4.760235093151552,-1.0786745189195577,-0.1912217688348974,0.2229405800482853,0.17803097262704476
P35,10271,1028128.1281281281,pedestrian,24.05610982292824,4.7402453890798535,-1.069717749045835,-0.18535533649405847,0.1701290165284896,0.13077395330219121
P35,10272,1028228.2282282282,pedestrian,23.958486107625784,4.719081336550659,-1.0678003279261439,-0.18496936024719632,0.11177302305394499,0.08171630141532513
P35,10273,1028328.3283283283,pedestrian,23.844482651400945,4.697168685041768,-1.0765739980285005,-0.1886653901998937,0.03525412784350851,0.03619386755747059
P35,10274,1028428.4284284284,pedestrian,23.710798618056856,4.668226195834185,-1.0948828795720775,-0.19543151098891093,-0.04852598950544944,-0.00366370278112884
P35,10275,1028528.5285285285,pedestrian,23.570443340753084,4.639450091297344,-1.1150935918433935,-0.20199914896050564,-0.1076412156587918,-0.0275392680445741
P35,10276,1028628.6286286288,pedestrian,23.45170539946555,4.6214298182038025,-1.1269689751106653,-0.20512212068005103,-0.11189337426864474,-0.028954565030151536
P35,10277,1028728.7287287288,pedestrian,23.35051320129497,4.6071297864938705,-1.1276907697748517,-0.20549020933170425,-0.07130703544632802,-0.0191543209923002
P35,10278,1028828.828828829,pedestrian,23.256216244036313,4.591300103336676,-1.1206579211080194,-0.20537022729628004,-0.01635086631401455,-0.011253228441311415
P35,10279,1028928.928928929,pedestrian,23.150228857929317,4.573603488936862,-1.1119372484407393,-0.20678170759542866,0.023836080307235767,-0.012359155624945193
P35,10280,1029029.0290290292,pedestrian,23.031967700419234,4.549294866650331,-1.1031860093026493,-0.21146774468259263,0.04853455718642731,-0.025741545368456024
P35,10281,1029129.1291291292,pedestrian,22.927242064225194,4.5238729805641515,-1.0906016701006405,-0.21912895423841136,0.07850942859703354,-0.04546793500913674
P35,10282,1029229.2292292294,pedestrian,22.83704489271649,4.491217672466573,-1.0743000344649791,-0.22947858314761596,0.11126045622193645,-0.06796035427464134
P35,10283,1029329.3293293294,pedestrian,22.75685667109568,4.453672235611307,-1.0594088676603548,-0.23984908413388625,0.1258210875111114,-0.08179829856079254
P35,10284,1029429.4294294296,pedestrian,22.647446054025803,4.4225416002871265,-1.0555188485370675,-0.2455682371756849,0.09206031502349414,-0.07222290435591033
P35,10285,1029529.5295295296,pedestrian,22.51079896626372,4.404718272520689,-1.0622710544878144,-0.2437908360755777,0.030132954238759967,-0.03729091737851989
P35,10286,1029629.6296296298,pedestrian,22.387116752364925,4.394608179323935,-1.068830414720973,-0.2361583904958454,-0.007004604249159985,0.006787282669636581
P35,10287,1029729.7297297298,pedestrian,22.278152738810647,4.383645119900719,-1.0681744152950328,-0.22705567773958982,-0.001741076037854658,0.03945570117196465
P35,10288,1029829.82982983,pedestrian,22.195378690121125,4.36511185494875,-1.0578899523157255,-0.22066728494892182,0.03882170892721144,0.048914530942957224
P35,10289,1029929.92992993,pedestrian,22.104895824492754,4.341785505808976,-1.0451237471417554,-0.21849872714587185,0.07326230403663679,0.038335116605842365
P35,10290,1030030.0300300302,pedestrian,22.000235143066227,4.3183109182097885,-1.0344119119453925,-0.22037496423238534,0.08636456876097927,0.016175582190771635
P35,10291,1030130.1301301302,pedestrian,21.894688817535013,4.2945211387485065,-1.024710946799947,-0.22634166179830006,0.09045962805560127,-0.013245472291089508
P35,10292,1030230.2302302304,pedestrian,21.807882998383448,4.264552028102069,-1.01389656117333,-0.23691660285512106,0.09728316299459618,-0.049117072433724984
P35,10293,1030330.3303303304,pedestrian,21.712694252632986,4.226507574716922,-1.0066669033343656,-0.25102117340780583,0.08755459420885649,-0.08475161856705105
P35,10294,1030430.4304304306,pedestrian,21.605756661329547,4.1843355685456505,-1.0050355637040966,-0.2649979816288537,0.05989041237777655,-0.1060563042983598
P35,10295,1030530.5305305306,pedestrian,21.484797490969154,4.153175441859547,-1.0067841686849046,-0.27354279365720685,0.029857476024159592,-0.09802245266430998
P35,10296,1030630.6306306308,pedestrian,21.382756015752307,4.131785870151221,-1.003788921643779,-0.27510919336567163,0.029882727126679935,-0.06604250120442148
P35,10297,1030730.7307307308,pedestrian,21.304079034059253,4.112162011217209,-0.9939779287028251,-0.2716205630324469,0.05633235587189783,-0.026872646040674894
P35,10298,1030830.830830831,pedestrian,21.221105473874772,4.0931080816892464,-0.9839061251601037,-0.2655524186590311,0.07352502220251766,0.007094753363966394
P35,10299,1030930.930930931,pedestrian,21.126702380099392,4.070418337237921,-0.9791285556219673,-0.25947888969108257,0.06350986223170069,0.027895937455644122
P35,10300,1031031.0310310312,pedestrian,21.023534976527454,4.042162201244008,-0.9815112780250467,-0.25448039473654066,0.02961240174022786,0.036452107045274816
P35,10301,1031131.1311311312,pedestrian,20.915227404127315,4.022180526344728,-0.9901301862083441,-0.24920588171514668,-0.015311527382162488,0.04275703935983352
P35,10302,1031231.2312312314,pedestrian,20.805523180284705,4.000193290835327,-1.002597115743024,-0.24515426609451213,-0.05771888623790426,0.041871336029999914
P35,10303,1031331.3313313314,pedestrian,20.702168791528916,3.9723232123634564,-1.0164640599202315,-0.24314171522177677,-0.08909233174184511,0.03342118138829075
P35,10304,1031431.4314314316,pedestrian,20.594860540772622,3.937769208732474,-1.0323879952309665,-0.24170990694726502,-0.11626355586998961,0.02599926288087133
P35,10305,1031531.5315315316,pedestrian,20.461937547738714,3.919501248863832,-1.0505336649681745,-0.23632261142764543,-0.14150291921134678,0.03679969869529989
P35,10306,1031631.6316316318,pedestrian,20.342831196447758,3.9035811365641186,-1.061486813923176,-0.22792666203212802,-0.12904818838698445,0.055075861308971956
P35,10307,1031731.7317317318,pedestrian,20.234149376644943,3.8925153207074645,-1.059919855151632,-0.21810181081661836,-0.07287076348972585,0.07179855498907362
P35,10308,1031831.831831832,pedestrian,20.1440702535674,3.8732844816937284,-1.0430336034558865,-0.2101822815914107,0.02091133318112337,0.07463943045564271
P35,10309,1031931.931931932,pedestrian,20.064691827183722,3.8586992244912808,-1.0134091212464031,-0.20442956961527492,0.12768852176270953,0.06797361682650781
P35,10310,1032032.0320320321,pedestrian,20.000102439997736,3.8450310608400073,-0.9761421988171685,-0.20291856664545382,0.2226522354381305,0.04744462033941102
P35,10311,1032132.1321321322,pedestrian,19.92419070466829,3.824469934135664,-0.9408667783685389,-0.2087198997285552,0.27302452747235995,0.006525402017803814
P35,10312,1032232.2322322323,pedestrian,19.83682688598237,3.7948402575746414,-0.9124083684287698,-0.22340083860304222,0.2774017946499285,-0.05294647797161952
P35,10313,1032332.3323323324,pedestrian,19.75018800893841,3.7560846621965704,-0.8905148027106845,-0.24638965168536958,0.25461859981387924,-0.12155095183493114
P35,10314,1032432.4324324325,pedestrian,19.670206726299334,3.7108514768912344,-0.8744747572501417,-0.27496327418669486,0.21797819570993648,-0.1851813587693436
P35,10315,1032532.5325325326,pedestrian,19.589020144797157,3.6545318224233947,-0.8659437681364478,-0.30508591907679516,0.16643951129705248,-0.23011637983941086
P35,10316,1032632.6326326327,pedestrian,19.491222222022223,3.606865804873187,-0.8666817574705558,-0.32906515964033417,0.09896079799273345,-0.2337797908637893
P35,10317,1032732.7327327328,pedestrian,19.38555187254147,3.5664414965148454,-0.8727276608081023,-0.3422747478096177,0.03709301057151257,-0.19425195598100414
P35,10318,1032832.8328328329,pedestrian,19.286949805913782,3.542400001026209,-0.8769901115794458,-0.34226550746497764,0.006160977401455565,-0.1188020491282486
P35,10319,1032932.932932933,pedestrian,19.201697658912042,3.524699018231015,-0.8744010130669609,-0.33204675016257057,0.013810669338775762,-0.033047338587236005
P35,10320,1033033.0330330331,pedestrian,19.126122624463818,3.5096169852452572,-0.8642425995381806,-0.3164809891255761,0.04784735803425598,0.04015279582939517
P35,10321,1033133.1331331332,pedestrian,19.063677101441606,3.4864834178378756,-0.8489026739001114,-0.3010115432140479,0.08876601779473499,0.08456103217871916
P35,10322,1033233.2332332333,pedestrian,18.99254547719332,3.464123520044168,-0.8356493452012541,-0.28765404461582794,0.10570624870622729,0.1035377691063201
P35,10323,1033333.3333333334,pedestrian,18.90257827597075,3.440322639974888,-0.8289074004050714,-0.27833245065316026,0.09081606241345938,0.0994943557410434
P35,10324,1033433.4334334335,pedestrian,18.832201256795592,3.4063137912541794,-0.82603708659627,-0.2743941205212577,0.06669093603031283,0.07614226518099694
P35,10325,1033533.5335335336,pedestrian,18.74649298040015,3.3646951460752494,-0.8321440223896928,-0.27329664978592666,0.017114507822471703,0.05083812689143177
P35,10326,1033633.6336336337,pedestrian,18.648547627595477,3.327846409597843,-0.8478654439599843,-0.2690202938011984,-0.05050376749394987,0.04768675099883669
P35,10327,1033733.7337337338,pedestrian,18.528041653834933,3.309347608748609,-0.8703167471842049,-0.2561228214724271,-0.11797189264199526,0.07919495497287075
P35,10328,1033833.8338338339,pedestrian,18.41025074663054,3.2971196916424192,-0.8883309770220246,-0.23478015531899749,-0.1420382552560057,0.1312246180539416
P35,10329,1033933.933933934,pedestrian,18.320124660319994,3.292032312465929,-0.8905681173521678,-0.20634456257803954,-0.09557153466835877,0.190564101412326
P35,10330,1034034.0340340341,pedestrian,18.24917818413851,3.2986305323683562,-0.8744316424786022,-0.17354595332315598,0.004115705872881237,0.2437878474430924
P35,10331,1034134.1341341342,pedestrian,18.198380160614807,3.3106886003949083,-0.8429911604939185,-0.14255123240336295,0.12445660036121883,0.26935244098551575
P35,10332,1034234.2342342343,pedestrian,18.15642264460738,3.3161307276901684,-0.8056593869292045,-0.1214864971739482,0.2209265553296675,0.24647969632102057
P35,10333,1034334.3343343344,pedestrian,18.100196277685605,3.309063994636379,-0.7748067310750985,-0.11678880207372536,0.2548155600496926,0.1690088854333251
P35,10334,1034434.4344344345,pedestrian,18.01643713203374,3.280718348424673,-0.7577116690832328,-0.1317149076734438,0.22219046528086014,0.04550549596010742
P35,10335,1034534.5345345346,pedestrian,17.942322271697467,3.2471280062077814,-0.7512837812765184,-0.16338864667362762,0.16085979386920168,-0.09500440749854153
P35,10336,1034634.6346346347,pedestrian,17.865184160356357,3.20506831386354,-0.7561862255086886,-0.20912286663184515,0.0793958668737258,-0.23549656944210692
P35,10337,1034734.7347347348,pedestrian,17.771914078177254,3.1434193778313695,-0.7731252062752653,-0.265748310475171,-0.017123962665401685,-0.3636862348385417
P35,10338,1034834.8348348349,pedestrian,17.66780029994566,3.0741191447216396,-0.7980909680737426,-0.32520162655961876,-0.107303139331116,-0.4530766853971464
P35,10339,1034934.934934935,pedestrian,17.558427165537214,3.0091206331758418,-0.8238350006848769,-0.3781336664951458,-0.1654906695434802,-0.48247114106538036
P35,10340,1035035.0350350351,pedestrian,17.454747086780298,2.9567791701259134,-0.8411893713036349,-0.41765622570476724,-0.168549710169248,-0.44844652907966637
P35,10341,1035135.1351351351,pedestrian,17.373993693178665,2.9127708572550923,-0.8422428562505788,-0.44203911864067136,-0.10719981003007634,-0.36891356448015383
P35,10342,1035235.2352352353,pedestrian,17.305420509268327,2.875693453358911,-0.8263595608879802,-0.452804494607002,-0.003980077268090548,-0.2674433708599275
P35,10343,1035335.3353353353,pedestrian,17.253638094497596,2.8391515625770722,-0.7960190007777284,-0.4539583932262995,0.11523789211863611,-0.16808961632211022
P35,10344,1035435.4354354355,pedestrian,17.208697085899367,2.809214246333385,-0.7585590712674616,-0.4494316080882478,0.21578384859893124,-0.0852758248181982
P35,10345,1035535.5355355355,pedestrian,17.146905236750758,2.77251489685686,-0.7229397349514595,-0.4455245286527038,0.27015648433755207,-0.037016140650939444
P35,10346,1035635.6356356357,pedestrian,17.0847388952185,2.72739379364018,-0.6907877681641879,-0.44625783167858224,0.2899722928682701,-0.025489476011236942
P35,10347,1035735.7357357357,pedestrian,17.03283095471438,2.683186007333677,-0.6622528789137052,-0.4528171157909399,0.2880665784379156,-0.04103326454026493
P35,10348,1035835.8358358359,pedestrian,16.976656049003438,2.619590834870796,-0.6405725935958684,-0.4674252928114613,0.2603158283362113,-0.08175933396682523
P35,10349,1035935.9359359359,pedestrian,16.915709150264195,2.5485863757307388,-0.6272884512293937,-0.48575208474143944,0.21077510877174357,-0.12109667011643965
P35,10350,1036036.0360360361,pedestrian,16.84784663299566,2.482651858500398,-0.6222907220362511,-0.5006716342609834,0.14832947417409192,-0.13194750189530086
P35,10351,1036136.1361361361,pedestrian,16.76680323411343,2.431351468337567,-0.6230876500488619,-0.5064300520897659,0.0876529985966948,-0.10305521375988234
P35,10352,1036236.2362362363,pedestrian,16.709622168461006,2.3917609795345554,-0.6219226260081404,-0.5020971253809458,0.058142068723037,-0.0462414655358139
P35,10353,1036336.3363363363,pedestrian,16.648256188618248,2.3508957641926207,-0.6196806221139194,-0.49061547377399406,0.04426506864118245,0.016241194747921947
P35,10354,1036436.4364364365,pedestrian,16.590928448170345,2.3148596525007097,-0.6158157903772895,-0.473810308480206,0.04206948356433052,0.07511303914719064
P35,10355,1036536.5365365365,pedestrian,16.54137617782899,2.2849742248908838,-0.6112438739032576,-0.4544868719007056,0.04346864291290784,0.1208960391514449
P35,10356,1036636.6366366367,pedestrian,16.471401746050283,2.254729591376937,-0.610129992533405,-0.43723023542467593,0.030912970123541588,0.140888916726815
P35,10357,1036736.7367367367,pedestrian,16.41376308344011,2.220798402199337,-0.6091092725274795,-0.4264535356803031,0.022870445489856055,0.12798821853282877
P35,10358,1036836.8368368369,pedestrian,16.355553503108208,2.1801498646303874,-0.6092891841298849,-0.425629520183225,0.013293726795326768,0.08149545546434905
P35,10359,1036936.9369369369,pedestrian,16.287837923380792,2.123137184660229,-0.6119059657526214,-0.43664660687449597,-0.0020161942617154607,0.007127973419180672
P35,10360,1037037.0370370371,pedestrian,16.232370261635168,2.0455729800475013,-0.6147853291360611,-0.45628644788970946,-0.0124007704338072,-0.07181044177400725
P35,10361,1037137.1371371371,pedestrian,16.170229324829823,1.975715136731829,-0.6206453197469571,-0.4738246638265273,-0.03031382328179707,-0.11195180532910351
P35,10362,1037237.2372372373,pedestrian,16.08701720118856,1.9242864509428663,-0.6304667578579048,-0.48071154522010856,-0.056636598714127975,-0.0951990403362936
P35,10363,1037337.3373373373,pedestrian,16.010394579120735,1.889944013889325,-0.6373663933452697,-0.4744291305721383,-0.061408217124122644,-0.03387438778891093
P35,10364,1037437.4374374375,pedestrian,15.945288260085636,1.8577104199744885,-0.6360920498577679,-0.45813207895876373,-0.03262540901258404,0.04248306685771708
P35,10365,1037537.5375375375,pedestrian,15.892724698315885,1.8334412291675137,-0.6247159688356496,-0.43496919765085196,0.02416167059701825,0.11582483700545367
P35,10366,1037637.6376376377,pedestrian,15.852869448903057,1.808611859797851,-0.6050162269182042,-0.4102280858150634,0.09118488611814554,0.16681427794464387
P35,10367,1037737.7377377377,pedestrian,15.811011413740701,1.7805917136013587,-0.5828444856932494,-0.388409393104526,0.14177520468173185,0.18667387797157317
P35,10368,1037837.8378378379,pedestrian,15.77330980907208,1.7594270728553907,-0.5629164319936998,-0.3724380469136163,0.16402302467075752,0.176145081430364
P35,10369,1037937.9379379379,pedestrian,15.717670527978747,1.718668829003297,-0.5515430957181936,-0.3681293376876835,0.14445500994590937,0.12447150258067143
P35,10370,1038038.0380380381,pedestrian,15.64939909293493,1.6639963511721947,-0.5486009726196348,-0.3747570125915601,0.09978424157419546,0.05044340047735432
P35,10371,1038138.1381381381,pedestrian,15.594858900993728,1.6138124351744685,-0.5490289482615424,-0.38675879336131963,0.05938533416978057,-0.015687837367639956
P35,10372,1038238.2382382383,pedestrian,15.542817458851001,1.5683434685081232,-0.5529049844763125,-0.40055429967980266,0.021297464160665247,-0.06310185293636947
P35,10373,1038338.3383383383,pedestrian,15.49076343191155,1.5162997339589732,-0.5620062674221593,-0.4149509811161266,-0.022269214765883283,-0.09444001185315974
P35,10374,1038438.4384384385,pedestrian,15.431279440102495,1.4690603551428656,-0.5794024795270051,-0.42678017121232764,-0.08109312760085308,-0.10365406136454522
P35,10375,1038538.5385385385,pedestrian,15.350933386070919,1.4309972729788563,-0.6071551770001058,-0.43484421045074784,-0.15724652441010156,-0.09468820135909964
P35,10376,1038638.6386386387,pedestrian,15.253691212272669,1.3777756413977045,-0.6411297684081765,-0.44178497363975183,-0.22796601803962374,-0.08484662774197427
P35,10377,1038738.7387387387,pedestrian,15.174419377155084,1.3242231685558645,-0.6715325073151097,-0.4446732918900408,-0.2573771481368291,-0.06310883208397863
P35,10378,1038838.8388388389,pedestrian,15.104337526233808,1.2872923969057872,-0.6956458163722773,-0.4396770860428734,-0.25097713377845016,-0.019230930985630765
P35,10379,1038938.9389389389,pedestrian,15.027476341397046,1.2574117845919697,-0.7150103429603163,-0.42836124958268157,-0.22864411271056836,0.03212238334220874
P35,10380,1039039.039039039,pedestrian,14.954343757947523,1.2277973183587332,-0.7292540754711111,-0.41449211112416884,-0.1951209165939095,0.07344162104380815
P35,10381,1039139.1391391391,pedestrian,14.886083092887484,1.1943950285692346,-0.7396894642059788,-0.4016638898355425,-0.15984209155876616,0.09468247742952005
P35,10382,1039239.2392392393,pedestrian,14.799095775015914,1.155960536546095,-0.7499574937831218,-0.3918333580556772,-0.13761041242257877,0.09605080099982219
P35,10383,1039339.3393393393,pedestrian,14.714694889147962,1.1136546482832546,-0.7568085893277451,-0.38480936250753034,-0.11075746318176088,0.08600303618459054
P35,10384,1039439.4394394394,pedestrian,14.637118661557636,1.0794591879403845,-0.7573196881237617,-0.37854275380829483,-0.0697405478880413,0.0769186478450721
P35,10385,1039539.5395395395,pedestrian,14.560390408577641,1.0510800238680178,-0.7503210627964547,-0.37376874741699134,-0.015521847035753933,0.06557216741163133
P35,10386,1039639.6396396396,pedestrian,14.503622824640551,1.0228858054256174,-0.733810547522191,-0.3737476836297706,0.05453853266288039,0.040196902765961426
P35,10387,1039739.7397397397,pedestrian,14.453226669932056,0.9785636628764314,-0.7121600874215355,-0.3828142985828381,0.11733425956914784,-0.010572613128617181
P35,10388,1039839.8398398398,pedestrian,14.399797048466406,0.9092961087306476,-0.6916685960740321,-0.40047028729897705,0.15125597729773355,-0.0749449927672167
P35,10389,1039939.9399399399,pedestrian,14.341558842429114,0.8562259776747116,-0.6774107811314262,-0.41719256663008003,0.1478316477670236,-0.11070490798282219
P35,10390,1040040.04004004,pedestrian,14.273346316061996,0.8184621081444045,-0.6729246114976223,-0.4293270698902156,0.10783840189583556,-0.11478859386723203
P35,10391,1040140.1401401401,pedestrian,14.206674169426504,0.7753415555259568,-0.6785774575532584,-0.43944138706796726,0.0440485120038801,-0.10945179086086827
P35,10392,1040240.2402402402,pedestrian,14.113594029116244,0.7201787628053564,-0.6964219560088467,-0.44881783607856834,-0.04226043958055478,-0.10332513777765295
P35,10393,1040340.3403403403,pedestrian,14.013200265393166,0.6644423797069171,-0.7196955980987456,-0.4543147360051543,-0.11611821437711399,-0.08453058516092463
P35,10394,1040440.4404404404,pedestrian,13.928723127470125,0.6223385712398278,-0.7390047832252203,-0.451886563736826,-0.1459265800150506,-0.042296015738113424
P35,10395,1040540.5405405405,pedestrian,13.862220281882175,0.5855322859601284,-0.750812324922088,-0.44172102604164204,-0.13506813551800978,0.01355049544145677
P35,10396,1040640.6406406406,pedestrian,13.788261298066416,0.5447173604115126,-0.7587678558649419,-0.42517976497489,-0.11348561053544946,0.0724434191044391
P35,10397,1040740.7407407407,pedestrian,13.713593952944699,0.5115840639404425,-0.7643115473022667,-0.40084181795504853,-0.09092795295433384,0.13871111185222723
P35,10398,1040840.8408408408,pedestrian,13.632182949309325,0.4891663921957358,-0.7688621668187967,-0.3683612845006456,-0.07327628313673086,0.21083202105271065
P35,10399,1040940.9409409409,pedestrian,13.554143078462257,0.4724346266012039,-0.7712967710260861,-0.32955505527121937,-0.054270736465813374,0.27948713703401723
P35,10400,1041041.0410410411,pedestrian,13.48094189862553,0.46657812322236364,-0.7715211174565114,-0.2865360643337334,-0.034071416117073136,0.3378271772141486
P35,10401,1041141.1411411413,pedestrian,13.407778730465614,0.465882738078651,-0.7712024513610104,-0.24387787970557356,-0.019608020544013165,0.372118623292592
P35,10402,1041241.2412412413,pedestrian,13.329951682113533,0.4602450826460817,-0.7721855580228616,-0.207050245954324,-0.01580851553494103,0.37048396473314216
P35,10403,1041341.3413413415,pedestrian,13.248747024419878,0.45562912296109503,-0.7747426590492481,-0.17905659579230718,-0.019588662996215762,0.3352222153359172
P35,10404,1041441.4414414415,pedestrian,13.158247814590185,0.4453066765849499,-0.7779297746128017,-0.1631680809886688,-0.024344698581853237,0.2667015258607253
P35,10405,1041541.5415415417,pedestrian,13.076312010223454,0.4183524304482103,-0.7769039529497584,-0.1610926549006797,-0.010914856847520742,0.17120982741910734
P35,10406,1041641.6416416417,pedestrian,13.00991737725674,0.3917202947961334,-0.769163793427783,-0.1689964450236718,0.02334202266237978,0.07408731023142656
P35,10407,1041741.7417417419,pedestrian,12.942879987151713,0.35457159910307373,-0.7574493539021173,-0.1838576732360078,0.05971326144047269,-0.012313235426913843
P35,10408,1041841.8418418419,pedestrian,12.875120055437879,0.3184155911494694,-0.7439057687715747,-0.19931401239379298,0.08905831914099553,-0.06747873838738395
P35,10409,1041941.9419419421,pedestrian,12.808762349548154,0.2892149052785143,-0.7299041270397087,-0.20942016996135343,0.10878732681362169,-0.08047730478430336
P35,10410,1042042.0420420421,pedestrian,12.746508938749137,0.26371433647637,-0.7168496817870542,-0.21051332647448856,0.11718337351273175,-0.053473450002544734
P35,10411,1042142.1421421423,pedestrian,12.671693199670491,0.2486650220756563,-0.7074922644964277,-0.1994830072260677,0.10798129013441585,0.010066423047266015
P35,10412,1042242.2422422423,pedestrian,12.59661405490156,0.24857077217083404,-0.6996231145667183,-0.17574358277616767,0.09657961983751225,0.0982293096725448
P35,10413,1042342.3423423425,pedestrian,12.526581208033827,0.25422225572745305,-0.6902407129574859,-0.14280576495937772,0.09547339189230969,0.18783992340910816
P35,10414,1042442.4424424425,pedestrian,12.465863780414178,0.263895697270642,-0.6774343574409376,-0.10487563929176041,0.10807609140832913,0.26202333893849256
P35,10415,1042542.5425425427,pedestrian,12.403022116793124,0.2836462505197489,-0.6621041398686457,-0.06622608380977979,0.12557461228595554,0.31019690322078375
P35,10416,1042642.6426426427,pedestrian,12.33817474211417,0.2969005338332461,-0.6436191916527718,-0.034001928837530844,0.1485150190325157,0.31474787030234286
P35,10417,1042742.7427427429,pedestrian,12.29446340294424,0.30001936192282785,-0.6193305064270738,-0.01269923720531389,0.18505852167693532,0.2751742338811125
P35,10418,1042842.8428428429,pedestrian,12.244844243560296,0.29190624272683163,-0.5933939427268841,-0.0030603488141840857,0.21380593935050884,0.20572731506624842
P35,10419,1042942.9429429431,pedestrian,12.200575860531641,0.28300009809114324,-0.5669599623712154,-0.0016798836855990082,0.23332198163867915,0.13121218330265086
P35,10420,1043043.0430430431,pedestrian,12.153972281726128,0.2752409334243579,-0.5422965983449167,-0.004917393017266833,0.23839419155342662,0.0677155735266358
P35,10421,1043143.1431431433,pedestrian,12.115170417937009,0.2620809107814567,-0.5200676120208603,-0.009754876005127944,0.2320557394886006,0.02266479646450382
P35,10422,1043243.2432432433,pedestrian,12.071853065417876,0.24798872923733545,-0.5034590018535063,-0.011060460597647554,0.20637999260108042,0.008802107742498615
P35,10423,1043343.3433433435,pedestrian,12.022329708533587,0.24619651754991323,-0.4940493396349984,-0.002486421829450622,0.16275190132675194,0.03863842367485619
P35,10424,1043443.4434434435,pedestrian,11.969504006430764,0.2539508513395094,-0.4912746819789281,0.01919684814733357,0.11032826768508591,0.10773426957510682
P35,10425,1043543.5435435437,pedestrian,11.914574313901886,0.2790140294450497,-0.49357654071004836,0.0556045445601866,0.05856820708576664,0.20711236366106267
P35,10426,1043643.6436436437,pedestrian,11.860422259776103,0.313729894152617,-0.4989110723780927,0.10415386103624345,0.015140941780877479,0.3149991329469818
P35,10427,1043743.7437437439,pedestrian,11.815565495909057,0.3604951898489714,-0.5058885598046257,0.16100070085674956,-0.01779867615211156,0.41318233051810904
P35,10428,1043843.8438438439,pedestrian,11.766409795299115,0.410439471831966,-0.5174180345958023,0.22003559909918213,-0.05560463084932576,0.48173421430656455
P35,10429,1043943.9439439441,pedestrian,11.708268707366864,0.46551753864813267,-0.536194538664907,0.2758628538104331,-0.106840120888778,0.5112318092548022
P35,10430,1044044.0440440441,pedestrian,11.635468261004302,0.5215218310067831,-0.5631415862956161,0.32255112214738313,-0.16987317986690528,0.4938329750942077
P35,10431,1044144.1441441443,pedestrian,11.558470168067247,0.5662412147897249,-0.5951423179326424,0.35433031639584645,-0.2280352356118792,0.42536552252227844
P35,10432,1044244.2442442443,pedestrian,11.471961285741743,0.5950614007627111,-0.6287068204315117,0.36948077780427696,-0.26968207358133234,0.3189862021655381
P35,10433,1044344.3443443445,pedestrian,11.390426307834366,0.6221531092851512,-0.6575643557607711,0.3719573214943935,-0.27690494273165306,0.20475181684934018
P35,10434,1044444.4444444445,pedestrian,11.30532548494503,0.6494026671031943,-0.6775188250183217,0.36602411539125584,-0.24679405041434782,0.10225006727911498
P35,10435,1044544.5445445447,pedestrian,11.233239961828373,0.6768365567468744,-0.6825182108067852,0.3552770353491713,-0.1703712752314142,0.02087225504254188
P35,10436,1044644.6446446447,pedestrian,11.18166594800186,0.7013241502037993,-0.6699907525862998,0.3425194758175314,-0.055641878831876934,-0.03670984442782677
P35,10437,1044744.7447447449,pedestrian,11.134597079732316,0.7286574979584277,-0.6435169780326718,0.33109653196383804,0.06863571755759734,-0.06676078260943545
P35,10438,1044844.8448448449,pedestrian,11.087606970455296,0.763731024064121,-0.6067336412485898,0.32298365805108276,0.1846498516316922,-0.07230733071013755
P35,10439,1044944.944944945,pedestrian,11.046835473429296,0.7991745710132103,-0.5611223801768631,0.31688996320383067,0.2898622489207073,-0.06786937130438542
P35,10440,1045045.0450450451,pedestrian,11.01831013187455,0.8363773925415529,-0.507852983706082,0.31085774500292285,0.3839295394403987,-0.06491592152614756
P35,10441,1045145.1451451452,pedestrian,10.991408577632557,0.8658739258790824,-0.45004697890756257,0.3015499857176786,0.4590720400852947,-0.07581293853159898
P35,10442,1045245.2452452453,pedestrian,10.976993700984847,0.8914470108831422,-0.38879995313260096,0.287620640532379,0.518387761545767,-0.10040378040345505
P35,10443,1045345.3453453454,pedestrian,10.970536139293571,0.9159895603248955,-0.32732699532712656,0.2682138740319562,0.5555517072736836,-0.1366913904746345
P35,10444,1045445.4454454455,pedestrian,10.960897050239483,0.9310875492222239,-0.26978910462192107,0.24148638218516089,0.563025805242857,-0.18728382269012608
P35,10445,1045545.5455455456,pedestrian,10.95680258536337,0.936501571414076,-0.21736489736743894,0.2074247660375349,0.5477653446158424,-0.24667950951956152
P35,10446,1045645.6456456457,pedestrian,10.954520884983276,0.9354174208782687,-0.17174560023912175,0.16792066190115862,0.5120372685488657,-0.3041242601126203
P35,10447,1045745.7457457458,pedestrian,10.946494110703656,0.9246980976095422,-0.13423444581428157,0.12563083142381642,0.45873322498789776,-0.3500715015990978
P35,10448,1045845.8458458459,pedestrian,10.941764754695606,0.9187671490309056,-0.10307015400756156,0.08545603778782701,0.4015076450645274,-0.3699777761913072
P35,10449,1045945.945945946,pedestrian,10.935732072282624,0.9095624206664812,-0.0768726637724875,0.049389320430353156,0.3472354065048757,-0.3662231174304037
P35,10450,1046046.0460460461,pedestrian,10.943385965219097,0.902260041634866,-0.052996781415755284,0.019707550835225518,0.30502905519369783,-0.3391627490762912
P35,10451,1046146.1461461462,pedestrian,10.951247941664526,0.8947687137395535,-0.03348062397561509,-0.002570214947545363,0.2622996439191372,-0.29389229689369173
P35,10452,1046246.2462462463,pedestrian,10.948164677124394,0.8931592743408562,-0.020612033106269585,-0.016540276261985225,0.2103770769643446,-0.23397651572405548
P35,10453,1046346.3463463464,pedestrian,10.94469854237898,0.8952876485620538,-0.012696935179054819,-0.023435891992115446,0.1594006888607521,-0.16988420367303209
P35,10454,1046446.4464464465,pedestrian,10.937550667380993,0.8988537935886401,-0.0078084374042511045,-0.025830336831722416,0.11647640504231664,-0.1132169928682826
P35,10455,1046546.5465465466,pedestrian,10.9445917863189,0.8942514630509677,-0.0024043822526181955,-0.026846290698509166,0.0922160717709676,-0.07320324831477679
P35,10456,1046646.6466466467,pedestrian,10.950915098218326,0.886829413083265,0.001795459729886411,-0.026391688578780593,0.07270386286144033,-0.04302056150084114
P35,10457,1046746.7467467468,pedestrian,10.952455721496614,0.8846047023140037,0.0029115435356766375,-0.022758656671318996,0.048806797904673245,-0.012228423813737184
P35,10458,1046846.8468468469,pedestrian,10.945355805928457,0.8902720995535152,0.0004071880736196201,-0.015499469129851392,0.020145737969665456,0.020673018166890204
P35,10459,1046946.946946947,pedestrian,10.942154623633837,0.8952045310795074,-0.0032130406675919855,-0.0066567699188956435,-0.0017160945002739451,0.04694268535455871
P35,10460,1047047.0470470471,pedestrian,10.942403089906039,0.9012194941019864,-0.006956956969144007,0.00229324418895879,-0.015570258823375406,0.06342993934984274
P35,10461,1047147.1471471472,pedestrian,10.941113641450842,0.9057033832174772,-0.011401637408201229,0.009699681902340393,-0.026763689940902714,0.0675297731245981
P35,10462,1047247.2472472473,pedestrian,10.931525925064806,0.9114521146925086,-0.01694130043078281,0.014578456827250716,-0.03785829561073074,0.060234651902436626
P35,10463,1047347.3473473474,pedestrian,10.925979733497458,0.9072847411939359,-0.02096289322077916,0.015343864470936242,-0.03875798177733969,0.03981842310778974
P35,10464,1047447.4474474475,pedestrian,10.925132430700017,0.9069597733928313,-0.022168021600314565,0.014012500561098668,-0.028385012334031876,0.019196231916430957
P35,10465,1047547.5475475476,pedestrian,10.925614535761868,0.9082233134393257,-0.020884290681045116,0.011133782750332416,-0.01238633229437874,0.0005788994770040308
P35,10466,1047647.6476476477,pedestrian,10.927482231298468,0.9057869467653766,-0.01783036526025621,0.006359965796120489,0.004266730689494392,-0.018160611454851056
P35,10467,1047747.7477477478,pedestrian,10.928896568516667,0.9025933547007202,-0.014130629177799755,0.0003797161176371912,0.016959317845596872,-0.03430394474965598
P35,10468,1047847.8478478479,pedestrian,10.928919734031345,0.8977958051265753,-0.010647109823484815,-0.006106164127148122,0.023885711223670288,-0.04614101929704627
P35,10469,1047947.947947948,pedestrian,10.926756654333188,0.8946194195832277,-0.0076054451806746234,-0.012001120281492177,0.02640939523661137,-0.0510907695274563
P35,10470,1048048.048048048,pedestrian,10.924992301471672,0.8909980110713457,-0.0041986714381891345,-0.016968360013074297,0.02936935287231656,-0.05052083334823665
P35,10471,1048148.1481481482,pedestrian,10.92650441529019,0.8874434886811212,0.0005702155976641853,-0.020626061476258672,0.03646299030348155,-0.04509325078137604
P35,10472,1048248.2482482482,pedestrian,10.931294619588614,0.8843437964454212,0.006827355426948196,-0.02263450967792735,0.04657471613304823,-0.03537634647022937
P35,10473,1048348.3483483484,pedestrian,10.942944361454963,0.8820927847158897,0.013736981267152419,-0.02274387503755033,0.055291386740592946,-0.02206641693295546
P35,10474,1048448.4484484484,pedestrian,10.948137555297643,0.8836105598888175,0.01781547433172319,-0.020852865502229995,0.049643738898202755,-0.0061655245756740105
P35,10475,1048548.5485485486,pedestrian,10.938853160443204,0.8784917427719333,0.017641663724652958,-0.018142087909723936,0.029696537284068153,0.006741581883924947
P35,10476,1048648.6486486488,pedestrian,10.934829961988033,0.8823181147958782,0.017306663595864306,-0.013002805338129291,0.01686824274290356,0.024056497603313756
P35,10477,1048748.7487487488,pedestrian,10.94384147193725,0.8847944182374213,0.01941997902757815,-0.006786519542520306,0.018515796804513825,0.03882632437115342
P35,10478,1048848.8488488488,pedestrian,10.95180154848836,0.8876956162689059,0.021798499109826907,-0.00013138746927255458,0.020552293466849933,0.049564110126076394
P35,10479,1048948.9489489489,pedestrian,10.955268024884727,0.8927132332336271,0.022338012618549535,0.006427403337913392,0.01466576402169989,0.05575953579680822
P35,10480,1049049.0490490492,pedestrian,10.953896423909372,0.8991108532403456,0.020314852590654027,0.011715628100754535,0.0011254808230957425,0.05462196128361671
P35,10481,1049149.1491491492,pedestrian,10.949770615869099,0.8980332854979847,0.01663296983318152,0.013949610906063637,-0.013591272086002543,0.04208045686716788
P35,10482,1049249.2492492492,pedestrian,10.947534143805365,0.8955865175395835,0.013213391334224745,0.01403947984648923,-0.021577247357060323,0.02609218835420251
P35,10483,1049349.3493493493,pedestrian,10.95288667340198,0.8920019753553883,0.01135433063540116,0.01348369757737912,-0.02041053222484717,0.013806922189116125
P35,10484,1049449.4494494495,pedestrian,10.952824834054187,0.8943275456846107,0.009386257889718669,0.014402377990151973,-0.020119560889868816,0.012009695925413795
P35,10485,1049549.5495495496,pedestrian,10.951530623672866,0.9027708623430069,0.007453450086863449,0.016906438401163616,-0.019804781293920146,0.017058939273416455
P35,10486,1049649.6496496496,pedestrian,10.95039444679405,0.9096790372636907,0.006169566516816778,0.01872666566137958,-0.017095421027279054,0.017495746773235343
P35,10487,1049749.7497497497,pedestrian,10.952192092416679,0.9074026245715178,0.006191634442984735,0.017825883286823677,-0.010372909868965803,0.007209812857851685
P35,10488,1049849.84984985,pedestrian,10.961581248947907,0.9043134955337321,0.007170957344130611,0.015413127268577347,-0.00254764995686979,-0.004946869152416808
P35,10489,1049949.94994995,pedestrian,10.957100266735656,0.9031789869049607,0.005647857787824988,0.013058288364991635,-0.007465768108777336,-0.012159359853727151
P35,10490,1050050.05005005,pedestrian,10.95344904725583,0.9064334227403619,0.003095261407376953,0.01166227938628858,-0.014467333795413075,-0.012853034127348515
P35,10491,1050150.15015015,pedestrian,10.95083258030284,0.9045159922504085,0.0007783308540563725,0.010409309162656423,-0.017836688832911674,-0.01272264321685149
P35,10492,1050250.2502502503,pedestrian,10.950681504943901,0.9077182480891897,-0.0003376838623999614,0.010408567249177818,-0.01524033501828453,-0.0077862329637167745
P35,10493,1050350.3503503504,pedestrian,10.950524141663877,0.9113952208957257,-0.000133295818241232,0.010926171221002848,-0.008530910264745412,-0.00275592386477375
P35,10494,1050450.4504504504,pedestrian,10.94561175176549,0.9112185316673806,0.0016205226335669516,0.010951157158696705,0.0015830362324042377,-0.0015890913298489298
P35,10495,1050550.5505505505,pedestrian,10.95588670768819,0.9096855737461682,0.007377307414568268,0.010882928077427216,0.023295564183725817,-0.0012367809973653603
P35,10496,1050650.6506506507,pedestrian,10.966000198767984,0.9137720454628021,0.014273017488588483,0.011779091160108007,0.04099588498959585,0.002719049960450368
P35,10497,1050750.7507507508,pedestrian,10.973480943146695,0.9169528230488021,0.019394476344758257,0.012662755729487937,0.04494318998850573,0.005090641935900115
P35,10498,1050850.8508508508,pedestrian,10.977114337894502,0.9174956210851142,0.020581903127866553,0.012789203193264171,0.032100295021154274,0.003604725344879713
P35,10499,1050950.9509509508,pedestrian,10.975254281609942,0.914561967905137,0.016738886936158836,0.01234707603136064,0.00473330892184675,0.0004905242003702061
P35,10500,1051051.0510510511,pedestrian,10.962702312723666,0.9172219030949738,0.008359077874800433,0.012965152306105687,-0.029604535937378162,0.002697235192878988
P35,10501,1051151.1511511512,pedestrian,10.95444631200495,0.9172490544896545,-0.0002480151113999317,0.01433712878476048,-0.051492961993962985,0.006971164590780716
P35,10502,1051251.2512512512,pedestrian,10.953178830597396,0.9253530326168102,-0.006275194507171054,0.017292332122824897,-0.05487775210263356,0.015726219600819664
P35,10503,1051351.3513513512,pedestrian,10.953517099986792,0.9274607411116395,-0.009553730694511377,0.019692401406982103,-0.0462881370704558,0.018929284938235667
P35,10504,1051451.4514514515,pedestrian,10.952025781807437,0.9296219979663218,-0.010610628387509811,0.021582879377731026,-0.03241685197901144,0.01891243195206155
P35,10505,1051551.5515515516,pedestrian,10.94650018247516,0.9338953700515269,-0.009212806614421771,0.023084459316273502,-0.01441040863805737,0.0173938201124845
P35,10506,1051651.6516516516,pedestrian,10.955070400373254,0.9382662850133454,-0.003121847280745764,0.02351101621369528,0.014807286316098393,0.012295408013816723
P35,10507,1051751.7517517516,pedestrian,10.963375340145438,0.9392820055294886,0.005098819598982826,0.021948164231078735,0.04094170603633521,0.0014606218049650135
P35,10508,1051851.851851852,pedestrian,10.966731152978841,0.9387378191514808,0.01310366793871592,0.018495526296636373,0.05609297910277488,-0.012497139409500426
P35,10509,1051951.951951952,pedestrian,10.977785305596358,0.9343862772595805,0.020644616893158694,0.013617405447322133,0.0635629152980083,-0.026564696620336614
P35,10510,1052052.052052052,pedestrian,10.97687020799311,0.9352778531337934,0.024633615756542007,0.00909256140512997,0.05435693338217998,-0.03380068438785439
P35,10511,1052152.152152152,pedestrian,10.975255781248867,0.9352151934170628,0.026391965902849104,0.004608493052270763,0.04007362711849197,-0.03806931393957577
P35,10512,1052252.2522522523,pedestrian,10.976518413174194,0.9349990970052531,0.027735935514632933,-6.63135350921296e-05,0.02972836884189691,-0.0414205004591411
P35,10513,1052352.3523523523,pedestrian,10.983045741296364,0.9331949809504829,0.029600874686172583,-0.005389804487518977,0.025419958308844304,-0.045986518835223034
P35,10514,1052452.4524524524,pedestrian,10.987755761694675,0.9292117409566734,0.030940382305228758,-0.011534148006408363,0.020746360744595616,-0.05196347413953435
P35,10515,1052552.5525525524,pedestrian,10.99300287154116,0.9238419264625646,0.031233983091416773,-0.01812695305271901,0.013830741322866033,-0.05735932004557276
P35,10516,1052652.6526526527,pedestrian,10.997919100349103,0.9183574738445967,0.029554557196762483,-0.02447836189314105,0.0019477754511214133,-0.0597241161588985
P35,10517,1052752.7527527527,pedestrian,10.998802237867462,0.9134367886850444,0.0247040217135742,-0.030000629868392227,-0.017620716658309412,-0.05795509302858927
P35,10518,1052852.8528528528,pedestrian,10.996449065178926,0.9101506756621167,0.01647830435227132,-0.034431092750806226,-0.04268247142480819,-0.05263839885149153
P35,10519,1052952.9529529528,pedestrian,10.991062327490654,0.9051698922189922,0.005340098942460023,-0.03826002616548911,-0.06931033869948046,-0.04705282363125631
P35,10520,1053053.053053053,pedestrian,10.982617222755197,0.8976615060303557,-0.007669683502146538,-0.04147060098952583,-0.09285924157544727,-0.041237484496315605
P35,10521,1053153.1531531531,pedestrian,10.966894901487237,0.8904413624799401,-0.020846108197554822,-0.043050165168287316,-0.10791210357419391,-0.031354113756106805
P35,10522,1053253.2532532532,pedestrian,10.966932435763091,0.8859705990086059,-0.02982880318294788,-0.041836832892456724,-0.10085606523765056,-0.014475779105797185
P35,10523,1053353.3533533532,pedestrian,10.966225620469388,0.8874830255614388,-0.036216874526307605,-0.037318327811822614,-0.08647639412035313,0.008668689833909282
P35,10524,1053453.4534534535,pedestrian,10.960474269819263,0.8871041230593341,-0.04176162691578137,-0.030908016582831002,-0.07440858828953575,0.030165004085195773
P35,10525,1053553.5535535538,pedestrian,10.952299931752341,0.8869433408713121,-0.04657299110977764,-0.0230048495992804,-0.06418147198191906,0.04910573489912539
P35,10526,1053653.6536536538,pedestrian,10.940254762843724,0.888210698583243,-0.049843584358438914,-0.013615934533695591,-0.0519490855111452,0.06645546520683497
P35,10527,1053753.7537537538,pedestrian,10.93234394240424,0.8928720708238413,-0.048962443634998506,-0.0027349767810728263,-0.028363575280732765,0.08285627911116991
P35,10528,1053853.853853854,pedestrian,10.93743864798696,0.9059048326251081,-0.042168012293264466,0.008889071287659901,0.008999476125501303,0.09577183666409833
P35,10529,1053953.9539539542,pedestrian,10.940671028733481,0.9133441296410116,-0.03202791428151079,0.017502115537036636,0.044832970374536055,0.09199533819988787
P35,10530,1054054.0540540542,pedestrian,10.94477651480035,0.915474194325483,-0.020030297607914565,0.02121121829910361,0.07395909311616923,0.07066554186955962
P35,10531,1054154.1541541542,pedestrian,10.955711330553333,0.9101684249418426,-0.0074779034815751575,0.019858518269303613,0.09392928456731599,0.03798488217954883
P35,10532,1054254.2542542543,pedestrian,10.961753381197278,0.9028138924674162,0.001983586558359559,0.015924575529545106,0.0941587277401161,0.007980684534831545
P35,10533,1054354.3543543546,pedestrian,10.96147946502185,0.8976685916866023,0.006394362164014372,0.012751846593392355,0.0747104098896702,-0.007422749570020068
P35,10534,1054454.4544544546,pedestrian,10.957609838138383,0.9033132573853085,0.005993340457482444,0.013138714804466933,0.04415040680042539,-0.003040600356755161
P35,10535,1054554.5545545546,pedestrian,10.951476240033454,0.914829811222814,0.0022083105937320425,0.01601709444411833,0.012330122722421719,0.009303350265786721
P35,10536,1054654.6546546547,pedestrian,10.943175936844314,0.9208974813769579,-0.0028200216088547954,0.017883133114854732,-0.011958654993026225,0.012928770322081985
P35,10537,1054754.754754755,pedestrian,10.937993858851739,0.921685930501059,-0.006103174471110556,0.016877443691532962,-0.020049345083329777,0.00400899365742791
P35,10538,1054854.854854855,pedestrian,10.943972175271021,0.9163620855396651,-0.0055729983955526054,0.012813638277333558,-0.010209391550943865,-0.013308468348775384
P35,10539,1054954.954954955,pedestrian,10.94662783437502,0.9103917264795828,-0.003265681280843518,0.007653785579035606,0.002702877100952355,-0.028153713322847544
P35,10540,1055055.055055055,pedestrian,10.945916406397167,0.9076340025119302,-3.37426584583779e-05,0.0036585315668883705,0.014188291073400916,-0.032718838814232605
P35,10541,1055155.1551551553,pedestrian,10.947667798116706,0.9119291575349052,0.004767692528473509,0.001997330078574798,0.02730187809551049,-0.026459267801940516
P35,10542,1055255.2552552554,pedestrian,10.958470400734134,0.9104677716423936,0.011256762877391649,0.0011338868941542027,0.04186972421967116,-0.019535813355060768
P35,10543,1055355.3553553554,pedestrian,10.96690004791017,0.9095611773904102,0.01624738288890646,0.0016420539022663598,0.04497033505226509,-0.009980587213800018
P35,10544,1055455.4554554555,pedestrian,10.96993523074924,0.9085417170686617,0.017115929523512603,0.0041235161268419595,0.030880157227099234,0.003518257346303677
P35,10545,1055555.5555555557,pedestrian,10.968987957842804,0.9104441924314663,0.012817483721273261,0.00962029589655855,0.002220525264620271,0.02347107494800941
P35,10546,1055655.6556556558,pedestrian,10.963746473170191,0.9160930150147713,0.0032430580344309373,0.018644665051097215,-0.03577498602361302,0.049359046337646845
P35,10547,1055755.7557557558,pedestrian,10.956304786426168,0.9258611158528772,-0.01079292403548679,0.030939901254586823,-0.07632326676141402,0.07788230640060646
P35,10548,1055855.8558558559,pedestrian,10.95056606471799,0.9410405787594903,-0.028458282611214487,0.045332437222297635,-0.11520573467187031,0.10346620007100718
P35,10549,1055955.9559559561,pedestrian,10.94463302374434,0.9502695040635026,-0.050670570855186954,0.059055791406108664,-0.1566277421872725,0.11652235331851613
P35,10550,1056056.0560560562,pedestrian,10.935055140896226,0.9631537249011027,-0.0799027574057472,0.07198282028325748,-0.20919452722154452,0.12142127380545757
P35,10551,1056156.1561561562,pedestrian,10.91403579400512,0.9759924924663538,-0.11949550732354576,0.08305515069727933,-0.2815358052164262,0.11722503539705842
P35,10552,1056256.2562562563,pedestrian,10.86548612351311,0.9876280561673675,-0.17124943825102065,0.09143412099294307,-0.37295807548706433,0.10421197006600136
P35,10553,1056356.3563563565,pedestrian,10.80927985868912,0.9979545838281424,-0.22911492918711798,0.0968103626172672,-0.4525907177751174,0.08460516321580969
P35,10554,1056456.4564564566,pedestrian,10.750109790400446,1.0070749072542933,-0.2859408193744012,0.0993522405448973,-0.49727574382581313,0.06161747714654761
P35,10555,1056556.5565565566,pedestrian,10.696158649171613,1.0184258639188721,-0.33477572884402196,0.09959988751506776,-0.4936205768897408,0.038656314357314
P35,10556,1056656.6566566566,pedestrian,10.658727350851596,1.023005933444333,-0.37143193657018714,0.09700843113831217,-0.444150586426003,0.013598145351021152
P35,10557,1056756.756756757,pedestrian,10.630552599542156,1.0271309313085208,-0.3987320076064735,0.09332584521702951,-0.3775994075153669,-0.0059635736440751645
P35,10558,1056856.856856857,pedestrian,10.594726595425403,1.0288419396041366,-0.42435052900335823,0.09046665562607051,-0.33036354671650203,-0.01473742417947908
P35,10559,1056956.956956957,pedestrian,10.545714309805035,1.0312424816881622,-0.45490265228929955,0.09151999791231467,-0.3206004503096106,-0.004930660446176592
P35,10560,1057057.057057057,pedestrian,10.479307738347119,1.0464888874007736,-0.4940200329058037,0.10008669196762517,-0.3478471459771365,0.030208616355536885
P35,10561,1057157.1571571573,pedestrian,10.386222649371947,1.0739690902778494,-0.5407505246541588,0.11592785413529566,-0.3940425895472678,0.07991912655245673
P35,10562,1057257.2572572574,pedestrian,10.300560291852571,1.105848567196677,-0.5852689660680879,0.13488301971431738,-0.41372445018424814,0.1224079665407976
P35,10563,1057357.3573573574,pedestrian,10.235289205429321,1.1344852889234591,-0.6208468918615326,0.15137091030690528,-0.3910903743916584,0.13883236830645335
P35,10564,1057457.4574574574,pedestrian,10.172822144227794,1.1545568143882368,-0.6490966598970789,0.16088958041492263,-0.3488219648349123,0.12185093939676402
P35,10565,1057557.5575575577,pedestrian,10.099569861822854,1.1671213841776285,-0.6738683238254184,0.16179236767612473,-0.30947386514755554,0.07804634890255019
P35,10566,1057657.6576576577,pedestrian,10.02650600815868,1.174469679435694,-0.6959036860610972,0.154769241764936,-0.2747893345424094,0.020508079612204147
P35,10567,1057757.7577577578,pedestrian,9.945736224575068,1.17723517602235,-0.7166667198567716,0.14187211770636793,-0.24863571651088023,-0.0374739236122302
P35,10568,1057857.8578578578,pedestrian,9.863674514814628,1.1821533154557418,-0.7352505637943665,0.12626550064771971,-0.22418390079159745,-0.08345417786132606
P35,10569,1057957.957957958,pedestrian,9.795108283092905,1.1869860159682435,-0.7504778443026936,0.10966348464333751,-0.19620687566457345,-0.11544415911704484
P35,10570,1058058.0580580581,pedestrian,9.717397171164478,1.188544248415178,-0.7668428010512407,0.09306872384396367,-0.1835036801861902,-0.13498659193523774
P35,10571,1058158.1581581582,pedestrian,9.635558474715067,1.1837649695567949,-0.7865037677871971,0.07810423614534125,-0.18851546337521466,-0.14061925384211763
P35,10572,1058258.2582582582,pedestrian,9.538010319180787,1.1838146720242217,-0.811210141263675,0.06866537096854505,-0.21114963084673088,-0.12263459039542951
P35,10573,1058358.3583583585,pedestrian,9.426955955641187,1.1975454833969061,-0.8378068171655877,0.06725925719799174,-0.23232792496555707,-0.08047786548087632
P35,10574,1058458.4584584585,pedestrian,9.330503128751266,1.2116623376728843,-0.8581798458681232,0.07163574472785864,-0.2211464243056779,-0.032260332200050354
P35,10575,1058558.5585585586,pedestrian,9.248346579808016,1.2272191064269193,-0.8693124650307379,0.07964801109975805,-0.1784679033284214,0.01133879967118022
P35,10576,1058658.6586586586,pedestrian,9.173511801838698,1.2470284223117842,-0.8735086553705711,0.08895904462722952,-0.1254561466194838,0.043048660078838494
P35,10577,1058758.758758759,pedestrian,9.095344162506454,1.2605123817846677,-0.8761861025235487,0.09575239324552061,-0.08713475212193905,0.052683275316345285
P35,10578,1058858.858858859,pedestrian,9.002724051889276,1.2714468303110726,-0.8821698190206508,0.09846865897825086,-0.07651383107307297,0.04276490880326496
P35,10579,1058958.958958959,pedestrian,8.897581526338232,1.2789700652725573,-0.8913656108518274,0.0963105342341443,-0.0824739591743519,0.017792300832015148
P35,10580,1059059.059059059,pedestrian,8.817783115483373,1.2855831481819209,-0.8988453250252534,0.08936936391323219,-0.07946456452066686,-0.016035796987441106
P35,10581,1059159.1591591593,pedestrian,8.728645439994859,1.2842264622543234,-0.909466714699082,0.07745211238859152,-0.08980817190542033,-0.0560301037378954
P35,10582,1059259.2592592593,pedestrian,8.625634941561712,1.2755715938841863,-0.9258011420715383,0.06267351061318134,-0.11829353865739509,-0.09159495383750438
P35,10583,1059359.3593593594,pedestrian,8.5140453742602,1.2693538333391965,-0.9461852280622417,0.04959359182758867,-0.15142627647615067,-0.1067643594676401
P35,10584,1059459.4594594594,pedestrian,8.402079688897034,1.2746011314930392,-0.9662553988476879,0.041976268783419264,-0.1704784658674463,-0.09485845077222073
P35,10585,1059559.5595595597,pedestrian,8.301722557573838,1.2855338397537557,-0.9816366539863766,0.039390090928000596,-0.16394857508507343,-0.06806196307273034
P35,10586,1059659.6596596597,pedestrian,8.208255587380275,1.2983084357317785,-0.9924607526126071,0.03911844655789579,-0.14227930114928228,-0.04269194119991887
P35,10587,1059759.7597597598,pedestrian,8.108288637039959,1.3072012873646917,-1.00198930713263,0.03738054226887033,-0.12399801171931243,-0.03285801557881708
P35,10588,1059859.8598598598,pedestrian,8.008637312682465,1.3013844011015832,-1.0116562776575166,0.03126913450019915,-0.11335086513980276,-0.04380408687368666
P35,10589,1059959.95995996,pedestrian,7.8955039449680715,1.2937429680724124,-1.0235966495825979,0.02303768549825234,-0.11565439735214043,-0.05872295098015255
P35,10590,1060060.0600600601,pedestrian,7.778860908645773,1.3027597443187415,-1.0352837729944722,0.015682497229597678,-0.11608143488835311,-0.0644514041541089
P35,10591,1060160.1601601602,pedestrian,7.673880873647336,1.3115711464001778,-1.0426652366089604,0.005507974602645134,-0.09964361871556773,-0.0788904137524491
P35,10592,1060260.2602602602,pedestrian,7.580856633435453,1.2989131399819878,-1.0458094326549934,-0.01249436740675762,-0.07315361139827027,-0.11808319918707383
P35,10593,1060360.3603603605,pedestrian,7.492411030800075,1.254498044939606,-1.0496207055014242,-0.036651704710066686,-0.059534959324078,-0.16593177001347828
P35,10594,1060460.4604604605,pedestrian,7.376397369305713,1.238303543178755,-1.061956747696632,-0.05324394475989621,-0.08426590586221037,-0.16586371676491704
P35,10595,1060560.5605605606,pedestrian,7.243319635265617,1.2400488867603248,-1.081627474002721,-0.05811210287989605,-0.12784243380425941,-0.12035141856658604
P35,10596,1060660.6606606606,pedestrian,7.1265854253848255,1.249994505986866,-1.101367247406679,-0.053426382721012036,-0.1547691209834039,-0.05545452380698454
P35,10597,1060760.7607607609,pedestrian,7.006520795642951,1.2581506230259862,-1.1203250808702943,-0.04431399744771179,-0.16820943646078776,0.0014159449729670634
P35,10598,1060860.860860861,pedestrian,6.882134069841531,1.2605799781216487,-1.1370659249367856,-0.03518529294988667,-0.1678334747174261,0.036270991786697404
P35,10599,1060960.960960961,pedestrian,6.757965477074806,1.2633874683607313,-1.1487648704248887,-0.028165679707858552,-0.14804897856005822,0.049414432795936596
P35,10600,1061061.061061061,pedestrian,6.641938768008509,1.2580620613112923,-1.1523587198945695,-0.025495014165567893,-0.10451058532452201,0.0405882671026749
P35,10601,1061161.1611611613,pedestrian,6.546861109633039,1.2526574291489838,-1.1471797035621738,-0.026453325205326533,-0.04385034798358994,0.021114048633402813
P35,10602,1061261.2612612613,pedestrian,6.444052360030544,1.2456759284556067,-1.1402352573483077,-0.03038038010651279,0.00010692136748124623,-0.0023137034589266123
P35,10603,1061361.3613613613,pedestrian,6.3241419005978,1.2335079839170022,-1.135979426259665,-0.03625471967829053,0.0165712216186533,-0.024198490214135848
P35,10604,1061461.4614614614,pedestrian,6.203311498331598,1.2212822654061437,-1.132259699338037,-0.04118416539965647,0.024564392002677852,-0.033922312476678707
P35,10605,1061561.5615615617,pedestrian,6.09134382612979,1.2186795298220636,-1.1257859740021536,-0.04197076758862532,0.04013549309008964,-0.023803474301279742
P35,10606,1061661.6616616617,pedestrian,6.000765353984031,1.220090040335497,-1.1157959529040762,-0.0386857495627803,0.06329905229997772,-0.0018216866119903502
P35,10607,1061761.7617617617,pedestrian,5.899888385186591,1.2225965931547147,-1.1096023537271287,-0.032713925366027935,0.06274582859794993,0.022046659052536798
P35,10608,1061861.8618618618,pedestrian,5.774103472908154,1.221157758190601,-1.1115234229410005,-0.025664687132959753,0.030935461843723568,0.04082728335885066
P35,10609,1061961.961961962,pedestrian,5.628266171692286,1.2235823446395797,-1.1168275193234665,-0.017316769833096116,-0.001645954915714086,0.05735353676352145
P35,10610,1062062.062062062,pedestrian,5.534455215269803,1.2273583070053489,-1.1119882893952615,-0.008453240207107398,0.017761514527932773,0.0694635843166602
P35,10611,1062162.1621621621,pedestrian,5.438844051294469,1.2353157450823484,-1.10189563554618,-6.270934573135954e-05,0.05000933181340072,0.07503769320022445
P35,10612,1062262.2622622622,pedestrian,5.353065958527107,1.2406953532809697,-1.0909850522467885,0.005339067940397756,0.07290989663376625,0.06685619810442839
P35,10613,1062362.3623623624,pedestrian,5.239357928018652,1.2434334952108217,-1.0880142348458264,0.005916577785643352,0.056126240101084246,0.043140556370223876
P35,10614,1062462.4624624625,pedestrian,5.127022427686139,1.2326013125295552,-1.092000022764245,0.0003029016851235772,0.018877981137830235,0.004620105266610344
P35,10615,1062562.5625625625,pedestrian,5.000909769716928,1.222164529371705,-1.1028865285861906,-0.008178799306130965,-0.03067319271227264,-0.030068968289159632
P35,10616,1062662.6626626626,pedestrian,4.8743035355769475,1.214778151914811,-1.1158897731521105,-0.01642801937328697,-0.06919676512593662,-0.050389114758010146
P35,10617,1062762.7627627628,pedestrian,4.750822373144827,1.2166278397243675,-1.1260095328021578,-0.022565243842149987,-0.08158109955494505,-0.05462924806726131
P35,10618,1062862.8628628629,pedestrian,4.640306136525804,1.2175503417795144,-1.1290886688478035,-0.028501586309463478,-0.061851141228697774,-0.05644414193820535
P35,10619,1062962.962962963,pedestrian,4.538737046162398,1.2111914607062302,-1.1254315132311035,-0.036461353053706805,-0.023654881859405508,-0.0654020892585383
P35,10620,1063063.063063063,pedestrian,4.427821869087037,1.207275194230009,-1.1185685706219703,-0.04654652132054976,0.012145836430768622,-0.07912546433678133
P35,10621,1063163.1631631632,pedestrian,4.323753844453609,1.2023507441803734,-1.108175595351577,-0.06047935839111859,0.04773858402833444,-0.1024438335101835
P35,10622,1063263.2632632633,pedestrian,4.239787063341743,1.1857282885429907,-1.09583950274194,-0.08078739303682976,0.0770494105418035,-0.141434914907298
P35,10623,1063363.3633633633,pedestrian,4.14372917197327,1.1500965044825953,-1.0909936407019656,-0.10696394096163359,0.06593084921480583,-0.18804899737409853
P35,10624,1063463.4634634634,pedestrian,4.01690595232403,1.1100006656435348,-1.099940396241632,-0.13210569111953585,0.0056355546136303974,-0.21255282445117196
P35,10625,1063563.5635635636,pedestrian,3.857285460772888,1.0801764950669477,-1.1185245760050162,-0.14733014233707886,-0.06862918633371554,-0.18908033695380128
P35,10626,1063663.6636636637,pedestrian,3.7276786501942816,1.0717185066549562,-1.1296393718578344,-0.14654947169003865,-0.08509301800438482,-0.11264628361619816
P35,10627,1063763.7637637637,pedestrian,3.6343038718899128,1.079400720496945,-1.1257395704860023,-0.1304098152926939,-0.03693253181383181,-0.006317806399022796
P35,10628,1063863.8638638637,pedestrian,3.5437041554795066,1.1050479074524961,-1.1121463037118653,-0.10452811958146974,0.030125824457478023,0.09651448086646623
P35,10629,1063963.963963964,pedestrian,3.4502241731715424,1.1206650777433556,-1.095170978643095,-0.08090112641924194,0.08426721281595795,0.15067974829902875
P35,10630,1064064.064064064,pedestrian,3.352372546848272,1.122973196611831,-1.079907233267459,-0.06820858388645651,0.1107512038674732,0.14140837644622245
P35,10631,1064164.164164164,pedestrian,3.237696113344863,1.1014836570875326,-1.0697127131091861,-0.07091165687205558,0.10729288827945323,0.07602607518583512
P35,10632,1064264.2642642641,pedestrian,3.135907256228068,1.0739332622833475,-1.0612029223787445,-0.08529772640472832,0.09864313543578326,-0.009284298673501487
P35,10633,1064364.3643643644,pedestrian,3.044730260934983,1.041352993369382,-1.0553602514366038,-0.10590473271607183,0.08300730561149189,-0.08560206125518745
P35,10634,1064464.4644644645,pedestrian,2.937807125270389,1.0128299210671412,-1.0577441859490768,-0.1257903988922169,0.04153568778291521,-0.12949347864991292
P35,10635,1064564.5645645645,pedestrian,2.811190227383914,0.9916463221257196,-1.0691163948563336,-0.13962894498450096,-0.01869559487910119,-0.13289187096785882
P35,10636,1064664.6646646645,pedestrian,2.675044586904539,0.9794611667011642,-1.0833571001903313,-0.14470733284756584,-0.06666857376514648,-0.10099552482122545
P35,10637,1064764.7647647648,pedestrian,2.5660000459621384,0.9760149272536833,-1.0902352964179167,-0.14137993254474068,-0.0674623474945788,-0.04888123812755206
P35,10638,1064864.8648648649,pedestrian,2.4746465493754246,0.9719769256488539,-1.0889893276687368,-0.1329978537804001,-0.03643920436173008,0.0026048765192893952
P35,10639,1064964.964964965,pedestrian,2.3693956118577404,0.965432117069552,-1.085722345883504,-0.12241886420462544,-0.009621822846845401,0.04262313057659646
P35,10640,1065065.065065065,pedestrian,2.255267777985107,0.9577397502335704,-1.0816093063102241,-0.11111977172063608,0.010065646912162076,0.06989801986973858
P35,10641,1065165.1651651652,pedestrian,2.148810191442618,0.9550150257470513,-1.0739460157358363,-0.09958197510734687,0.03587917673482514,0.08750982033513287
P35,10642,1065265.2652652652,pedestrian,2.056249505119106,0.9521141216029575,-1.0620078953815477,-0.08974110333716417,0.06825066337718488,0.09170287359576113
P35,10643,1065365.3653653653,pedestrian,1.9689075885355083,0.9453109527940681,-1.049828659740996,-0.08338889929766001,0.08898977028006956,0.08073762103293937
P35,10644,1065465.4654654653,pedestrian,1.873594984570608,0.9308234009403935,-1.0437169683752536,-0.08091470110262818,0.07814501661888981,0.05898893455046795
P35,10645,1065565.5655655656,pedestrian,1.7551326701645895,0.9145432730385746,-1.047845775393289,-0.07972342527068958,0.031793764631799754,0.040708014909654026
P35,10646,1065665.6656656656,pedestrian,1.636604236440684,0.9068027551519847,-1.0583004227254111,-0.07608270741946921,-0.02109675994887937,0.03902417504746203
P35,10647,1065765.7657657657,pedestrian,1.5025326894550004,0.9047295319349757,-1.071344936422359,-0.06891109398563298,-0.06349823087181258,0.05168827029123286
P35,10648,1065865.8658658657,pedestrian,1.3899181186307334,0.9098761826522341,-1.0770261739908595,-0.05883531074687305,-0.06088053780929817,0.07069933646251139
P35,10649,1065965.965965966,pedestrian,1.2954002542202043,0.9158402950272113,-1.0724682024564751,-0.048995256470423326,-0.019567370605641454,0.08141552148456468
P35,10650,1066066.0660660663,pedestrian,1.2067090938829008,0.9203334202132851,-1.0611138690937938,-0.04300147547054846,0.03206586537883725,0.0730540006736981
P35,10651,1066166.1661661663,pedestrian,1.1114631952684635,0.9140504926327919,-1.0485152555044919,-0.044451882436255634,0.0684794428309405,0.03906712768231611
P35,10652,1066266.2662662663,pedestrian,1.0089250229325772,0.8995020780687346,-1.0377007690394728,-0.05365557832170392,0.08383668957287581,-0.011795432292284302
P35,10653,1066366.3663663664,pedestrian,0.9052767542378868,0.8878978065448192,-1.028627671624861,-0.06850844121518607,0.08647802030611135,-0.06482143937203494
P35,10654,1066466.4664664667,pedestrian,0.810506893259679,0.8687318046569987,-1.0203345941567799,-0.08893953604747665,0.0850686837950253,-0.1188958680967293
P35,10655,1066566.5665665667,pedestrian,0.7132211170188126,0.842809133451549,-1.0150129366479905,-0.11322552766317584,0.07268213976412202,-0.16692791073998675
P35,10656,1066666.6666666667,pedestrian,0.6048047963687209,0.808742802735622,-1.0141906667279248,-0.1380661437429589,0.04765398090634489,-0.198463619251156
P35,10657,1066766.7667667668,pedestrian,0.4983887992593381,0.7856139540576305,-1.0153297284066078,-0.1575033436868991,0.024735630685211556,-0.1967996767645696
P35,10658,1066866.866866867,pedestrian,0.3956021244226799,0.7667167982459997,-1.0165015079406818,-0.16970525889567334,0.010587935290570456,-0.16772040397995588
P35,10659,1066966.966966967,pedestrian,0.29152372703576424,0.7536878348007457,-1.0171124907715516,-0.17442435930857705,0.0041077661478401825,-0.12090918238885257
P35,10660,1067067.0670670671,pedestrian,0.19447896093907108,0.743597905116599,-1.0160248276138408,-0.17347347952649064,0.006731407344489622,-0.07028094842295787
P35,10661,1067167.1671671672,pedestrian,0.09034522745856058,0.7298629297583288,-1.0147308746543844,-0.1696381165054846,0.009136551403291795,-0.02812084158534643
P35,10662,1067267.2672672675,pedestrian,-0.005693963815664092,0.7131931010788204,-1.0120103599295365,-0.16409504545756795,0.016140726357848988,0.004294699532415347
P35,10663,1067367.3673673675,pedestrian,-0.10366341771256109,0.7018913620236351,-1.0095632884062677,-0.15639819582833606,0.01936516194888025,0.032478828728309955
P35,10664,1067467.4674674675,pedestrian,-0.1969345717991073,0.6940096518933665,-1.0085082466958384,-0.1475618070028754,0.015938934277552393,0.05414067424112313
P35,10665,1067567.5675675676,pedestrian,-0.29606099449031525,0.6858160092164809,-1.012152894917564,-0.13959763282862522,-0.004384407242953296,0.06400998623574333
P35,10666,1067667.6676676678,pedestrian,-0.41241343687567267,0.6750351176772776,-1.0224517522902823,-0.13434632867535448,-0.04262533305994191,0.05952616212109407
P35,10667,1067767.767767768,pedestrian,-0.5322023219664633,0.650541420498363,-1.0354575347198274,-0.13277384374359769,-0.07651859150152229,0.04251515654789183
P35,10668,1067867.867867868,pedestrian,-0.6469568037607542,0.6343511584106514,-1.0458886631418856,-0.13044772734061086,-0.08726799940610808,0.035031184846757026
P35,10669,1067967.967967968,pedestrian,-0.7522728045915797,0.625881330950142,-1.0500259917791674,-0.1254404965101169,-0.06943431958078647,0.04085113225349803
P35,10670,1068068.0680680682,pedestrian,-0.8453125703485637,0.6216706666708195,-1.0472951841423614,-0.11837466038359976,-0.03188680411782074,0.052395704779596305
P35,10671,1068168.1681681683,pedestrian,-0.9403489341964674,0.6167616885302258,-1.0415930305665877,-0.11136565253336098,0.002607774987223189,0.05923794705238615
P35,10672,1068268.2682682683,pedestrian,-1.0426728610093028,0.6129904706702626,-1.0361730223655554,-0.10631586374920976,0.0226163166726119,0.05582520571230398
P35,10673,1068368.3683683684,pedestrian,-1.1512900399957688,0.6047369595451286,-1.031454814510461,-0.10582753165567944,0.032135118489512574,0.036046238386465375
P35,10674,1068468.4684684686,pedestrian,-1.249942620536463,0.592855682287398,-1.024981415595209,-0.111388601026477,0.04476578477651865,0.00048403079940260996
P35,10675,1068568.5685685687,pedestrian,-1.339833209608151,0.5699487946770672,-1.0174924004711652,-0.12393206568002271,0.05643183607548432,-0.048352441656726836
P35,10676,1068668.6686686687,pedestrian,-1.4366193310079065,0.5459287018028958,-1.0130884048279114,-0.1410880089792895,0.05160386255319835,-0.09611825445275893
P35,10677,1068768.7687687688,pedestrian,-1.5471967877387267,0.5142547706568944,-1.013731585373238,-0.16080728772955152,0.029075282044286783,-0.13528167328103852
P35,10678,1068868.868868869,pedestrian,-1.6605160934282375,0.4787534452228409,-1.0163204339271104,-0.17872364753757872,0.0077468532511009314,-0.15224831352375
P35,10679,1068968.968968969,pedestrian,-1.7654598356104427,0.45723604827488207,-1.0162973396779704,-0.18892436607878507,0.0048288757876763615,-0.13270369341737767
P35,10680,1069069.069069069,pedestrian,-1.8530582428101212,0.446657478476158,-1.0116756510994147,-0.19030634605000624,0.02087892185897672,-0.08654425920146686
P35,10681,1069169.1691691692,pedestrian,-1.9441737630444524,0.4421368581779691,-1.0069275751716134,-0.18564619962887705,0.031188069472077258,-0.03487143907168869
P35,10682,1069269.2692692694,pedestrian,-2.0497941012674548,0.42825558135178743,-1.005706502007049,-0.1800450382848921,0.02381579298653641,0.000390171061710555
P35,10683,1069369.3693693695,pedestrian,-2.160736281715167,0.41690738905755315,-1.0064136625761788,-0.17511271686381233,0.011827182070196859,0.01936820510498397
P35,10684,1069469.4694694695,pedestrian,-2.2577434368621625,0.4030076587370401,-1.005040449230074,-0.17338841189433093,0.012561406542022334,0.018536465806916435
P35,10685,1069569.5695695695,pedestrian,-2.347205611763377,0.381766994855693,-1.0024743164674055,-0.1767937397233395,0.017637201655204757,-0.001867130540783822
P35,10686,1069669.6696696698,pedestrian,-2.4480129624196163,0.35734326056115234,-1.0027899770528272,-0.18495398338606342,0.009565686615936,-0.03279093710773689
P35,10687,1069769.7697697699,pedestrian,-2.555940585700055,0.3272198969136848,-1.006307042053568,-0.19677796139937137,-0.007788562421292899,-0.06591867565705378
P35,10688,1069869.86986987,pedestrian,-2.6675847704274673,0.2907937586948258,-1.0107807052309845,-0.2094516658881789,-0.02211547341792451,-0.08948087311879985
P35,10689,1069969.96996997,pedestrian,-2.7696491662738207,0.2631255253614379,-1.01229003841231,-0.21775382986866137,-0.019383421021481457,-0.08694098586394233
P35,10690,1070070.0700700702,pedestrian,-2.866103175761102,0.24179066112945125,-1.0101192112584365,-0.21934773855636486,-0.00343889877510729,-0.05936986504008755
P35,10691,1070170.1701701703,pedestrian,-2.957525903296613,0.22553750668807931,-1.0054831076974238,-0.21381545465742574,0.015876836812560212,-0.01486441157289714
P35,10692,1070270.2702702703,pedestrian,-3.05673178045276,0.21737948233174167,-1.0015420882152697,-0.202031492462775,0.024997847693523315,0.036609275470686
P35,10693,1070370.3703703703,pedestrian,-3.158845684024023,0.20995939064546365,-0.9986031304738563,-0.18733265114651632,0.026691430748499997,0.07940449409279689
P35,10694,1070470.4704704706,pedestrian,-3.2574140119294688,0.20724390373719512,-0.995663809884683,-0.17293613686724152,0.027728924528659164,0.1044128611960197
P35,10695,1070570.5705705706,pedestrian,-3.3521048262232456,0.19780822041817359,-0.9928421453277171,-0.16377675318309254,0.027907317050159444,0.09940059633806782
P35,10696,1070670.6706706707,pedestrian,-3.441996569375819,0.18212339721013648,-0.9917782521209526,-0.16267603230111932,0.021199114308585572,0.06507952554104124
P35,10697,1070770.7707707707,pedestrian,-3.5457112902953614,0.15334159300258315,-0.9964984445880051,-0.17077182682839767,-0.0053377664430368996,0.008415104876103932
P35,10698,1070870.870870871,pedestrian,-3.6584191850643646,0.11900618246113365,-1.0066234482009773,-0.18496654414014854,-0.04253429721179442,-0.04990464976002253
P35,10699,1070970.970970971,pedestrian,-3.77715351158869,0.09142168850690918,-1.0187908180041219,-0.2004683890284402,-0.07321119981523677,-0.09065259847230295
P35,10700,1071071.071071071,pedestrian,-3.8898479175462763,0.06380012285914582,-1.0272833750780122,-0.2154406790025664,-0.07772607736764624,-0.11352722306368088
P35,10701,1071171.1711711711,pedestrian,-3.9857098175125993,0.031807153512823726,-1.0281196091035123,-0.22858084223457925,-0.05079387853285228,-0.1204155573223938
P35,10702,1071271.2712712714,pedestrian,-4.076735266633453,0.001989699945557216,-1.023248040531635,-0.23715041167121398,-0.012180381594173596,-0.10690306118170183
P35,10703,1071371.3713713714,pedestrian,-4.171326487511549,-0.021319928089833927,-1.0164176782846515,-0.23895819589566883,0.019039253544607067,-0.07241159627186569
P35,10704,1071471.4714714715,pedestrian,-4.280495812345285,-0.03950380610293938,-1.0100282868143677,-0.23374931711134903,0.036428288313328824,-0.02409727018347227
P35,10705,1071571.5715715715,pedestrian,-4.379041910008919,-0.049364015155622845,-1.0004075313906062,-0.22257390774212013,0.0595989290718961,0.02860066153892142
P35,10706,1071671.6716716718,pedestrian,-4.463761721076314,-0.05805612308001936,-0.9868307565855945,-0.20908201235428267,0.08911709660461384,0.06982403156120387
P35,10707,1071771.7717717718,pedestrian,-4.540177225399918,-0.06885731619119687,-0.9732683639433523,-0.19711534464739958,0.10711970207749427,0.08912788949665619
P35,10708,1071871.8718718719,pedestrian,-4.63578676406825,-0.08888897832873299,-0.9672158515364037,-0.18968863650856094,0.08900687971633678,0.08332967353097737
P35,10709,1071971.971971972,pedestrian,-4.745831008927738,-0.11834876149707954,-0.9696917180733202,-0.18632574702818933,0.04484950953940195,0.06402137861743565
P35,10710,1072072.0720720722,pedestrian,-4.853726958108983,-0.1457863720215308,-0.9764948961963913,-0.18257205257838352,0.0010522315810994054,0.053724804002912026
P35,10711,1072172.1721721722,pedestrian,-4.952171037471945,-0.16357706088814117,-0.9842173415272291,-0.1738251253578867,-0.02930699689619918,0.06679139697775274
P35,10712,1072272.2722722723,pedestrian,-5.050026760322695,-0.1725637583035428,-0.9933752941063984,-0.1580253862761907,-0.0534473891485346,0.10213878826612696
P35,10713,1072372.3723723723,pedestrian,-5.158013283408956,-0.1722939621272604,-1.0055426455824,-0.1352943561064403,-0.07988745165015901,0.15064563970181255
P35,10714,1072472.4724724726,pedestrian,-5.2750888511881024,-0.1620685537488567,-1.0192425988936176,-0.10812975229583777,-0.1020067798417431,0.19751593466828077
P35,10715,1072572.5725725726,pedestrian,-5.386494252550971,-0.1496817842800419,-1.0297352743586423,-0.08201878034188345,-0.1030996606182194,0.2221034592405145
P35,10716,1072672.6726726727,pedestrian,-5.490872777567326,-0.14870341856624247,-1.034106027791249,-0.06311117660352067,-0.08002499937615448,0.20920788114875766
P35,10717,1072772.7727727727,pedestrian,-5.579316938956845,-0.15540080955503724,-1.0316897502708822,-0.053425905717667976,-0.0395857575686177,0.16555084437842132
P35,10718,1072872.872872873,pedestrian,-5.663305193937506,-0.16981625092758879,-1.0277702347728255,-0.052277978178889864,-0.009016009699105909,0.10573147426134273
P35,10719,1072972.972972973,pedestrian,-5.774642095043399,-0.18849433730118348,-1.0300929158138186,-0.05625770452267249,-0.014524024654436724,0.04924857835678765
P35,10720,1073073.073073073,pedestrian,-5.891097538914588,-0.20725742021691185,-1.036772245707564,-0.060294803810257765,-0.034790495016737526,0.014471415039751901
P35,10721,1073173.173173173,pedestrian,-6.008754948763822,-0.21867237101678771,-1.043858822219334,-0.058817619981603994,-0.04876841674822008,0.014582312945276246
P35,10722,1073273.2732732734,pedestrian,-6.117650919133838,-0.21186311095894847,-1.0465127612546479,-0.04811810065357472,-0.040128180577753664,0.0504180519796234
P35,10723,1073373.3733733734,pedestrian,-6.213768929282736,-0.19997690740938018,-1.0425439120339004,-0.030479083763389765,-0.009156513000089204,0.09925548881960532
P35,10724,1073473.4734734735,pedestrian,-6.3038757953199935,-0.18578019247140698,-1.0341214423474787,-0.009502030139568308,0.027063998920879455,0.1420790976328288
P35,10725,1073573.5735735735,pedestrian,-6.402736823425933,-0.1731416746607666,-1.025618124065807,0.0108717325017213,0.049536253165464894,0.1659375748557172
P35,10726,1073673.6736736738,pedestrian,-6.508404916625858,-0.1636706595286989,-1.0180513415358772,0.02767549774656752,0.05965188756592473,0.16668764706398537
P35,10727,1073773.7737737738,pedestrian,-6.60007313933121,-0.1555973811785545,-1.0093483488798356,0.03938094078225712,0.0702470243488136,0.14737319348790015
P35,10728,1073873.8738738738,pedestrian,-6.6907158012294214,-0.14833464559691656,-1.0023272118687452,0.045008748742915564,0.0702059243442374,0.111985661155445
P35,10729,1073973.973973974,pedestrian,-6.786777909315797,-0.1472413017083068,-1.0005367176352793,0.04354176535746986,0.04989426191342496,0.06282013335475647
P35,10730,1074074.0740740742,pedestrian,-6.899849822032677,-0.15426169294941527,-1.0061715373365792,0.03568031202829233,0.008669829177327892,0.00794174085922536
P35,10731,1074174.1741741742,pedestrian,-7.020247912868482,-0.16587363116474418,-1.0155019536802248,0.024674598596049764,-0.030883117618428362,-0.03782601178324944
P35,10732,1074274.2742742742,pedestrian,-7.126990415036972,-0.17152373366976428,-1.0217979166363764,0.015360832649958222,-0.04331167842479923,-0.05926338938749866
P35,10733,1074374.3743743743,pedestrian,-7.224913434182318,-0.16697294587884068,-1.023027955806577,0.010438431354780623,-0.031267449933438246,-0.05534671113512749
P35,10734,1074474.4744744746,pedestrian,-7.310586523067002,-0.1605910100183916,-1.0203598772639746,0.00872177594048373,-0.00878067445870491,-0.040517436530220656
P35,10735,1074574.5745745746,pedestrian,-7.409448815114362,-0.1549749304957961,-1.0199713786827098,0.008080772357022698,-0.0038650174109731428,-0.02727349637448695
P35,10736,1074674.6746746746,pedestrian,-7.525220849810872,-0.15146474720788286,-1.0237792504672791,0.006374490357853191,-0.017132954328558773,-0.023302800547026582
P35,10737,1074774.7747747747,pedestrian,-7.634449695617766,-0.14996555340793405,-1.0273414640647571,0.0018695278939732819,-0.024297144800797848,-0.03172803936243128
P35,10738,1074874.874874875,pedestrian,-7.731517212330106,-0.15134828036702302,-1.0282170300524003,-0.006971162530368795,-0.01826010433861658,-0.0536980457252422
P35,10739,1074974.974974975,pedestrian,-7.826050803272648,-0.15797094059280153,-1.0284975495494086,-0.021426816748732213,-0.012258985078295911,-0.08891574687856561
P35,10740,1075075.075075075,pedestrian,-7.922586799553562,-0.17652584091333148,-1.0317328139220912,-0.041876781257683696,-0.020047347928317846,-0.13370927234660246
P35,10741,1075175.175175175,pedestrian,-8.041319198894858,-0.197049910075227,-1.0416174169382566,-0.06518675055805573,-0.05060083634232723,-0.17220493133907874
P35,10742,1075275.2752752753,pedestrian,-8.167213400788913,-0.22533805982015054,-1.0541296308955952,-0.08817318672691761,-0.07948352488003822,-0.19450070301643516
P35,10743,1075375.3753753754,pedestrian,-8.281126495191927,-0.2425049201620369,-1.0622523386641687,-0.10498655552472658,-0.08012888645029616,-0.184199012462967
P35,10744,1075475.4754754754,pedestrian,-8.379479290000193,-0.2391648991677044,-1.0628381725904985,-0.11378620524483828,-0.0512926981535123,-0.14681632938070618
P35,10745,1075575.5755755755,pedestrian,-8.460698774503067,-0.24481431227459693,-1.058284256459412,-0.12086095223114429,-0.013717528258877787,-0.1172567939080493
P35,10746,1075675.6756756757,pedestrian,-8.562489453703828,-0.26482872559726395,-1.0580380992957714,-0.13004943962600932,-0.007437302588227883,-0.10737102916587452
P35,10747,1075775.7757757758,pedestrian,-8.688384991100389,-0.2872979068462001,-1.064881616607169,-0.14025370477270793,-0.031091821923094797,-0.10526278735417047
P35,10748,1075875.8758758758,pedestrian,-8.81278602070411,-0.29823558077276724,-1.0726501674150235,-0.14948748046954788,-0.04915064078996451,-0.10020907916469853
P35,10749,1075975.9759759759,pedestrian,-8.919287005175047,-0.3047395764472711,-1.0750005864013243,-0.1604687491059719,-0.03918484271352363,-0.10389483703482269
P35,10750,1076076.0760760761,pedestrian,-9.014738882255735,-0.3268004795881268,-1.0717061640362726,-0.1788487692540678,-0.011195101707907253,-0.13484498899203154
P35,10751,1076176.1761761762,pedestrian,-9.121813013176366,-0.3624434482379393,-1.0666662222802072,-0.20611466170295384,0.01269805542603341,-0.1882423784014821
P35,10752,1076276.2762762762,pedestrian,-9.231155239059103,-0.4175200877027455,-1.0592758249710925,-0.2401532179591734,0.03643122136607741,-0.24717649150698756
P35,10753,1076376.3763763763,pedestrian,-9.333389955066721,-0.4688361196609802,-1.047246811331864,-0.2724081231094423,0.0689409091724251,-0.2763130151705814
P35,10754,1076476.4764764765,pedestrian,-9.42522299004529,-0.512376111097098,-1.029869821600712,-0.2957856349231741,0.10957100641634826,-0.25970784986691003
P35,10755,1076576.5765765766,pedestrian,-9.515542092584662,-0.5465129434437945,-1.0094132136962162,-0.30576074060349484,0.146371345315951,-0.19756940076331647
P35,10756,1076676.6766766766,pedestrian,-9.607998084239394,-0.5679075560488401,-0.9879596084948546,-0.30050163722390694,0.17275151142191272,-0.1004705061775909
P35,10757,1076776.7767767766,pedestrian,-9.692848652225923,-0.5827009421685609,-0.9659105100799792,-0.28176266884676415,0.19119971574056752,0.011212160444973501
P35,10758,1076876.876876877,pedestrian,-9.779297569109678,-0.5832290715693436,-0.9457600463782968,-0.25231723211707113,0.19512214605455117,0.12106043071317818
P35,10759,1076976.976976977,pedestrian,-9.874909599582624,-0.589942275840818,-0.9289582192238477,-0.21891349645459918,0.18453443075131112,0.20361437675966118
P35,10760,1077077.077077077,pedestrian,-9.964161708339478,-0.5935827225482537,-0.9128417257080964,-0.18472301763657797,0.17539916696258606,0.2571698643243465
P35,10761,1077177.177177177,pedestrian,-10.049838742122892,-0.6007236264031263,-0.8962554412656636,-0.15273374283361335,0.17163250589972098,0.2813964593618533
P35,10762,1077277.2772772773,pedestrian,-10.133551300901381,-0.6020916169165391,-0.8786485950423129,-0.12341958654016282,0.1732863141032403,0.2858424328919414
P35,10763,1077377.3773773774,pedestrian,-10.21400119837501,-0.605972971317125,-0.8594268688659973,-0.0984360874053254,0.180561215929403,0.27176633906535286
P35,10764,1077477.4774774774,pedestrian,-10.292590068114276,-0.6217845267464507,-0.8383481495065669,-0.07783694512648918,0.19221395650108283,0.2461506961846422
P35,10765,1077577.5775775774,pedestrian,-10.370304368249522,-0.6379829605557713,-0.8148804765871305,-0.056133577495253356,0.20860809025065585,0.23476239211093214
P35,10766,1077677.6776776777,pedestrian,-10.443533635556754,-0.6380345698435143,-0.7875686840192915,-0.025732744132987068,0.2335465894730188,0.26152758830725786
P35,10767,1077777.7777777778,pedestrian,-10.507277741162653,-0.6222751926285797,-0.7550808187295568,0.017399740283201764,0.2688781365213119,0.3272802030585368
P35,10768,1077877.8778778778,pedestrian,-10.56344156196993,-0.5917649178291196,-0.717982541937292,0.07410274633397286,0.3083739983273159,0.420137699312825
P35,10769,1077977.9779779778,pedestrian,-10.612737957426996,-0.5458783433508735,-0.6781014914485147,0.14268865834830047,0.3433291626068937,0.5230319536682037
P35,10770,1078078.078078078,pedestrian,-10.654997824725339,-0.48648616288713786,-0.6384257357916739,0.21878921932341988,0.36391753440847363,0.61512457186857
P35,10771,1078178.1781781781,pedestrian,-10.69522534394782,-0.426392492417445,-0.6035911650416995,0.29577900631153825,0.3577368759338714,0.6749130203455321
P35,10772,1078278.2782782782,pedestrian,-10.743225765644878,-0.364600981882814,-0.5786577488860936,0.3693150902679195,0.3155550968303471,0.6980950750138044
P35,10773,1078378.3783783782,pedestrian,-10.802340699978872,-0.30390892277774423,-0.56594502927161,0.4368412947363715,0.24235273532971696,0.688968495171543
P35,10774,1078478.4784784785,pedestrian,-10.864651136781966,-0.23498555290845638,-0.5639380416967729,0.49848929058692465,0.15604848989224707,0.6605870729704004
P35,10775,1078578.5785785788,pedestrian,-10.929056580293498,-0.16794078320271835,-0.5704006838430975,0.5532607482569084,0.07040137663343884,0.6165541592412048
P35,10776,1078678.6786786788,pedestrian,-11.000710207224728,-0.10274465480281188,-0.583057986240196,0.6025061983363037,-0.0060204827942617195,0.5681839991101549
P35,10777,1078778.7787787789,pedestrian,-11.073474647113347,-0.025458380042395097,-0.597604461601206,0.6501178174629683,-0.06010019455020263,0.5322558466870199
P35,10778,1078878.878878879,pedestrian,-11.138360131360693,0.049436732589599096,-0.6096538975336118,0.6973151791663977,-0.08350012750464858,0.5086693573719374
P36,10529,1053953.9539539542,pedestrian,25.154123186911992,27.848430053321817,-1.5544148254360313,0.09686956558030982,0.3971867987065457,0.012774019955448952
P36,10530,1054054.0540540542,pedestrian,25.00298110790648,27.85624194499124,-1.5126521975817844,0.09886296026020902,0.4132042815524471,0.01848601427284209
P36,10531,1054154.1541541542,pedestrian,24.877991216099687,27.864894923429514,-1.4638290636014704,0.10337420192380825,0.46520119842660423,0.037028634019313666
P36,10532,1054254.2542542543,pedestrian,24.768206585112104,27.880312053888815,-1.4041245448583792,0.11358353685878675,0.5421774814479681,0.07512918729700191
P36,10533,1054354.3543543546,pedestrian,24.67920537449127,27.90213999374119,-1.3366715180475506,0.1318599750003498,0.6086974506460917,0.12941098379264354
P36,10534,1054454.4544544546,pedestrian,24.575972463139074,27.93422265934704,-1.2760440884073814,0.15788989725629543,0.6073339963826233,0.18820267295140825
P36,10535,1054554.5545545546,pedestrian,24.453859422914586,27.962359285741094,-1.2332510300895076,0.18694506927810797,0.5326463447478766,0.23058966290110466
P36,10536,1054654.6546546547,pedestrian,24.309725458015922,27.990088680518692,-1.2076267977515043,0.21662115169780718,0.4231708990495852,0.2566563963579708
P36,10537,1054754.754754755,pedestrian,24.194557053901143,28.02639346299992,-1.1861144986948284,0.24697891456789833,0.34267096030214533,0.2746755249690155
P36,10538,1054854.854854855,pedestrian,24.095112681160558,28.068599469154794,-1.1661162566184498,0.2764614962984263,0.287844148161701,0.2822941350425872
P36,10539,1054954.954954955,pedestrian,23.99700511631891,28.110818244932386,-1.1516314290713505,0.3022468730147857,0.23287369344887393,0.27280925565031156
P36,10540,1055055.055055055,pedestrian,23.879493959273283,28.14564917150427,-1.1480944792299912,0.32199303833703286,0.15673814656405374,0.24369273521129037
P36,10541,1055155.1551551553,pedestrian,23.733050236081603,28.18570703358363,-1.1547081422661891,0.33641399093868374,0.07056118924131279,0.2051592752885337
P36,10542,1055255.2552552554,pedestrian,23.596498952539097,28.222068347185164,-1.159826404364828,0.3442869591933038,0.02337993785843405,0.1561109386740563
P36,10543,1055355.3553553554,pedestrian,23.49486584959623,28.255567010008658,-1.1542480437780571,0.3454059164638118,0.03593751476549216,0.09984754630334193
P36,10544,1055455.4554554555,pedestrian,23.40799943472874,28.27958891001926,-1.1409886810841385,0.34009031119518707,0.07342636184277095,0.04044300063412494
P36,10545,1055555.5555555557,pedestrian,23.31789264314734,28.304778877174286,-1.1289337044744117,0.33174646763846205,0.09168270476627872,-0.007641285417359811
P36,10546,1055655.6556556558,pedestrian,23.20038576730809,28.333860070783825,-1.1268252441467062,0.3230875710101076,0.06425696001725391,-0.038267865766827704
P36,10547,1055755.7557557558,pedestrian,23.072333688526673,28.36529028780184,-1.1340409818737607,0.31501899732221256,0.01131482790125593,-0.05470753882344629
P36,10548,1055855.8558558559,pedestrian,22.944277695672668,28.393629351119145,-1.1462983613616045,0.3070850252867331,-0.0406211362972646,-0.06424041747946929
P36,10549,1055955.9559559561,pedestrian,22.820493721639014,28.42267586429422,-1.159518795177193,0.2995493195198166,-0.07612554691462517,-0.06852702189812969
P36,10550,1056056.0560560562,pedestrian,22.707148819451568,28.457082398240253,-1.1715399590495463,0.2920561249647017,-0.0931941200370236,-0.07098447130901232
P36,10551,1056156.1561561562,pedestrian,22.58635817996064,28.484156857120535,-1.1848415010701796,0.2815851909042512,-0.10860193060493592,-0.08403651069853299
P36,10552,1056256.2562562563,pedestrian,22.45160061441256,28.504025020199897,-1.200095209644247,0.2669374251902518,-0.1255993041577452,-0.10822066876935553
P36,10553,1056356.3563563565,pedestrian,22.319970859819218,28.520715686332153,-1.2131354159174077,0.2487747557653414,-0.12741322646292166,-0.1366481592494915
P36,10554,1056456.4564564566,pedestrian,22.19255737750837,28.53487535241307,-1.2207875127945713,0.228132880280793,-0.10762580651349074,-0.1636548016839354
P36,10555,1056556.5565565566,pedestrian,22.073914494308823,28.543121035633703,-1.2210665857947691,0.2061330801364046,-0.06692485667506656,-0.1854433755995292
P36,10556,1056656.6566566566,pedestrian,21.96798724122012,28.547059455559964,-1.2147732500699149,0.18541075480928806,-0.016534669959079075,-0.1938184881564558
P36,10557,1056756.756756757,pedestrian,21.856925996073926,28.556598705506147,-1.20733257803975,0.16997735128568542,0.018742472804370615,-0.17842958569792122
P36,10558,1056856.856856857,pedestrian,21.730988667221837,28.577480298407885,-1.2024406843266602,0.16187674852027564,0.030438840871314436,-0.14057554698195895
P36,10559,1056956.956956957,pedestrian,21.60544950557761,28.59998819528717,-1.197991085686235,0.1589407863352287,0.0358789478565964,-0.09738698020472007
P36,10560,1057057.057057057,pedestrian,21.486635405638907,28.62107606697072,-1.1913070463942843,0.15823939440911408,0.047873104734940275,-0.06229888608081493
P36,10561,1057157.1571571573,pedestrian,21.38174381864265,28.643787124215752,-1.1815159531799369,0.15721258370224506,0.06726118576126032,-0.042095087007213254
P36,10562,1057257.2572572574,pedestrian,21.279387273946256,28.66396342725474,-1.172733865711074,0.15230283985988216,0.0752089403989593,-0.04479453565589163
P36,10563,1057357.3573573574,pedestrian,21.159666158659302,28.668204807770945,-1.1705505125621658,0.14004574414387633,0.05447863058809041,-0.07494194226802008
P36,10564,1057457.4574574574,pedestrian,21.027370922409947,28.662605930684716,-1.1746341281640187,0.12204928523617876,0.017490606285637228,-0.11564481707842209
P36,10565,1057557.5575575577,pedestrian,20.898586825577638,28.65688341529934,-1.1799157137886302,0.10315777308533067,-0.009783833344613772,-0.1440170658528878
P36,10566,1057657.6576576577,pedestrian,20.77852927570662,28.656979470366384,-1.1822531464246222,0.08816673002626206,-0.015050970079274043,-0.1462468362159931
P36,10567,1057757.7577577578,pedestrian,20.665599930676994,28.66610783317951,-1.180451078777085,0.07978110283024899,-0.0022186235545037652,-0.12199251034862127
P36,10568,1057857.8578578578,pedestrian,20.5622997846349,28.683651953957632,-1.1758391823124767,0.07741349098518335,0.01652948209726319,-0.08381413196949189
P36,10569,1057957.957957958,pedestrian,20.441202317356517,28.69554200689992,-1.173651915877494,0.0771696834181403,0.01859536404578502,-0.05222071314283187
P36,10570,1058058.0580580581,pedestrian,20.308655100757388,28.69357072055106,-1.1726931321588447,0.07705105162109087,0.015094666674245447,-0.03240726593806499
P36,10571,1058158.1581581582,pedestrian,20.186426472243262,28.69816355699905,-1.1667113035806658,0.080673315465349,0.0324344095270753,-0.005777270710269844
P36,10572,1058258.2582582582,pedestrian,20.085708823536482,28.710917275064883,-1.1519688149415794,0.09017551152276689,0.07701971020323486,0.0333189338467418
P36,10573,1058358.3583583585,pedestrian,20.000295122842378,28.73496359590463,-1.131784348489445,0.10561117263932362,0.12540190414178998,0.08024923660256092
P36,10574,1058458.4584584585,pedestrian,19.915594324565156,28.756800723209338,-1.1151676209055068,0.12353659634539768,0.14116365641327205,0.11861616896410293
P36,10575,1058558.5585585586,pedestrian,19.801639216358772,28.778535713104034,-1.1124444244594038,0.14191378471628177,0.09692159912942078,0.14384010333541683
P36,10576,1058658.6586586586,pedestrian,19.663371753931088,28.80341708498044,-1.1242895029463744,0.1594109762007919,0.013353972161898944,0.15585841856303917
P36,10577,1058758.758758759,pedestrian,19.516560089633774,28.82361826204246,-1.1428023358291417,0.17400333354813796,-0.06363056375894072,0.15194478083014817
P36,10578,1058858.858858859,pedestrian,19.38821964644748,28.83919130116296,-1.1565097046457582,0.18577501692360063,-0.0920900330451178,0.1386108287545479
P36,10579,1058958.958958959,pedestrian,19.28882671914468,28.862407417762647,-1.1601617870855352,0.19711269690694289,-0.07050232596587414,0.12877025341957302
P36,10580,1059059.059059059,pedestrian,19.191168353960688,28.883847133004927,-1.159448008935325,0.20808420462797397,-0.040363025120043805,0.12132990395859632
P36,10581,1059159.1591591593,pedestrian,19.06548769885933,28.910153413295486,-1.161662145975151,0.21987375162803988,-0.03328027070248352,0.11995078983008549
P36,10582,1059259.2592592593,pedestrian,18.939225921055765,28.938456587198235,-1.163960551880858,0.23235586650899212,-0.029274068890515394,0.12179314099778142
P36,10583,1059359.3593593594,pedestrian,18.828408791726126,28.968049519443696,-1.1626655543634572,0.24507946995876798,-0.01288653574655477,0.12385682863196215
P36,10584,1059459.4594594594,pedestrian,18.725979447076952,29.00539547481679,-1.1595077135779992,0.2575117838998385,0.004363745500857917,0.12398959784572508
P36,10585,1059559.5595595597,pedestrian,18.615239284676242,29.040271729252627,-1.1597587308350417,0.2662923981564236,0.0016960718213396633,0.10990807469271546
P36,10586,1059659.6596596597,pedestrian,18.493344606384568,29.06014800481405,-1.1663790422910965,0.268578413715559,-0.024638598850608692,0.07610475090485946
P36,10587,1059759.7597597598,pedestrian,18.355613068591705,29.082291154167653,-1.1788677793253204,0.2668884116664349,-0.06350950482769677,0.040004245646072606
P36,10588,1059859.8598598598,pedestrian,18.221459642112393,29.113142944260275,-1.1909720459437005,0.26284179326143176,-0.08579850297361037,0.00877907318242823
P36,10589,1059959.95995996,pedestrian,18.098630788275962,29.13391850993943,-1.1973734380422998,0.25421363105143435,-0.07731626394795081,-0.028092663626601524
P36,10590,1060060.0600600601,pedestrian,17.984039913622535,29.1496198880601,-1.1965474907142664,0.24169060560916444,-0.044096564056153656,-0.06575558869512974
P36,10591,1060160.1601601602,pedestrian,17.884392951882756,29.162964991980637,-1.1896915885329922,0.2272425377708864,-0.0003871157739615272,-0.09626278976136982
P36,10592,1060260.2602602602,pedestrian,17.775743034990363,29.177349102234533,-1.183706713134748,0.21325888142831442,0.022974906934087165,-0.11312506493259102
P36,10593,1060360.3603603605,pedestrian,17.64995401580416,29.197033411173432,-1.1826709918862224,0.20139525497482605,0.01807234234513971,-0.11521860958796706
P36,10594,1060460.4604604605,pedestrian,17.505378235242205,29.2198196765628,-1.184353784996247,0.19090059773293408,0.004529608334739234,-0.11118997283580666
P36,10595,1060560.5605605606,pedestrian,17.390327088098708,29.23724896349319,-1.1784040100431357,0.17915779060821488,0.02584668702662775,-0.11356618909425892
P36,10596,1060660.6606606606,pedestrian,17.295873200249012,29.25325995296185,-1.164082477495583,0.16470321164132973,0.07135689111373666,-0.1255372240362429
P36,10597,1060760.7607607609,pedestrian,17.192913728255416,29.268003471780432,-1.1479868891662872,0.1456149231666456,0.10607925062010695,-0.15083214008003612
P36,10598,1060860.860860861,pedestrian,17.08036650148671,29.27311992423925,-1.1334953020820955,0.11899990875567754,0.12110045774884175,-0.19549850349694253
P36,10599,1060960.960960961,pedestrian,16.966359641592504,29.256340173609196,-1.119888158452309,0.08373033957603415,0.12685978565164868,-0.2563899439228001
P36,10600,1061061.061061061,pedestrian,16.863236715417912,29.24275775054041,-1.1050127948579902,0.04538461454461726,0.13530184335826018,-0.3055721748359719
P36,10601,1061161.1611611613,pedestrian,16.761370903411375,29.228114180482713,-1.090063822219427,0.00720043530106981,0.14075194221190335,-0.335033942366216
P36,10602,1061261.2612612613,pedestrian,16.66979515227974,29.213643501509154,-1.0763251124834963,-0.02843710180994631,0.1393922773324227,-0.34318092990808496
P36,10603,1061361.3613613613,pedestrian,16.581223553577217,29.19769873487629,-1.0690841609198645,-0.06033371083061907,0.11335957516226536,-0.33365621693322217
P36,10604,1061461.4614614614,pedestrian,16.4752593450405,29.184547826692803,-1.076006344401949,-0.08767765732068226,0.04250321389096584,-0.3101722244086602
P36,10605,1061561.5615615617,pedestrian,16.343964380127954,29.157369700431584,-1.1002403383574089,-0.11153302657998786,-0.06798682112797126,-0.28227528414221503
P36,10606,1061661.6616616617,pedestrian,16.195178017730427,29.134389127633487,-1.1373319846456487,-0.12800857479610772,-0.18544862224134578,-0.23658683119961893
P36,10607,1061761.7617617617,pedestrian,16.046257519563508,29.12858283513975,-1.177523607435413,-0.1342744688508236,-0.2693313957908696,-0.169038809531407
P36,10608,1061861.8618618618,pedestrian,15.939178478529504,29.124285619471966,-1.2116471325995644,-0.13352752997380235,-0.2971140165031052,-0.10051626569814419
P36,10609,1061961.961961962,pedestrian,15.807443140545926,29.11804367004562,-1.2478873118790188,-0.12942654772515902,-0.3223198717274848,-0.04558778158629669
P36,10610,1062062.062062062,pedestrian,15.658539604579866,29.113536605157993,-1.2877832185714375,-0.12474191608234173,-0.351918474261535,-0.009720453767840781
P36,10611,1062162.1621621621,pedestrian,15.50918530265172,29.107918321988052,-1.328070227776781,-0.12289127926644396,-0.3715429188817605,0.0012308071772905368
P36,10612,1062262.2622622622,pedestrian,15.344956806171417,29.082026462702334,-1.3665251818830102,-0.1273057356787458,-0.3764431622463754,-0.016368049157064933
P36,10613,1062362.3623623624,pedestrian,15.18326079767446,29.05499707704108,-1.3959312690593753,-0.13404001032333437,-0.3443458788835434,-0.036131715032847976
P36,10614,1062462.4624624625,pedestrian,15.049293398590413,29.027899288159446,-1.4094615069666112,-0.13832028563840496,-0.26313678852817873,-0.03870498229986252
P36,10615,1062562.5625625625,pedestrian,14.921733041857097,29.01513147372678,-1.410043196937552,-0.13454381875258942,-0.16323571696814954,-0.009031975709627618
P36,10616,1062662.6626626626,pedestrian,14.786216019470668,29.00920858343037,-1.402765281026411,-0.12140994219553788,-0.07163636336816388,0.045412902026261005
P36,10617,1062762.7627627628,pedestrian,14.657908132640229,29.01503912127479,-1.389063884546546,-0.09903143174588923,0.009314365845433478,0.1145751248281685
P36,10618,1062862.8628628629,pedestrian,14.534786484627134,29.02290295722753,-1.3721001575568468,-0.07070099502828825,0.07149036540464893,0.17997057242722309
P36,10619,1062962.962962963,pedestrian,14.409950036055942,29.04323429394551,-1.3563720071584173,-0.03928687021193872,0.10473583561443761,0.23193744139329378
P36,10620,1063063.063063063,pedestrian,14.28529421323903,29.0548205373399,-1.345511894188913,-0.011505021939012658,0.10619428940656694,0.2496418942652235
P36,10621,1063163.1631631632,pedestrian,14.147640423277332,29.06724931850854,-1.3434750060131966,0.009562831373672788,0.07286654610777418,0.2344334310081575
P36,10622,1063263.2632632633,pedestrian,14.003588754534599,29.08428605781344,-1.3499010435740653,0.020581361930979633,0.01965496858352464,0.18615403946544248
P36,10623,1063363.3633633633,pedestrian,13.836565333349727,29.068429968513826,-1.3625526550726017,0.015505584150748764,-0.03704363734638033,0.09419791876688247
P36,10624,1063463.4634634634,pedestrian,13.687472868374542,29.050183170344265,-1.3703295416436716,-0.0005514408376571939,-0.052824123593436,-0.004647907135250137
P36,10625,1063563.5635635636,pedestrian,13.56734621213724,29.03474235226064,-1.3677869464763788,-0.022221049631588906,-0.022455116085517778,-0.08688684340555779
P36,10626,1063663.6636636637,pedestrian,13.452488678539027,29.016344943012818,-1.360005989831767,-0.04608353337892184,0.016440243931179065,-0.14570315670203834
P36,10627,1063763.7637637637,pedestrian,13.328187821393456,28.99672341535303,-1.3546090684792265,-0.06851491332440442,0.030989092381011035,-0.17613493278997658
P36,10628,1063863.8638638637,pedestrian,13.175194396886464,28.979243186523764,-1.3564944816700248,-0.08596736825298343,0.011645871482813347,-0.1754419813155807
P36,10629,1063963.963963964,pedestrian,13.058065067442167,28.97240439291769,-1.3598967985567016,-0.0958052383919792,-0.006070924840683459,-0.14548565666987742
P36,10630,1064064.064064064,pedestrian,12.900922207015379,28.97422065164583,-1.3731080103477897,-0.09936978875328663,-0.05495236896672706,-0.10282878341249654
P36,10631,1064164.164164164,pedestrian,12.752762900357622,28.970990134021566,-1.3906285785450525,-0.10156726178134891,-0.10157006524027816,-0.07143043623070744
P36,10632,1064264.2642642641,pedestrian,12.597555641768986,28.951467219614756,-1.4108050171211852,-0.10595738576787364,-0.1403899860019867,-0.06072578474899942
P36,10633,1064364.3643643644,pedestrian,12.429285806924307,28.93174943452821,-1.4300199182362063,-0.11008374877985179,-0.16040969669786756,-0.05315400960220361
P36,10634,1064464.4644644645,pedestrian,12.279008267995385,28.921856846614645,-1.4395036315067222,-0.11093500900897821,-0.13491576588099133,-0.03581965572587206
P36,10635,1064564.5645645645,pedestrian,12.143451208605502,28.922606655943156,-1.4362570915229795,-0.10878115684202476,-0.06994629678218844,-0.013559960966099488
P36,10636,1064664.6646646645,pedestrian,12.018782399119026,28.91387864027395,-1.4219280065929765,-0.1080418040376127,0.012782727203920444,-0.005428097972369069
P36,10637,1064764.7647647648,pedestrian,11.897843801769685,28.895219261732677,-1.4014995439252111,-0.10999016706270756,0.08704983804983943,-0.01087728656595352
P36,10638,1064864.8648648649,pedestrian,11.776022251069547,28.87175493499671,-1.3808208360420053,-0.11214868563545977,0.13345491979510676,-0.01502601400938219
P36,10639,1064964.964964965,pedestrian,11.648643755329132,28.85666254546746,-1.3651553166469153,-0.10963067332545443,0.14240110035830028,0.000573362850516658
P36,10640,1065065.065065065,pedestrian,11.510310054477332,28.859397504560267,-1.3577470663307698,-0.09971642322642199,0.11584913979992542,0.03880218283320114
P36,10641,1065165.1651651652,pedestrian,11.379268028682512,28.868375898494264,-1.3579096989689488,-0.08569842277839868,0.0702424933552872,0.07810548078418612
P36,10642,1065265.2652652652,pedestrian,11.232585416844497,28.878026767392672,-1.3683676958283695,-0.07313537831881477,0.002412100811112289,0.09650723424048534
P36,10643,1065365.3653653653,pedestrian,11.070564836722069,28.873687549509793,-1.3871368899763643,-0.06828914775299283,-0.07131876433397538,0.0778360281468514
P36,10644,1065465.4654654653,pedestrian,10.900509381778397,28.858362447175015,-1.4070720431584787,-0.07289810660396079,-0.12094728939509108,0.02974251388292866
P36,10645,1065565.5655655656,pedestrian,10.75837449255406,28.840713746216103,-1.4176032615396974,-0.08520863410845335,-0.1148364168054036,-0.029549500912028556
P36,10646,1065665.6656656656,pedestrian,10.62850447776152,28.816560887278236,-1.4179871982623733,-0.10332632598694508,-0.07174275183770709,-0.08834518831842507
P36,10647,1065765.7657657657,pedestrian,10.502699834942417,28.791802406798443,-1.41201736660707,-0.1237078424124413,-0.020736811266051508,-0.133094751692246
P36,10648,1065865.8658658657,pedestrian,10.37110026119665,28.763552603418464,-1.4051652929995135,-0.14321490519134167,0.013888875679647791,-0.15707979683555764
P36,10649,1065965.965965966,pedestrian,10.210364859405072,28.744461074021206,-1.4009371860893516,-0.15772435601138446,0.024895108480123388,-0.15237044115316128
P36,10650,1066066.0660660663,pedestrian,10.071896357851204,28.731884220651807,-1.3910791580822741,-0.16664733079790003,0.053463491509914716,-0.12782280784033553
P36,10651,1066166.1661661663,pedestrian,9.960698607578356,28.717197137812274,-1.3740851130753418,-0.17210611789805252,0.09861714495713818,-0.09936975441455272
P36,10652,1066266.2662662663,pedestrian,9.832627175727252,28.702432000620608,-1.3582736704022043,-0.1756989832624983,0.1216542775550796,-0.0747261874565885
P36,10653,1066366.3663663664,pedestrian,9.708984845378431,28.688136265346976,-1.3457582483949624,-0.17918073649718336,0.1229644652265503,-0.05921900869405091
P36,10654,1066466.4664664667,pedestrian,9.574262859920891,28.668765291314365,-1.3403714649426022,-0.1848199134390122,0.09611829809561546,-0.0580995020726951
P36,10655,1066566.5665665667,pedestrian,9.434526014340506,28.645092094817972,-1.3422016545095974,-0.19345230303635946,0.05170426820152696,-0.06902349171944606
P36,10656,1066666.6666666667,pedestrian,9.283261136182558,28.61476476663339,-1.3498421117494854,-0.20476655261974896,0.001998477954389302,-0.08610780406339867
P36,10657,1066766.7667667668,pedestrian,9.134403873489562,28.58565523363076,-1.3576827332995784,-0.2162725191776022,-0.029186444466367138,-0.09730306105139272
P36,10658,1066866.866866867,pedestrian,9.010922160185315,28.556164515111746,-1.360638785195475,-0.2260718229422381,-0.029320194474117694,-0.09753288570710476
P36,10659,1066966.966966967,pedestrian,8.879014391868191,28.536697531833912,-1.363299013522024,-0.23212826952247492,-0.028254697197095342,-0.08315719320849717
P36,10660,1067067.0670670671,pedestrian,8.743039909590495,28.515392352880774,-1.367852732478932,-0.23625284859399734,-0.03494656767442625,-0.06686999599029064
P36,10661,1067167.1671671672,pedestrian,8.593164136584509,28.48821725927223,-1.3755289182949395,-0.23986645588079428,-0.05115063762376619,-0.05492419416306253
P36,10662,1067267.2672672675,pedestrian,8.465211272910766,28.463747052439686,-1.3825222384775433,-0.24224633724885827,-0.058415406930169694,-0.04283120725680993
P36,10663,1067367.3673673675,pedestrian,8.315770771059553,28.43521014259472,-1.3937406311126683,-0.24358893141790605,-0.07924630447669252,-0.03141004434835071
P36,10664,1067467.4674674675,pedestrian,8.164984906377292,28.41377581478759,-1.406900423230563,-0.24234993540516359,-0.09951958350471946,-0.01441046166399938
P36,10665,1067567.5675675676,pedestrian,8.006566230200356,28.397093591675873,-1.419452669403887,-0.23936049402656653,-0.10956590034284537,0.002778330401933435
P36,10666,1067667.6676676678,pedestrian,7.853049003113833,28.369674634956716,-1.4257743352040961,-0.23728228399360077,-0.0915472792541933,0.00975983172062673
P36,10667,1067767.767767768,pedestrian,7.722682427876322,28.345178959903446,-1.4211595444079448,-0.23468467428228532,-0.03810805332199432,0.01604535708220052
P36,10668,1067867.867867868,pedestrian,7.597555613876988,28.325141436423365,-1.4087642416547037,-0.23085220777991974,0.024760491233584717,0.02467993191280284
P36,10669,1067967.967967968,pedestrian,7.465938702972025,28.299423944510664,-1.3933603054424069,-0.2265111209616367,0.0748903801172631,0.03193495452018888
P36,10670,1068068.0680680682,pedestrian,7.317882867104718,28.273800468393915,-1.3767700122168403,-0.2199030556534432,0.11015960274697179,0.04516562006106662
P36,10671,1068168.1681681683,pedestrian,7.210909950241829,28.2628867504327,-1.3531889886468342,-0.20849588491306073,0.15884916193421122,0.07187261405359216
P36,10672,1068268.2682682683,pedestrian,7.100172817148357,28.24923075409305,-1.331123112811399,-0.19456554554646355,0.18275971860198248,0.09799705646922845
P36,10673,1068368.3683683684,pedestrian,6.964361895399633,28.24164807829996,-1.3181067821986394,-0.17884087110869776,0.1622897799090808,0.12093840302807105
P36,10674,1068468.4684684686,pedestrian,6.832201583892892,28.23641801399856,-1.3124679980292673,-0.16379776917605546,0.12115377958508745,0.13232986406808878
P36,10675,1068568.5685685687,pedestrian,6.7018562256786565,28.22551754287573,-1.3139057201684092,-0.15264201790649343,0.06854241730577751,0.12422214365918052
P36,10676,1068668.6686686687,pedestrian,6.561680522652983,28.21155256531476,-1.3234895079934301,-0.14650448908851285,0.004762573326178757,0.09979940032664916
P36,10677,1068768.7687687688,pedestrian,6.419243396758842,28.196650270519275,-1.3395818799034653,-0.14548920973444818,-0.059499027193175666,0.06499212629396506
P36,10678,1068868.868868869,pedestrian,6.263798637055359,28.169600503107493,-1.3607044447893522,-0.1496921062939836,-0.11832156253865028,0.02345984722869081
P36,10679,1068968.968968969,pedestrian,6.122734133357002,28.150582050504394,-1.3812467810370077,-0.1548314046889047,-0.15205717830362525,-0.005580173506676892
P36,10680,1069069.069069069,pedestrian,5.973489459826888,28.12845282643478,-1.4017006087043336,-0.15963646318448982,-0.17235240825812054,-0.022049726350646327
P36,10681,1069169.1691691692,pedestrian,5.817177445095112,28.109419843408766,-1.4203939152323053,-0.1616950304883703,-0.1779404564593717,-0.021473347768278334
P36,10682,1069269.2692692694,pedestrian,5.664225255372109,28.097003388293434,-1.4332242715192907,-0.15947757065722457,-0.15862020818476416,-0.004536597098701169
P36,10683,1069369.3693693695,pedestrian,5.533555165315648,28.08837913380377,-1.4369470735386685,-0.15361923417443554,-0.11147789589787224,0.019945602512031542
P36,10684,1069469.4694694695,pedestrian,5.411490869865887,28.084116723352533,-1.4365464229973322,-0.14595137276036244,-0.06664516085080228,0.04194118341605564
P36,10685,1069569.5695695695,pedestrian,5.270747519272475,28.07738201630874,-1.4411246914189435,-0.1399324092844033,-0.05852798691910624,0.04900237782509156
P36,10686,1069669.6696696698,pedestrian,5.099398218883031,28.06188348772778,-1.453996249062095,-0.1383759142889465,-0.08572681091125915,0.03601498575586512
P36,10687,1069769.7697697699,pedestrian,4.933722659752912,28.043888677169534,-1.4672146834833324,-0.14110250279366954,-0.10371161343328245,0.011458158470752697
P36,10688,1069869.86986987,pedestrian,4.782664270003999,28.019863663296185,-1.4742412611699867,-0.14723767744306795,-0.0906997204733744,-0.01678487461703329
P36,10689,1069969.96996997,pedestrian,4.64426150409815,27.996407970744762,-1.473405900456656,-0.1537920832100117,-0.05224767773025621,-0.035689113896779846
P36,10690,1070070.0700700702,pedestrian,4.510995965890865,27.97606821930453,-1.4675087154978868,-0.15788462698248498,-0.009092025730814676,-0.03770611357785089
P36,10691,1070170.1701701703,pedestrian,4.352700931894877,27.965506036300482,-1.4613466934731887,-0.15753794510692476,0.018336532950715335,-0.021722969923438272
P36,10692,1070270.2702702703,pedestrian,4.2085170993543635,27.945480514713637,-1.4496937634830513,-0.1542538637960161,0.05641248501516116,-0.0005525254640058805
P36,10693,1070370.3703703703,pedestrian,4.0910640940197585,27.9313440987189,-1.4311271064951936,-0.14553203474755957,0.10652047269591298,0.03348871165151316
P36,10694,1070470.4704704706,pedestrian,3.9593229430077717,27.931987471495894,-1.413702535432463,-0.13002561849727418,0.13274566651770855,0.08062751850168579
P36,10695,1070570.5705705706,pedestrian,3.8253266212119135,27.943044963507095,-1.4001800380633973,-0.11106265012281648,0.13365570511209018,0.12287160317706153
P36,10696,1070670.6706706707,pedestrian,3.690683825017592,27.943616734182875,-1.3923454107285291,-0.0957270006446139,0.11215261290545664,0.1346471576289844
P36,10697,1070770.7707707707,pedestrian,3.539783675702139,27.93186033452285,-1.391988484164161,-0.08742675417833183,0.06999611987962134,0.11456501236315339
P36,10698,1070870.870870871,pedestrian,3.386441167402569,27.911648515239264,-1.3949609926910085,-0.0849953220611005,0.03129308531152404,0.07951771788257486
P36,10699,1070970.970970971,pedestrian,3.2481063682125484,27.902562748656752,-1.3957886598716107,-0.08377031865949276,0.015934206656179572,0.05339775651927771
P36,10700,1071071.071071071,pedestrian,3.104923581778004,27.891624825104216,-1.3943358382145397,-0.08299629288930523,0.015382721525113024,0.03566922720693866
P36,10701,1071171.1711711711,pedestrian,2.9781390294029215,27.88131877431298,-1.3883992958744371,-0.08118684330382692,0.032434995280063404,0.028839197734840265
P36,10702,1071271.2712712714,pedestrian,2.83436746810594,27.87768157441996,-1.3817204209425016,-0.07682823122121712,0.04574615890223578,0.03454744641039564
P36,10703,1071371.3713713714,pedestrian,2.711678700427255,27.879039674790462,-1.3713255978017904,-0.07063585784508596,0.06830148369709613,0.045151650085713285
P36,10704,1071471.4714714715,pedestrian,2.591722768281859,27.876016672655425,-1.3616936908592245,-0.06519175622499272,0.07914130419140916,0.04873690757327025
P36,10705,1071571.5715715715,pedestrian,2.4586993572705658,27.872228651051845,-1.3588681281563244,-0.06153059010508992,0.0593750844552233,0.044015332453094545
P36,10706,1071671.6716716718,pedestrian,2.307648873151292,27.863237300124673,-1.3648208684645302,-0.06047997625698026,0.013236907036750734,0.031002042738961864
P36,10707,1071771.7717717718,pedestrian,2.158386720574236,27.85899494804639,-1.375184970740759,-0.060973841467457754,-0.032098154016861016,0.017050772146539585
P36,10708,1071871.8718718719,pedestrian,2.007660574204731,27.84965025972946,-1.3863685195156712,-0.06388273289849414,-0.06301101045270853,-0.0008506578404764709
P36,10709,1071971.971971972,pedestrian,1.868306744984384,27.84135423903088,-1.3942612974014983,-0.06847267761866158,-0.06915970533489037,-0.01832204459196322
P36,10710,1072072.0720720722,pedestrian,1.7251048818772348,27.833565441378283,-1.3990615872875296,-0.07469378135515216,-0.06092740233695436,-0.03533683309195979
P36,10711,1072172.1721721722,pedestrian,1.584250582501651,27.81972129982096,-1.399542886856446,-0.08316830691636141,-0.039140343940116874,-0.05448567093639193
P36,10712,1072272.2722722723,pedestrian,1.4562542132011682,27.802753933824334,-1.3949740004822622,-0.09271408038970098,-0.006224998942150214,-0.07035511832003624
P36,10713,1072372.3723723723,pedestrian,1.3172940435104872,27.789740937377726,-1.3892603440935771,-0.1011874192737287,0.018351558618313776,-0.07590427117992454
P36,10714,1072472.4724724726,pedestrian,1.1908611581936057,27.78012064921434,-1.382031262594368,-0.10807067557463479,0.039264228675835455,-0.07313211256934299
P36,10715,1072572.5725725726,pedestrian,1.047649320383137,27.76923555380198,-1.3774921155757522,-0.11442321539335126,0.04162537380270924,-0.06937785368718774
P36,10716,1072672.6726726727,pedestrian,0.9173795539856411,27.76412052293918,-1.373507875757285,-0.12123272542196611,0.04091770461524356,-0.06885341633095701
P36,10717,1072772.7727727727,pedestrian,0.7854594176972369,27.75175247060127,-1.3727064108175162,-0.13238320687708077,0.02814070226829074,-0.08536859861096834
P36,10718,1072872.872872873,pedestrian,0.6426313941438471,27.72488190391766,-1.3777008084027422,-0.15021588719236154,-0.0021545748327330486,-0.12138835489386464
P36,10719,1072972.972972973,pedestrian,0.46984703595778937,27.686137650284333,-1.3876664086752006,-0.17267556838073933,-0.03996868033144893,-0.16136958396092713
P36,10720,1073073.073073073,pedestrian,0.32569466162831096,27.653906706763063,-1.389956759604857,-0.19371824650213856,-0.033334609502440465,-0.18033327318412493
P36,10721,1073173.173173173,pedestrian,0.2019268484707265,27.627492790461396,-1.3812079681204021,-0.209849958136414,0.013538125115086494,-0.17288803877646855
P36,10722,1073273.2732732734,pedestrian,0.08949645721111535,27.605384000470178,-1.3649820616846942,-0.21988364734649868,0.07121278026798422,-0.1446826908553348
P36,10723,1073373.3733733734,pedestrian,-0.03346633017055276,27.58031251281106,-1.3489997719039348,-0.2242923967372457,0.10555167070197441,-0.10561169198759388
P36,10724,1073473.4734734735,pedestrian,-0.17889735325787243,27.561708854019322,-1.3371407471491432,-0.22214778876422703,0.11056757263884671,-0.056292619791308396
P36,10725,1073573.5735735735,pedestrian,-0.3030756441159524,27.54926415857991,-1.3241300380340235,-0.21434341139284316,0.11810285168884632,-0.004169754854041696
P36,10726,1073673.6736736738,pedestrian,-0.41447173744793653,27.53512822252524,-1.3117648501080446,-0.2035783229638481,0.12020913502226345,0.03920036708211089
P36,10727,1073773.7737737738,pedestrian,-0.5420850623566457,27.520471887081886,-1.3070180687157216,-0.1914339383531376,0.0919504813068929,0.07108244932552399
P36,10728,1073873.8738738738,pedestrian,-0.6761498683637861,27.50871685217773,-1.3117077044092185,-0.1786922759281813,0.038064442646049815,0.09290349268917147
P36,10729,1073973.973973974,pedestrian,-0.8329909531576675,27.49140399585114,-1.3261551045914897,-0.1666903192552403,-0.032746023198628973,0.10338411980827683
P36,10730,1074074.0740740742,pedestrian,-0.9894384455373594,27.482523274072577,-1.3426803152125575,-0.154080011273268,-0.08412445343249934,0.11215530188186539
P36,10731,1074174.1741741742,pedestrian,-1.1317613983879753,27.471087260731533,-1.3534447446953886,-0.1420942144010315,-0.09321372638885965,0.11509916141431997
P36,10732,1074274.2742742742,pedestrian,-1.2575716233479648,27.461178331200145,-1.3554447208676292,-0.13061951434628077,-0.06478224302602924,0.11491789465692656
P36,10733,1074374.3743743743,pedestrian,-1.3746279031107984,27.448973837246122,-1.3517360585928924,-0.11966919596080404,-0.025248284195100917,0.11277323951961984
P36,10734,1074474.4744744746,pedestrian,-1.5092943070924678,27.440467768226668,-1.349090964749022,-0.10786514230417085,-0.0051874618671084866,0.11477232562593874
P36,10735,1074574.5745745746,pedestrian,-1.6567397031395799,27.430824983192256,-1.3480205941447008,-0.09456091269144948,0.0009777806858965316,0.12181359092604593
P36,10736,1074674.6746746746,pedestrian,-1.7895011723338554,27.42778685831884,-1.3436574889625463,-0.07786312120225826,0.017520040586732805,0.1392828253940836
P36,10737,1074774.7747747747,pedestrian,-1.9072492525050415,27.437232931989023,-1.3358259725856982,-0.05733006646249235,0.041092012014011844,0.16484469237577917
P36,10738,1074874.874874875,pedestrian,-2.030992642872242,27.450567077554275,-1.3299778358723664,-0.036480590032706386,0.047820344319869854,0.1817099336318069
P36,10739,1074974.974974975,pedestrian,-2.163299960984966,27.459004399994658,-1.329897171595756,-0.02013261054638249,0.029567990810966692,0.1745690139198677
P36,10740,1075075.075075075,pedestrian,-2.3149622553649536,27.459929243181442,-1.3367869846442444,-0.01146804162927529,-0.00863257685212638,0.14040106971790356
P36,10741,1075175.175175175,pedestrian,-2.4650105795347295,27.447266109903392,-1.3447451184906343,-0.011225864580712518,-0.03614598453954417,0.08683268740108124
P36,10742,1075275.2752752753,pedestrian,-2.5964426754570136,27.437188358279325,-1.3479373596289081,-0.01523762760282911,-0.034493881551645386,0.03756258072556593
P36,10743,1075375.3753753754,pedestrian,-2.722325117912216,27.430226738316357,-1.347198592428288,-0.02027916397905598,-0.01823715340628764,0.003426642558816518
P36,10744,1075475.4754754754,pedestrian,-2.851382414411767,27.425581741790673,-1.3456721749553922,-0.02438620465277712,-0.005236922190976767,-0.013832417960965088
P36,10745,1075575.5755755755,pedestrian,-2.9943217696190865,27.422624497014095,-1.3456392186486823,-0.02655665764465683,-0.0030759841033953517,-0.01688016677425251
P36,10746,1075675.6756756757,pedestrian,-3.134870513777075,27.420859312978635,-1.3440348407972051,-0.02643743710628112,0.004340616494411271,-0.009864426793746776
P36,10747,1075775.7757757758,pedestrian,-3.2564266617422395,27.41974055289665,-1.3379685945549076,-0.024030081375214542,0.026182789237354384,0.0033019064918699582
P36,10748,1075875.8758758758,pedestrian,-3.3781342477157534,27.424296346661215,-1.3313521099311048,-0.019359408771903647,0.04167926047938813,0.02013474454419454
P36,10749,1075975.9759759759,pedestrian,-3.509046102122356,27.42869346361585,-1.3284149749831093,-0.014430706394947068,0.036889580710107894,0.03143334410860625
P36,10750,1076076.0760760761,pedestrian,-3.6481598840117577,27.430984407963084,-1.330363890862267,-0.011266637007934422,0.015009335649262018,0.03150155930728435
P36,10751,1076176.1761761762,pedestrian,-3.7995421337230257,27.42964272043411,-1.3355556252118204,-0.011295550328690809,-0.010953326517031481,0.01915963118827032
P36,10752,1076276.2762762762,pedestrian,-3.9350554595693175,27.425223027660707,-1.337389514709054,-0.014866447218847407,-0.013813492101542962,-0.0021280383215504517
P36,10753,1076376.3763763763,pedestrian,-4.0588751825147344,27.41625375377763,-1.334600391005576,-0.021509327403600204,0.0023666277731798357,-0.02706561248255258
P36,10754,1076476.4764764765,pedestrian,-4.1815957799881565,27.407696248920793,-1.3302579987306726,-0.02932731534683015,0.01828936528434158,-0.04687925594394042
P36,10755,1076576.5765765766,pedestrian,-4.309328227154577,27.39887006268632,-1.3281916325343714,-0.0367606901223999,0.019203111774499973,-0.05750900287279852
P36,10756,1076676.6766766766,pedestrian,-4.451203433236594,27.387845202673592,-1.330848871261831,-0.04225882505161254,0.001442092588809566,-0.05650635140340517
P36,10757,1076776.7767767766,pedestrian,-4.5963347502249645,27.381547200371852,-1.335597035162218,-0.04325857649464328,-0.017533041397805166,-0.03844643236013809
P36,10758,1076876.876876877,pedestrian,-4.729287906986487,27.3842399832346,-1.3382911635158898,-0.038466300130993114,-0.021175126068136298,-0.004934087877005944
P36,10759,1076976.976976977,pedestrian,-4.861187297472829,27.389708076840243,-1.3391499419218522,-0.0294812698547303,-0.016285032091480522,0.03182899424152566
P36,10760,1077077.077077077,pedestrian,-4.990007548325197,27.397047076740577,-1.3388786090775568,-0.018594048189657354,-0.008910387939408789,0.06169707136406051
P36,10761,1077177.177177177,pedestrian,-5.121537703895841,27.40345227795609,-1.339527869613059,-0.008540649735987345,-0.007969216172153026,0.07673562252023738
P36,10762,1077277.2772772773,pedestrian,-5.264248810414163,27.402101771844382,-1.34246974156116,-0.001627479980195753,-0.016285095059614747,0.07375672625986182
P36,10763,1077377.3773773774,pedestrian,-5.397848239385321,27.401808959339352,-1.344914360335544,0.0028656542371318493,-0.019443969924582364,0.06254845835846146
P36,10764,1077477.4774774774,pedestrian,-5.531556435659553,27.401867059125387,-1.3474120242412986,0.005448204952532728,-0.02158221095428549,0.04828155034878615
P36,10765,1077577.5775775774,pedestrian,-5.665054826551412,27.398474191072925,-1.3507230231373142,0.0065356890123569435,-0.026044764156695946,0.03375499232223112
P36,10766,1077677.6776776777,pedestrian,-5.805713904970554,27.39514742986115,-1.356050844470127,0.00794249364182589,-0.03659687047004698,0.026106504926458815
P36,10767,1077777.7777777778,pedestrian,-5.959741451521572,27.394113636075048,-1.3622135415771544,0.011802956777760752,-0.046290333716584336,0.03094364148700019
P36,10768,1077877.8778778778,pedestrian,-6.095914354515109,27.398132892845005,-1.3625674536356576,0.019954628492596143,-0.02969173719337223,0.05054588382488978
P36,10769,1077977.9779779778,pedestrian,-6.214401843614661,27.411471364489685,-1.356329813256108,0.0330762916207617,0.006027486605450175,0.08181359339919103
P36,10770,1078078.078078078,pedestrian,-6.33882422462651,27.428821586298696,-1.3492749548528309,0.049010976521330754,0.031049001164591722,0.11185231951121706
P36,10771,1078178.1781781781,pedestrian,-6.4727541975912954,27.448455425076133,-1.3453460594590763,0.06449010209454287,0.03423272935348665,0.1284623271117634
P36,10772,1078278.2782782782,pedestrian,-6.614195205062211,27.46020913053907,-1.3451292171297822,0.07545625815712899,0.02178362267312637,0.12112076743262924
P36,10773,1078378.3783783782,pedestrian,-6.759093236139704,27.47180390674596,-1.3463083325287166,0.0806741234639679,0.008753528350876732,0.09433524367505691
P36,10774,1078478.4784784785,pedestrian,-6.89235648770502,27.47605369639133,-1.3448203653374078,0.07864015154085155,0.011126092761113185,0.04982309638020632
P36,10775,1078578.5785785788,pedestrian,-7.013313971985747,27.477131617720072,-1.3405083705640717,0.06999566497463347,0.02353026613029625,-0.0030463962133938927
P36,10776,1078678.6786786788,pedestrian,-7.140086858886694,27.47036320010659,-1.338010114345492,0.055855442778884795,0.02408438934560285,-0.05670512018875843
P36,10777,1078778.7787787789,pedestrian,-7.283650265985872,27.460548074882265,-1.3404201820504862,0.03960387700810572,0.005386948803430852,-0.09772065170231467
P36,10778,1078878.878878879,pedestrian,-7.436978583434218,27.45349675737267,-1.3447907853805234,0.025426412822760425,-0.013655358784944813,-0.1147686079945337
P36,10779,1078978.9789789792,pedestrian,-7.571259703627348,27.4512772104879,-1.343862885859986,0.016414401624711035,-0.004755200321525398,-0.10516438189127372
P36,10780,1079079.0790790792,pedestrian,-7.6843921016865036,27.45319204641314,-1.336645860967971,0.013997840024573193,0.0250814026825969,-0.0737090025859938
P36,10781,1079179.1791791792,pedestrian,-7.803401787907895,27.464676162444125,-1.3301423306564024,0.018427137694253335,0.040567381274091735,-0.027914513349800482
P36,10782,1079279.2792792793,pedestrian,-7.951594443345107,27.481684294954146,-1.3299509322029348,0.02672699723569923,0.025560303174270584,0.01511285049661025
P36,10783,1079379.3793793796,pedestrian,-8.088741151240168,27.496033659210127,-1.330825724863181,0.033843863905687645,0.012244280271643763,0.036847664219156515
P36,10784,1079479.4794794796,pedestrian,-8.216212779260925,27.498497118833725,-1.3311750415263246,0.03533798189190779,0.006135917200186403,0.028337150684811616
P36,10785,1079579.5795795796,pedestrian,-8.34562955434997,27.49525316749482,-1.3332022945935647,0.030785611274530274,-0.004108714154504964,-0.00032003635718109297
P36,10786,1079679.6796796797,pedestrian,-8.48042409495947,27.486595271501752,-1.3389872506077718,0.02156083602935472,-0.02494996222445317,-0.03597314636801284
P36,10787,1079779.77977978,pedestrian,-8.62990978051049,27.481082496803158,-1.3492966481345412,0.010794206281189303,-0.055247640486530254,-0.06376464361198836
P36,10788,1079879.87987988,pedestrian,-8.783182315528043,27.48401276631535,-1.3597153094557812,0.00018231618385567382,-0.07420667704464685,-0.08016655842195278
P36,10789,1079979.97997998,pedestrian,-8.93201740863288,27.48428455039979,-1.3639699267433123,-0.012403119117270281,-0.0618986618307559,-0.0978549842216673
P36,10790,1080080.08008008,pedestrian,-9.051425161899681,27.47104355664809,-1.3563595267558786,-0.029193166612620322,-0.008351695456505853,-0.12498342879429294
P36,10791,1080180.1801801804,pedestrian,-9.16096421341168,27.461874968266606,-1.3413334269943804,-0.04828467743377228,0.05316787454520703,-0.15050584126105065
P36,10792,1080280.2802802804,pedestrian,-9.275992524133054,27.44780154985979,-1.327078132326248,-0.07017024488103661,0.08781432881548047,-0.176956201684185
P36,10793,1080380.3803803804,pedestrian,-9.407385606803292,27.43081907167163,-1.3202059194036517,-0.09464331056872721,0.08037552045221957,-0.20317313879293086
P36,10794,1080480.4804804805,pedestrian,-9.55613056288152,27.403210901305258,-1.3216550874296649,-0.12158464720253132,0.0435510328005866,-0.22878486308509205
P36,10795,1080580.5805805807,pedestrian,-9.708058223179949,27.372225526647426,-1.325766546672457,-0.14785764221134898,0.01069741924813035,-0.24186130079607482
P36,10796,1080680.6806806808,pedestrian,-9.841061399785128,27.3415959595229,-1.324888280867569,-0.16951451546780102,0.00995064545807775,-0.23195793684659588
P36,10797,1080780.7807807808,pedestrian,-9.955125276428225,27.320831812272896,-1.317630972831642,-0.18272578743822837,0.0342342598928873,-0.19314392735213182
P36,10798,1080880.8808808809,pedestrian,-10.079063684384485,27.30842790388198,-1.3096660720179427,-0.18708112309301628,0.05183461964049983,-0.13505175461768926
P36,10799,1080980.9809809811,pedestrian,-10.212721667695293,27.297956101870604,-1.303231311149232,-0.1850840793672353,0.05666753213807621,-0.07487553564015008
P36,10800,1081081.0810810812,pedestrian,-10.35100371595851,27.283120640460837,-1.296640448473285,-0.1797771634429322,0.060229597226237705,-0.025224411910781182
P36,10801,1081181.1811811812,pedestrian,-10.469924173625552,27.268588247802104,-1.2855810715211295,-0.17219152830843093,0.07973944887683487,0.013988531873445433
P36,10802,1081281.2812812813,pedestrian,-10.579039166894317,27.262542620457022,-1.2722062762059512,-0.1628834051572753,0.10065514352753178,0.044658404164737354
P36,10803,1081381.3813813815,pedestrian,-10.702975685650651,27.254509529855586,-1.2624248525564568,-0.15528331255623562,0.09951424933284583,0.056796946387347134
P36,10804,1081481.4814814816,pedestrian,-10.831806061506446,27.244871665388583,-1.2568142724162394,-0.15223460540696493,0.08264008792487774,0.046570877529014267
P36,10805,1081581.5815815816,pedestrian,-10.964607369225128,27.225754635980856,-1.2539693434132075,-0.15647955221272616,0.0615906522387103,0.012027157372554442
P36,10806,1081681.6816816817,pedestrian,-11.092856184832872,27.195417542978422,-1.2506465408765015,-0.1679505561084566,0.05056658325129662,-0.03713125075747513
P36,10807,1081781.781781782,pedestrian,-11.208375749244084,27.16788589215056,-1.2448085276866272,-0.18292994958681563,0.05357735764194059,-0.08081191706734427
P36,10808,1081881.881881882,pedestrian,-11.319630486638877,27.139366062223083,-1.2390361474057416,-0.1992282937891884,0.055164714196327,-0.11264993788024887
P36,10809,1081981.981981982,pedestrian,-11.451683344213652,27.10883543883185,-1.2379971671346885,-0.21486521967936525,0.0377778014649745,-0.12956230016932824
P36,10810,1082082.082082082,pedestrian,-11.584443451953238,27.080022092778737,-1.238833148596941,-0.22748501710582167,0.019869127634425818,-0.12820718069206205
P36,10811,1082182.1821821823,pedestrian,-11.712493674189576,27.056353861666974,-1.2380124233317413,-0.2354865592157641,0.015338473702190717,-0.1094667208669857
P36,10812,1082282.2822822824,pedestrian,-11.832248822159654,27.03420444537747,-1.2332446396522248,-0.2392108153133711,0.02787501353432363,-0.08141281339894604
P36,10813,1082382.3823823824,pedestrian,-11.938560313962777,27.017317922669186,-1.224885978310123,-0.23954190021896818,0.04947137181201218,-0.051090150280668115
P36,10814,1082482.4824824824,pedestrian,-12.053905401490645,26.999815268118347,-1.2183905574946166,-0.23940130004002078,0.055457027003986394,-0.03071021439802038
P36,10815,1082582.5825825827,pedestrian,-12.185915773502366,26.981660402943515,-1.2162626715453004,-0.24181576704901436,0.04217984068629839,-0.028151911921676598
P36,10816,1082682.6826826828,pedestrian,-12.3159785765114,26.959314585220497,-1.214629155861005,-0.25023152222312683,0.032139866240140175,-0.049862203111479375
P36,10817,1082782.7827827828,pedestrian,-12.440865624115045,26.924358942810024,-1.2096365760065504,-0.2676636621354695,0.03902548246796335,-0.09811308468531356
P36,10818,1082882.8828828828,pedestrian,-12.553709832668376,26.87697921487717,-1.198490075011754,-0.29378564581701583,0.06710526922865326,-0.16133429738711133
P36,10819,1082982.982982983,pedestrian,-12.651980149727883,26.824561179843283,-1.1820462157521467,-0.32484601458528034,0.10482896140388447,-0.21916428510193048
P36,10820,1083083.0830830832,pedestrian,-12.763608620242293,26.779742095866837,-1.1663064127999954,-0.3561868624007835,0.12517664485600394,-0.25563085576696193
P36,10821,1083183.1831831832,pedestrian,-12.882087489368725,26.723776201044796,-1.1520699843889433,-0.3871079645217668,0.1317940996875159,-0.27631213754909445
P36,10822,1083283.2832832832,pedestrian,-12.993591283158233,26.669549920993717,-1.1367406576372112,-0.4136915992547027,0.14008116815665445,-0.27214193620309673
P36,10823,1083383.3833833835,pedestrian,-13.091211159193907,26.62286862760886,-1.1193199884527465,-0.4330043035745733,0.15326202367716832,-0.2413911565372706
P36,10824,1083483.4834834835,pedestrian,-13.183355946850394,26.583544630160038,-1.1035055132360814,-0.4451100510829118,0.15509623987688764,-0.19462724128873982
P36,10825,1083583.5835835836,pedestrian,-13.283375595290671,26.544149433196267,-1.0953848782729276,-0.45312824646226973,0.12637858108848088,-0.1501652351050957
P36,10826,1083683.6836836836,pedestrian,-13.405962265935937,26.49896238475833,-1.0990408954772122,-0.46061844708009575,0.06313537112361353,-0.12091685516371665
P36,10827,1083783.783783784,pedestrian,-13.540190104144923,26.45822022196017,-1.110883731495562,-0.4694215958452056,-0.007306795325794854,-0.10811565489534261
P36,10828,1083883.883883884,pedestrian,-13.669976762239413,26.404564720515125,-1.1230163241073225,-0.48380684252929207,-0.05152512447658108,-0.12193384216888145
P36,10829,1083983.983983984,pedestrian,-13.768397845544303,26.337468808845813,-1.1287704189521302,-0.5042994959989149,-0.05383829741435053,-0.15407437982575875
P36,10830,1084084.084084084,pedestrian,-13.871017517286983,26.26868206457182,-1.1334736065708477,-0.52713594022713,-0.051177594291043765,-0.18282721263158772
P36,10831,1084184.1841841843,pedestrian,-13.985638400492421,26.20150505931913,-1.1420578382397975,-0.5483320833364076,-0.06460208744017848,-0.19405564572253833
P36,10832,1084284.2842842843,pedestrian,-14.115999208958396,26.13780020934834,-1.156019737903419,-0.5647648306220209,-0.09367155605601553,-0.18245053690854576
P36,10833,1084384.3843843844,pedestrian,-14.244283741549147,26.07701078863355,-1.1715187184576132,-0.5746729923914814,-0.11741685256696682,-0.15004591296795858
P36,10834,1084484.4844844844,pedestrian,-14.37747309056972,26.019716353336076,-1.1856856837903786,-0.5771913005246015,-0.12677747134939352,-0.10156087545293056
P36,10835,1084584.5845845847,pedestrian,-14.492775479771321,25.96631490900986,-1.1937152768760106,-0.5722704756759712,-0.10870085774576617,-0.043047167928445554
P36,10836,1084684.6846846847,pedestrian,-14.607580228512088,25.923068089129405,-1.1973890894083403,-0.5605730082802752,-0.08074863960496098,0.019032395935899046
P36,10837,1084784.7847847848,pedestrian,-14.725754473927747,25.891279360571293,-1.1989253315304411,-0.5458996447650024,-0.05535790770775642,0.06855264015067662
P36,10838,1084884.8848848848,pedestrian,-14.847886715725984,25.85003186420755,-1.1993704804140422,-0.5364160538957544,-0.0355928768925286,0.07871972577168088
P36,10839,1084984.984984985,pedestrian,-14.975600418698022,25.791885255570172,-1.1981099290179011,-0.5375208342816351,-0.016885800675697858,0.04387373675980602
P36,10840,1085085.0850850851,pedestrian,-15.094667359182793,25.72317292516742,-1.1917766342551592,-0.5491110975525639,0.014232784476899553,-0.01811094400963094
P36,10841,1085185.1851851852,pedestrian,-15.201394787450274,25.650451269460415,-1.1792507913189765,-0.5678291284332199,0.057287431553058744,-0.08367575476437294
P36,10842,1085285.2852852852,pedestrian,-15.309329788577932,25.58121661887586,-1.163291151813481,-0.5894833332421022,0.09694468695496049,-0.1351741165688418
P36,10843,1085385.3853853855,pedestrian,-15.419630329089985,25.516590476864565,-1.145597167038383,-0.6119884339384629,0.12793236376122147,-0.16997948044480043
P36,10844,1085485.4854854855,pedestrian,-15.525431343959609,25.44687560539721,-1.1261116909603963,-0.6361361944707947,0.15383787116288386,-0.19764331371202828
P36,10845,1085585.5855855856,pedestrian,-15.627826225733045,25.371452666071697,-1.1054948763027361,-0.6621398944031535,0.1740739146454361,-0.2217653424808447
P36,10846,1085685.6856856856,pedestrian,-15.726793069160548,25.291919350009763,-1.0848479242842224,-0.6892718192648926,0.18657064198156723,-0.24089822788616475
P36,10847,1085785.7857857859,pedestrian,-15.828808965774462,25.2153055748477,-1.0659087712395605,-0.7163110426931626,0.1875922630545175,-0.2522436562860005
P36,10848,1085885.885885886,pedestrian,-15.918680521158816,25.139932303422345,-1.0486929497210113,-0.7442756363105224,0.18153349521223677,-0.2627734251161786
P36,10849,1085985.985985986,pedestrian,-16.029968556080497,25.056102226072383,-1.037624770197254,-0.7762275762173448,0.15398390408424836,-0.28467976074027357
P36,10850,1086086.086086086,pedestrian,-16.149331019245174,24.957086028827344,-1.0289902300436016,-0.8139525194261008,0.127691214582123,-0.3204714501609921
P36,10851,1086186.1861861863,pedestrian,-16.25442541762543,24.846085239146593,-1.0148505600907507,-0.8552746863492042,0.13295717488256142,-0.356319267848779
P36,10852,1086286.2862862863,pedestrian,-16.334555520942526,24.74126767709557,-0.9908928813479555,-0.8947039273655591,0.17425689476535267,-0.37090843360267095
P36,10853,1086386.3863863864,pedestrian,-16.411412787640288,24.64417350977183,-0.9608537402124737,-0.9299997453096717,0.22310923895309306,-0.3638026121273167
P36,10854,1086486.4864864864,pedestrian,-16.488548902928535,24.541181686923537,-0.9288243756528975,-0.963093987355897,0.26071461015804426,-0.3509168809790113
P36,10855,1086586.5865865867,pedestrian,-16.566749620949302,24.43495780912352,-0.8978523541584765,-0.995123627750971,0.2796197212336969,-0.3389048030867365
P36,10856,1086686.6866866867,pedestrian,-16.641013198555324,24.314989652770244,-0.8696378830858911,-1.0273157554290169,0.2804904566170203,-0.3321863419343766
P36,10857,1086786.7867867867,pedestrian,-16.71471005068851,24.203419222700674,-0.8466629906641645,-1.0566804185502414,0.26070197256784605,-0.3171101411287083
P36,10858,1086886.8868868868,pedestrian,-16.785329698507347,24.09232622975386,-0.8314252372089727,-1.0841333557134498,0.21858822383584503,-0.3004725095830759
P36,10859,1086986.986986987,pedestrian,-16.87213430412376,23.980390413857933,-0.8280837601925852,-1.1119377948479194,0.14668571193565805,-0.29165733905282515
P36,10860,1087087.087087087,pedestrian,-16.97111751747788,23.85942997355162,-0.8356330656574916,-1.1435380331160399,0.0604589785407456,-0.30098608824367323
P36,10861,1087187.1871871871,pedestrian,-17.073666516022396,23.726671678839057,-0.8491050746000859,-1.1807613579571226,-0.015262719376147732,-0.32850172694036794
P36,10862,1087287.2872872872,pedestrian,-17.174478819628934,23.5866569053661,-0.8624705461726956,-1.2227621740552173,-0.06117393146117785,-0.3638640376140671
P36,10863,1087387.3873873875,pedestrian,-17.265499668423484,23.43895763145493,-0.8702959646841099,-1.2676498985396385,-0.06777458552626216,-0.3966942873464059
P36,10864,1087487.4874874875,pedestrian,-17.341357331380916,23.298412263114322,-0.8705452804578325,-1.3121960659063188,-0.04242953249313066,-0.41545421666855903
P36,10865,1087587.5875875875,pedestrian,-17.411645603071065,23.15141068396689,-0.8668430083947188,-1.3575738944878573,-0.01159830794306691,-0.43015652799319826
P36,10866,1087687.6876876876,pedestrian,-17.489940280375563,22.995514925340377,-0.8654196501172198,-1.404610278698178,-0.001575167791628463,-0.4455835289654016
P36,10867,1087787.7877877878,pedestrian,-17.58058370784659,22.84154342766328,-0.870304567179326,-1.4527569795592716,-0.019909299789556474,-0.459327585308067
P36,10868,1087887.887887888,pedestrian,-17.666191659768007,22.691746886498166,-0.8816200810199518,-1.5043334399193786,-0.056066025176804736,-0.4810377877573465
P36,10869,1087987.987987988,pedestrian,-17.76162018064564,22.52376556901027,-0.9024892180777001,-1.566317088044624,-0.1152384542145002,-0.5346827038145359
P36,10870,1088088.088088088,pedestrian,-17.869252129623337,22.337236879169343,-0.9341695072343661,-1.6428078685873475,-0.1933684423375285,-0.623765600440487
P36,10871,1088188.1881881882,pedestrian,-17.956411581657612,22.140679040886976,-0.9753422946089183,-1.7352745382436339,-0.27798186666031954,-0.7402248817187316
P36,10872,1088288.2882882883,pedestrian,-18.115295229829147,21.876162553898087,-1.0356904323600042,-1.846554817574016,-0.4041156370869101,-0.884438077644296
P36,10873,1088388.3883883883,pedestrian,-18.256301242521992,21.63630786806095,-1.1010748407953959,-1.9581086471466091,-0.5008133987305091,-0.9737245944687726
P36,10874,1088488.4884884884,pedestrian,-18.387055764981728,21.39333097800104,-1.1656932167116865,-2.06349534494374,-0.5569993918474068,-1.004428979508102
P36,10875,1088588.5885885886,pedestrian,-18.527019500897772,21.143101922623668,-1.230240098531904,-2.158484614197284,-0.5910951206128192,-0.9828876850235573
P36,10876,1088688.6886886887,pedestrian,-18.679212522688204,20.903058499096,-1.2948977108112627,-2.238724942986257,-0.6123833860283386,-0.9125070537094331
P36,10877,1088788.7887887887,pedestrian,-18.843447805753755,20.657027779171194,-1.3577833884550954,-2.3057655935697463,-0.618534679323895,-0.8182565457062245
P36,10878,1088888.8888888888,pedestrian,-19.010443967147737,20.399418157202817,-1.4143154395623119,-2.3606996132342504,-0.5976559702172635,-0.7136423913202256
P36,10879,1088988.988988989,pedestrian,-19.169384030046633,20.150411612701266,-1.4599214961848066,-2.401058854755317,-0.5425075990646531,-0.5931155901649976
P36,10880,1089089.089089089,pedestrian,-19.323359088056385,19.906200190783874,-1.4936945062775524,-2.4276579456420246,-0.4628761023315331,-0.46601332931275846
P36,10881,1089189.189189189,pedestrian,-19.483913207500922,19.667453958278983,-1.5170909350171904,-2.443050684283059,-0.37391527028455807,-0.34479303560551294
P36,10882,1089289.2892892892,pedestrian,-19.628497494542582,19.427678036667675,-1.5290464745516479,-2.4517659459508643,-0.27511920282793684,-0.2447359484368038
P36,10883,1089389.3893893894,pedestrian,-19.78028820852508,19.1844922694828,-1.5342308284534456,-2.457975965291052,-0.18841718745523947,-0.17380750598652944
P36,10884,1089489.4894894895,pedestrian,-19.93335759047175,18.933435056185647,-1.534452203372895,-2.464658056728032,-0.11612691970142804,-0.1322463623139476
P36,10885,1089589.5895895895,pedestrian,-20.083965742755936,18.67937626458065,-1.5304623269618,-2.4718500428259853,-0.05556885368565789,-0.10879799760002877
P36,10886,1089689.6896896895,pedestrian,-20.23414301557944,18.424122822232214,-1.5232597217453774,-2.4783073011274994,-0.006060887489110017,-0.09160337973198848
P36,10887,1089789.7897897898,pedestrian,-20.381045144074683,18.177070763669036,-1.5133011796446683,-2.482051378503323,0.034915316988484116,-0.07056139819516002
P36,10888,1089889.8898898899,pedestrian,-20.5301694513468,17.930081948074427,-1.5015660136363054,-2.4839952962316145,0.06687386318635466,-0.05070676832039761
P36,10889,1089989.98998999,pedestrian,-20.686944966610554,17.677922572548006,-1.4874133153023965,-2.485113203121147,0.09580135793657304,-0.03535666437800264
P36,10890,1090090.09009009,pedestrian,-20.826982761791466,17.42421803388513,-1.4659097866478346,-2.4842817610269554,0.1420078375636612,-0.018405549494596232
P36,10891,1090190.1901901902,pedestrian,-20.95524853194646,17.168127288672675,-1.436592170868547,-2.4792439429484108,0.20058180910849685,0.008278669664373073
P36,10892,1090290.2902902903,pedestrian,-21.087461209923386,16.914970889110062,-1.4018920432482844,-2.4657327005985774,0.25729124596744635,0.057466643352289
P36,10893,1090390.3903903903,pedestrian,-21.211203429434075,16.678154276634583,-1.3609762354590333,-2.4386485163644807,0.3160913719442724,0.14019974447636246
P36,10894,1090490.4904904903,pedestrian,-21.31922326870303,16.457014408307913,-1.3139315858767813,-2.3965179045117475,0.375833728908767,0.24916957700459114
P36,10895,1090590.5905905906,pedestrian,-21.426289731222393,16.249856148252118,-1.264724620869647,-2.3410470267420154,0.42076874525429464,0.36757312890172006
P36,10896,1090690.6906906907,pedestrian,-21.53270305840465,16.04210020774597,-1.215947033171424,-2.276399245604462,0.4465934288413417,0.4756007848971914
P36,10897,1090790.7907907907,pedestrian,-21.629325802140276,15.853638514052998,-1.1686285877731777,-2.203346030826292,0.4567331086848072,0.5742886921590951
P36,10898,1090890.8908908907,pedestrian,-21.738753442265743,15.667377659078058,-1.1259690178818955,-2.1265852180583833,0.44486730270485714,0.6490427235669736
P36,10899,1090990.9909909912,pedestrian,-21.84056360563423,15.486468188714548,-1.0848376361848957,-2.048578068103218,0.4316812128772767,0.6996089315213591
P36,10900,1091091.0910910913,pedestrian,-21.92752486849709,15.311262656833577,-1.0430308500156995,-1.9706152329925473,0.42623382162505,0.7303720456548303
P36,10901,1091191.1911911913,pedestrian,-22.020507994200457,15.145680429059158,-1.002396056895743,-1.8929631370062554,0.4183558043452592,0.7479868839862153
P36,10902,1091291.2912912914,pedestrian,-22.09591930298973,14.997505959990276,-0.9610696182939126,-1.8164663970177315,0.41621873179711055,0.7542822156806307
P36,10903,1091391.3913913914,pedestrian,-22.17394841299258,14.845315987087904,-0.922424410111767,-1.7461179921281895,0.40451245007142705,0.7342878272806356
P36,10904,1091491.4914914917,pedestrian,-22.24451909897998,14.685109348376095,-0.8879921366765006,-1.6835782188095791,0.3810114349262929,0.691770835223952
P36,10905,1091591.5915915917,pedestrian,-22.319632651508154,14.5381918173265,-0.8615769922390427,-1.625381525513641,0.3355405510194997,0.6489159382087907
P36,10906,1091691.6916916918,pedestrian,-22.41181121893064,14.391953084743806,-0.8453291924242804,-1.570938963065996,0.2682897252358236,0.6081385002008884
P36,10907,1091791.791791792,pedestrian,-22.510212281131405,14.250577642350558,-0.8348469102620869,-1.5180496738741018,0.20478658355704701,0.577167796639872
P36,10908,1091891.891891892,pedestrian,-22.597121235187075,14.131264536084863,-0.8225137347907827,-1.4642548070695538,0.1731156487122233,0.5617329818026873
P36,10909,1091991.991991992,pedestrian,-22.677023673126726,14.00565815401089,-0.803784824051103,-1.4137442102590212,0.17854547284844452,0.5395526871479409
P36,10910,1092092.0920920921,pedestrian,-22.743847270724448,13.886459130355458,-0.7752831634699515,-1.3671547994151645,0.2197699077694308,0.5107754833989168
P36,10911,1092192.1921921922,pedestrian,-22.79510513262141,13.766770741335748,-0.7367382217627798,-1.3263304219109904,0.2839417077026505,0.4708113006693537
P36,10912,1092292.2922922925,pedestrian,-22.836988188961847,13.649275991733964,-0.6919740346495273,-1.292077495513093,0.3473209250764401,0.42087562894193453
P36,10913,1092392.3923923925,pedestrian,-22.87526917936265,13.522106252299547,-0.6469182837573254,-1.265456174990997,0.3872253494858049,0.3607279775401924
P36,10914,1092492.4924924925,pedestrian,-22.91885171733163,13.389324646874828,-0.6078759640464357,-1.2433273848633923,0.3883152705556661,0.3065075105382451
P36,10915,1092592.5925925928,pedestrian,-22.96664749426796,13.2731540982184,-0.5785868059989808,-1.2192764580640245,0.35115540326857253,0.28079176532578004
P36,10916,1092692.6926926929,pedestrian,-23.020364064885037,13.178174654680449,-0.5609933427931577,-1.1917908026481965,0.2830614722218034,0.27838084249114864
P36,10917,1092792.792792793,pedestrian,-23.082760785505503,13.08085075394472,-0.5550209767250402,-1.1668114349615706,0.196332270068573,0.26718552437578635
P36,10918,1092892.892892893,pedestrian,-23.148701853831415,12.965535551036826,-0.5577285454204123,-1.1496877245026351,0.10960953341419913,0.2298691719554761
P36,10919,1092992.992992993,pedestrian,-23.219106456999445,12.849222246919396,-0.5652296443465185,-1.1391204838419582,0.037963778795360364,0.18161147187608417
P36,10920,1093093.0930930933,pedestrian,-23.283836828797327,12.740612184405627,-0.5721539645231472,-1.1332320545674748,-0.0036301021458577734,0.1339424709325282
P36,10921,1093193.1931931933,pedestrian,-23.335887593169872,12.626224622936736,-0.575194415847588,-1.133289026202264,-0.014012877190507594,0.08172128030408218
P36,10922,1093293.2932932933,pedestrian,-23.387995239124358,12.515993712146633,-0.5759428101479607,-1.1390629418711422,-0.01147525595477958,0.027601234841428804
P36,10923,1093393.3933933936,pedestrian,-23.442925301925936,12.39382342017024,-0.5763542871646112,-1.152914886572288,-0.0086161110226961,-0.036837705830666034
P36,10924,1093493.4934934936,pedestrian,-23.499019898716526,12.259875059212346,-0.5776216582775061,-1.1740934081005265,-0.010186465139188734,-0.10467502523992823
P36,10925,1093593.5935935937,pedestrian,-23.55423237582717,12.118375669944582,-0.5807763159836684,-1.1984792659316226,-0.018466813683814816,-0.1586153197911141
P36,10926,1093693.6936936937,pedestrian,-23.608994489181676,11.973066262374775,-0.5876623910072566,-1.2196124746249644,-0.03800442258652971,-0.17899940543895715
P36,10927,1093793.7937937938,pedestrian,-23.676919912667433,11.86107914125597,-0.6012194045369467,-1.2292373158755028,-0.075829542382937,-0.1468357777782198
P36,10928,1093893.893893894,pedestrian,-23.759680655305075,11.745811417791371,-0.6205288423116875,-1.2313230546955776,-0.12128008274507006,-0.09791932867150417
P36,10929,1093993.993993994,pedestrian,-23.835459044142393,11.626471619515545,-0.6396251793491669,-1.2288760102615417,-0.14825895622886104,-0.05041367891866996
P36,10930,1094094.0940940941,pedestrian,-23.91424616816926,11.50383929953762,-0.6553170266106603,-1.2231753008458504,-0.15155990371961775,-0.008732047313629109
P36,10931,1094194.1941941944,pedestrian,-23.985114953058332,11.374492057164318,-0.6632104568484299,-1.213639952084595,-0.12333395949123147,0.03163986395123549
P36,10932,1094294.2942942944,pedestrian,-24.044438153614536,11.263075246775642,-0.6613087973550242,-1.1958566780042792,-0.0680768560225425,0.08832700808966247
P36,10933,1094394.3943943945,pedestrian,-24.097735959226586,11.166505208655888,-0.6513018945533375,-1.1705184499759336,-0.002836747406330914,0.15230773380654772
P36,10934,1094494.4944944945,pedestrian,-24.154182136544467,11.070090304601987,-0.6365707134296145,-1.1428382111737065,0.05539795266784005,0.20053259525139996
P36,10935,1094594.5945945946,pedestrian,-24.20580711087035,10.96320917111547,-0.6185766241495152,-1.1174530637861768,0.10367916441791125,0.22113393027872505
P36,10936,1094694.6946946948,pedestrian,-24.250133275809315,10.859146654509935,-0.5997414079829767,-1.0942692849743842,0.1364784782325785,0.22519946279744543
P36,10937,1094794.7947947949,pedestrian,-24.30089339804219,10.760794882933075,-0.5848354572220853,-1.0732855706491056,0.1413049183584107,0.21915391388782637
P36,10938,1094894.894894895,pedestrian,-24.3568363824746,10.668221529913081,-0.5762427171958987,-1.0560547604722892,0.11977244991701763,0.2009001580893358
P36,10939,1094994.9949949952,pedestrian,-24.415387131919715,10.566857436754603,-0.5745483744324501,-1.0463583499468927,0.07984475535815239,0.16051161687860507
P36,10940,1095095.0950950952,pedestrian,-24.48036529706181,10.452405025300518,-0.5797523117925008,-1.0451811016715733,0.028663832804096193,0.10276233402250637
P36,10941,1095195.1951951953,pedestrian,-24.554682078093798,10.337490460695495,-0.5899917897299258,-1.048881415532665,-0.02217705154936416,0.048515814845575746
P36,10942,1095295.2952952953,pedestrian,-24.620420621134315,10.231361298667347,-0.6001512123203175,-1.0536530779196878,-0.05296958906182801,0.011174202285498723
P36,10943,1095395.3953953953,pedestrian,-24.683004074431814,10.121691825263213,-0.6084214185150085,-1.0592201764468645,-0.06448046345531336,-0.014755365286807355
P36,10944,1095495.4954954956,pedestrian,-24.745921802090056,10.008868292489668,-0.6144490385461306,-1.064351884171044,-0.06282484941929506,-0.028929726768427425
P36,10945,1095595.5955955957,pedestrian,-24.812126596033348,9.893529252497519,-0.6179296248235288,-1.0666495957866022,-0.05193357866554109,-0.026609835657426667
P36,10946,1095695.6956956957,pedestrian,-24.870853871326094,9.786184461049174,-0.6171549278284701,-1.0622452209363011,-0.02876691985546434,0.0008027725381606482
P36,10947,1095795.795795796,pedestrian,-24.922166331518525,9.690255645842809,-0.61287344823627,-1.0492950528200133,-0.0009935077654109892,0.05071702998724212
P36,10948,1095895.895895896,pedestrian,-24.973626031824338,9.601651412544422,-0.6085842603321071,-1.029213993003369,0.0160273810375288,0.10890961148477768
P36,10949,1095995.995995996,pedestrian,-25.022845207523165,9.524242458068784,-0.6080813464291723,-1.005251092284962,0.011755601911526699,0.15956552428233278
P36,10950,1096096.096096096,pedestrian,-25.092872007021345,9.43906943763386,-0.61690864731082,-0.9843997941970757,-0.027044046193357783,0.1784873520892855
P36,10951,1096196.1961961961,pedestrian,-25.178744985131164,9.344105878946282,-0.6339091658404431,-0.9707714781621806,-0.08247957778087892,0.16204958967791436
P36,10952,1096296.2962962964,pedestrian,-25.262342237208507,9.247057940075903,-0.6524069896157271,-0.9648406682806084,-0.12220062473948194,0.12213943012056466
P36,10953,1096396.3963963964,pedestrian,-25.34291142388379,9.147331089307693,-0.6665037624546061,-0.9664996875539692,-0.12943181422491318,0.06828713206302084
P36,10954,1096496.4964964965,pedestrian,-25.410427398784964,9.040105824446625,-0.6710243207553339,-0.9751966415911693,-0.09671527385914824,0.008045892076735964
P36,10955,1096596.5965965968,pedestrian,-25.46725763131788,8.927484121195814,-0.6649870576466759,-0.9882188310259342,-0.035752772274396424,-0.04558299307763469
P36,10956,1096696.6966966968,pedestrian,-25.524098015020147,8.826766017598592,-0.6507227348686795,-1.0012253877878587,0.03345019097572674,-0.07833100793977218
P36,10957,1096796.7967967968,pedestrian,-25.570923881033767,8.72982898909168,-0.6296445621127548,-1.0148867083896644,0.10221344630704726,-0.10090475827305276
P36,10958,1096896.896896897,pedestrian,-25.623873896428947,8.61844269638578,-0.6059264722978043,-1.0324769142719752,0.1545195243233451,-0.12995252815684188
P36,10959,1096996.996996997,pedestrian,-25.674708180243048,8.497005273562467,-0.5804288773767501,-1.0530411512561935,0.19342054314236645,-0.15925761594981658
P36,10960,1097097.0970970972,pedestrian,-25.719946028434688,8.379915263901557,-0.5535035631469709,-1.072438859942377,0.22275635790792056,-0.17266138305362008
P36,10961,1097197.1971971972,pedestrian,-25.76387425471686,8.26237659763664,-0.5264027178211824,-1.0884458557898455,0.24138396443565702,-0.16771089447059118
P36,10962,1097297.2972972973,pedestrian,-25.804609499166073,8.156154988443292,-0.49981113112512615,-1.0988149602378419,0.25080470249531395,-0.14281633353372525
P36,10963,1097397.3973973976,pedestrian,-25.850231052955,8.049479655222992,-0.4746457424999262,-1.105703700112696,0.251036680385664,-0.11408829912051777
P36,10964,1097497.4974974976,pedestrian,-25.891788328477666,7.938304413761607,-0.4489082384148039,-1.111500907972598,0.2533974898445288,-0.09227989867680637
P36,10965,1097597.5975975976,pedestrian,-25.932552755100925,7.8228410743835815,-0.4207553344719042,-1.117200281385243,0.26420965059485063,-0.07855869124796777
P36,10966,1097697.6976976977,pedestrian,-25.957306199059214,7.714989798994637,-0.38697927188978215,-1.1222726063985868,0.29263307829138674,-0.0677324984509805
P36,10967,1097797.7977977977,pedestrian,-25.97229240575066,7.6030366125203726,-0.34862916046951453,-1.1293188155399645,0.3277617179296253,-0.06876484779488948
P36,10968,1097897.897897898,pedestrian,-25.979629698626983,7.482776604203605,-0.30904442879014055,-1.140079117731283,0.3540407820220703,-0.08380114408661615
P36,10969,1097997.997997998,pedestrian,-25.990970780403988,7.352940534689325,-0.2734939758097931,-1.1538099465458256,0.35447103320150397,-0.10452081438766729
P36,10970,1098098.098098098,pedestrian,-26.00125611100461,7.234194268812194,-0.2451824786162723,-1.1664208957394444,0.3266586914383886,-0.11285318655117199
P36,10971,1098198.1981981983,pedestrian,-26.013510824395958,7.112422768526449,-0.22755017863239269,-1.1782074368671334,0.26822569696098353,-0.11475331440177763
P36,10972,1098298.2982982984,pedestrian,-26.039847973191065,6.9907892042786655,-0.22388082175326696,-1.1888010130328635,0.17832417170535714,-0.11128896535305949
P36,10973,1098398.3983983984,pedestrian,-26.08067208336362,6.872430504798638,-0.23318153258553542,-1.198223171834418,0.07302185052017057,-0.10462635029267563
P36,10974,1098498.4984984985,pedestrian,-26.123604395050457,6.748258252405705,-0.24984234004208242,-1.2081869162479937,-0.01994453968920014,-0.10265083464410849
P36,10975,1098598.5985985985,pedestrian,-26.173626773930035,6.592001998363295,-0.2680096686449172,-1.2187374553641643,-0.08266165401842074,-0.10371809355839892
P36,10976,1098698.6986986988,pedestrian,-26.201889993122112,6.487027587567651,-0.27919012323366366,-1.216984924177407,-0.0939323380880063,-0.05665479962749065
P36,10977,1098798.7987987988,pedestrian,-26.222444448185055,6.371156513516928,-0.2828356129602437,-1.2080625972280377,-0.07160382723859625,-5.547201108140054e-05
P36,10978,1098898.8988988989,pedestrian,-26.250174840826126,6.270027632975869,-0.2814604852127571,-1.1926455915901466,-0.038471915163065945,0.059759359745667075
P36,10979,1098998.9989989991,pedestrian,-26.263452890190045,6.166091253570766,-0.27470275997482335,-1.1763364538767218,0.002673116990048116,0.09981243657086745
P36,10980,1099099.0990990992,pedestrian,-26.27752142464498,6.04649218262946,-0.2673827321854099,-1.1635770081843715,0.030025324739961078,0.11054866198078281
P37,10935,1094594.5945945946,pedestrian,-14.853405645549154,-0.25650912074897936,1.24398525276883,0.8948659445478266,-0.3648740485410456,-0.2250593225017527
P37,10936,1094694.6946946948,pedestrian,-14.734978187745147,-0.17298953778930126,1.206262418636739,0.8723343947009784,-0.3744557000918783,-0.22508401087636085
P37,10937,1094794.7947947949,pedestrian,-14.640575331092228,-0.10428865865374651,1.1643159926879223,0.8497919622190843,-0.4055602340563564,-0.22516415576395807
P37,10938,1094894.894894895,pedestrian,-14.563463421551111,-0.040323185197937615,1.1176555869845899,0.8303986144361251,-0.44108875009353105,-0.20673363302906897
P37,10939,1094994.9949949952,pedestrian,-14.473960550038877,0.04492784831371093,1.074950967053311,0.8227133221429135,-0.4337791367086467,-0.1410829073435968
P37,10940,1095095.0950950952,pedestrian,-14.359562331239221,0.14783149884017885,1.0457602367608656,0.8306832397868134,-0.36979553178613517,-0.041751431721813725
P37,10941,1095195.1951951953,pedestrian,-14.252777975670499,0.24943509473119996,1.0272745959034462,0.8483092606661599,-0.29290973975476137,0.0487200770565302
P37,10942,1095295.2952952953,pedestrian,-14.152729770189316,0.34166647654709775,1.0151371861051441,0.8682880457955815,-0.22498445092271396,0.10841907333048506
P37,10943,1095395.3953953953,pedestrian,-14.060138706639965,0.43205821606501493,1.0073696516551025,0.8887377170479752,-0.16801501750733006,0.14547693253208396
P37,10944,1095495.4954954956,pedestrian,-13.963211405952064,0.5378811939783759,1.0058860541046042,0.9106502230634598,-0.10923400519228584,0.17365189070200499
P37,10945,1095595.5955955957,pedestrian,-13.851579799740712,0.6496307829722546,1.0120518806412024,0.9302085216082332,-0.04362977759565442,0.18199899805771672
P37,10946,1095695.6956956957,pedestrian,-13.735034600027053,0.7519935566472286,1.0224995328746938,0.941414845315476,0.013412971241702529,0.15500121957293464
P37,10947,1095795.795795796,pedestrian,-13.629824911030411,0.8409593122261029,1.0323640826485043,0.9411301632039265,0.04634068364910951,0.09395054165733868
P37,10948,1095895.895895896,pedestrian,-13.529145808790206,0.9137679957502247,1.0413084128521994,0.93033202390903,0.06301725203629104,0.015701703918217666
P37,10949,1095995.995995996,pedestrian,-13.428384506751314,0.986819249445684,1.0513663574641525,0.9155225833152316,0.07755999928373507,-0.04782710415084707
P37,10950,1096096.096096096,pedestrian,-13.305501305060522,1.0746918231732254,1.0655741221457307,0.9031210520189218,0.10256287869878013,-0.07736973750160181
P37,10951,1096196.1961961961,pedestrian,-13.185110572897946,1.170383069839283,1.0792925253071302,0.893845578620823,0.1159567707965048,-0.08330938547430472
P37,10952,1096296.2962962964,pedestrian,-13.068352904952896,1.2608529511741593,1.088652842108931,0.8847884369917822,0.10723914921684786,-0.08609450133105725
P37,10953,1096396.3963963964,pedestrian,-12.946512321417407,1.3650068155195658,1.090786259510439,0.874148093977887,0.07387367107796368,-0.09393921063765412
P37,10954,1096496.4964964965,pedestrian,-12.865563473800542,1.4368538577411736,1.0798125442762854,0.8534832292828861,0.002627596912746416,-0.13761950766943026
P37,10955,1096596.5965965968,pedestrian,-12.776711544272596,1.5202762798197957,1.0643811397571192,0.8246597377773358,-0.05824261583443779,-0.1959816666733607
P37,10956,1096696.6966966968,pedestrian,-12.67635802049141,1.5959410652226167,1.0503342442419699,0.7832402895448117,-0.09011025217344258,-0.28053613657137866
P37,10957,1096796.7967967968,pedestrian,-12.56919908841419,1.6432184480646341,1.0389471703072992,0.7243371000776541,-0.0992903562996108,-0.4000718771545545
P37,10958,1096896.896896897,pedestrian,-12.466932098036208,1.6733677758203136,1.028286715739746,0.6499830550440121,-0.10208849896968436,-0.5331252592200942
P37,10959,1096996.996996997,pedestrian,-12.388280718473847,1.6894972667508392,1.0175364027956666,0.5650941578329548,-0.10414885473203116,-0.6553828442255629
P37,10960,1097097.0970970972,pedestrian,-12.281155477109166,1.7028008836172517,1.0150788457731967,0.4764391198377015,-0.07324687265912738,-0.7447839772961021
P37,10961,1097197.1971971972,pedestrian,-12.15292003276514,1.7103439233378435,1.0194597568601096,0.3885676353011816,-0.027819521199601596,-0.7964384906579424
P37,10962,1097297.2972972973,pedestrian,-12.043485763044323,1.7133844347587885,1.0207978452053919,0.3050302427640329,-0.011829557551167609,-0.811230008258807
P37,10963,1097397.3973973976,pedestrian,-11.948587405272894,1.7140378373013332,1.015203228395363,0.22827114139010157,-0.028935158365243532,-0.7939901110325897
P37,10964,1097497.4974974976,pedestrian,-11.861358762871278,1.7097206897089612,1.0036350322086118,0.15919241114190663,-0.0625678181286739,-0.75365566887374
P37,10965,1097597.5975975976,pedestrian,-11.772120540428517,1.708722078594577,0.9896111139693293,0.09852113717696533,-0.09266759431543416,-0.6963727235421818
P37,10966,1097697.6976976977,pedestrian,-11.665840960284818,1.703692616037187,0.9756220880005534,0.043888339213613105,-0.11094645552764332,-0.6379090221936746
P37,10967,1097797.7977977977,pedestrian,-11.55914304620025,1.702500637720877,0.9567553873052477,-0.007480032423961095,-0.14104651502492094,-0.5894818359492605
P37,10968,1097897.897897898,pedestrian,-11.46381233967491,1.6992516053543816,0.925707305212851,-0.06209440498102141,-0.20670513795329304,-0.5724447349293916
P37,10969,1097997.997997998,pedestrian,-11.384479073013548,1.6750892782500653,0.8762875546870474,-0.12903520365219145,-0.3181258912183698,-0.6098287106460001
P37,10970,1098098.098098098,pedestrian,-11.344070230319616,1.63442227598511,0.8042923870653247,-0.2137779766934135,-0.473846444849505,-0.7017423302497658
P37,10971,1098198.1981981983,pedestrian,-11.321311397614584,1.5447733292027492,0.7160187228575066,-0.3206527905938921,-0.6322464052652256,-0.843809379300501
P37,10972,1098298.2982982984,pedestrian,-11.356262049990615,1.3484579336126696,0.6208852728799932,-0.4405920153792728,-0.7557560356969049,-0.9813910035937333
P37,10973,1098398.3983983984,pedestrian,-11.347662952628498,1.2508422782337996,0.5488874457410288,-0.5247246399459722,-0.7415865862734891,-0.9266873016091564
P37,10974,1098498.4984984985,pedestrian,-11.271700748646547,1.2153201451500684,0.515284416172048,-0.5579062490490971,-0.5840077791779958,-0.6956127577032327
P37,10975,1098598.5985985985,pedestrian,-11.167392403238415,1.2110062972177575,0.510758662458257,-0.5465573202176233,-0.3748322222835787,-0.3815406616892198
P37,10976,1098698.6986986988,pedestrian,-11.06753007507908,1.2178816199725497,0.5143571848068477,-0.5074109434226658,-0.21535531335932978,-0.08159059230657306
P37,10977,1098798.7987987988,pedestrian,-11.01758342498052,1.2178454832099093,0.5045981175749799,-0.4601937668661846,-0.16959788223250863,0.13321220937070322
P37,10978,1098898.8988988989,pedestrian,-10.995946968032477,1.2053308672442227,0.4765390115881621,-0.4212592141804867,-0.21257962014460213,0.23249920749202307
P37,10979,1098998.9989989991,pedestrian,-10.985034353757687,1.1632912731344205,0.43449319893143457,-0.4022097601847707,-0.29312066549868454,0.21611785959878388
P37,10980,1099099.0990990992,pedestrian,-10.97207902342442,1.100091719693554,0.38555336422564634,-0.40399063446360317,-0.3691311800297399,0.1253078914712269
P37,10981,1099199.1991991992,pedestrian,-10.95811494365408,1.0291339315334063,0.33453368124220983,-0.41992228519669794,-0.42369875743695784,0.01487055112443239
P37,10982,1099299.2992992993,pedestrian,-10.944512607381965,0.9625468973867667,0.28402962878441657,-0.44058631369729184,-0.45508184676908175,-0.07104595784984956
P37,10983,1099399.3993993993,pedestrian,-10.933801821557637,0.9186866014895736,0.23480219069686276,-0.45829425811123287,-0.4693299191204787,-0.11214239026940868
P37,10984,1099499.4994994996,pedestrian,-10.917774374166006,0.8722709015561395,0.18670890490567182,-0.4745087427954304,-0.4736477944276425,-0.1314918001320087
P37,10985,1099599.5995995996,pedestrian,-10.916781091550115,0.8135708224988492,0.13526743079998715,-0.49092475653213613,-0.48927495867590176,-0.1441108352692632
P37,10986,1099699.6996996996,pedestrian,-10.926172928638602,0.7503788919812802,0.0789656097879617,-0.5053454310500685,-0.5176855820788456,-0.1440920850804004
P37,10987,1099799.7997998,pedestrian,-10.958541771644022,0.6838466956508219,0.01762167412100588,-0.5138488046837022,-0.5546217343062934,-0.12113096167077161
P37,10988,1099899.8998999,pedestrian,-10.996161018146852,0.6236740108818046,-0.04239315409931393,-0.510383219336535,-0.5720634253737196,-0.06066359574113836
P37,10989,1100000.0,pedestrian,-11.019630840703774,0.5867212703721144,-0.09388071287811697,-0.4894194110108485,-0.5496616102815681,0.04419372596301102
P37,10990,1100100.1001001,pedestrian,-11.040364225431201,0.5517858967668678,-0.13593541138440074,-0.4518418155753444,-0.4993724156138236,0.17277737995041106
P37,10991,1100200.2002002,pedestrian,-11.061673127047328,0.536247183688594,-0.16980328510475673,-0.3964766332352279,-0.4368551284661348,0.32042860085770564
P37,10992,1100300.3003003004,pedestrian,-11.08866628222705,0.5296312678236539,-0.19744090901186015,-0.32589823787636657,-0.3744454160320907,0.46976037472258725
P37,10993,1100400.4004004004,pedestrian,-11.122368505480253,0.5303328330024285,-0.21924844353060952,-0.24218469387166341,-0.3136534964907357,0.6120607013091233
P37,10994,1100500.5005005004,pedestrian,-11.157443743637671,0.5533643945948603,-0.23306961889618857,-0.14565262459424905,-0.245488423130158,0.7488313943759803
P37,10995,1100600.6006006007,pedestrian,-11.189214287323065,0.6092819544337791,-0.23545203607144116,-0.040269777579472525,-0.15942288126123702,0.8668307058481353
P37,10996,1100700.7007007007,pedestrian,-11.201261007893928,0.6504077047929175,-0.2226415114420481,0.06130390542249508,-0.04784611470825614,0.9242459109384839
P37,10997,1100800.8008008008,pedestrian,-11.19712339242332,0.6990199506760567,-0.1964383626917626,0.15489472488863076,0.07235535214712818,0.9284101914025432
P37,10998,1100900.9009009008,pedestrian,-11.19193730584972,0.7505392536370453,-0.1632386815680599,0.2363845927847383,0.17302657376085484,0.8840254652569232
P37,10999,1101001.0010010009,pedestrian,-11.177839672986254,0.7959558900980588,-0.12860840500996312,0.302516227316617,0.24016281719626803,0.797306783665269
P37,11000,1101101.1011011011,pedestrian,-11.170767995730396,0.8459920299924304,-0.10069856589913653,0.3536624215186761,0.2551703475030005,0.6861352180558166
P37,11001,1101201.2012012012,pedestrian,-11.177492798476212,0.9026034579127371,-0.0850413100865445,0.3891784048365822,0.21683112853143327,0.5575033879606772
P37,11002,1101301.3013013012,pedestrian,-11.19091372649601,0.9523813948227731,-0.08231234403111105,0.4054725643971969,0.14323520864683456,0.4042601517951929
P37,11003,1101401.4014014015,pedestrian,-11.212703586128146,0.9841472614440674,-0.09124355428448144,0.3998621296402728,0.052988479756098106,0.22555549505727707
P37,11004,1101501.5015015015,pedestrian,-11.237245889104813,1.0001108336392677,-0.1082373247003474,0.3742123671032526,-0.03349175598636045,0.03850850432797792
P37,11005,1101601.6016016016,pedestrian,-11.263083677555676,1.0077932464293022,-0.129539896823672,0.3340351318056789,-0.10310918484658693,-0.13226492003989684
P37,11006,1101701.7017017016,pedestrian,-11.289432202352694,1.0113115068979084,-0.15182155431541244,0.28568550297009404,-0.1494964546057624,-0.2684351023585341
P37,11007,1101801.8018018017,pedestrian,-11.315841620865818,1.0128712906651773,-0.17236883217049748,0.23486740885560986,-0.17114826656833051,-0.3613138853371418
P37,11008,1101901.901901902,pedestrian,-11.341960417401557,1.0136174962688964,-0.18903448528333042,0.18597765686157602,-0.16933974787268177,-0.4106556344982159
P37,11009,1102002.002002002,pedestrian,-11.367287485587998,1.0141135873242233,-0.20005393357337883,0.14195682468454546,-0.14633511303133034,-0.42195791708512315
P37,11010,1102102.102102102,pedestrian,-11.390748345062931,1.0146055191139707,-0.20383511236093638,0.1044201000120774,-0.10418862836450303,-0.40372438122136456
P37,11011,1102202.2022022023,pedestrian,-11.409755032509802,1.0151565219328236,-0.1989005426502064,0.07392002168981693,-0.04460144524554481,-0.36527869579795863
P37,11012,1102302.3023023023,pedestrian,-11.417949373856969,1.0156929628742795,-0.1844085089882778,0.05025367549175516,0.02891997517578769,-0.3152547676606345
P37,11013,1102402.4024024024,pedestrian,-11.418905703579092,1.0170377554175762,-0.1623665673636297,0.03277796205493534,0.10317986762174379,-0.26064179184731384
P37,11014,1102502.5025025024,pedestrian,-11.417327169944649,1.018519159571393,-0.136410719112369,0.020302792275569363,0.16378967332533137,-0.20783700578560677
P37,11015,1102602.6026026024,pedestrian,-11.417474090797034,1.019263148036619,-0.11016970955969049,0.011454050315823257,0.2019750181530532,-0.16146778858997443
P37,11016,1102702.7027027027,pedestrian,-11.420893928303839,1.0197650923127841,-0.08572708645642663,0.0050819910307713725,0.21836087902740134,-0.12349484171868043
P37,11017,1102802.8028028028,pedestrian,-11.4171991840085,1.0196778910647182,-0.06297949573607411,0.0001090962666599974,0.2218112766187818,-0.0948375421399228
P37,11018,1102902.9029029028,pedestrian,-11.411880342915772,1.0187494872573652,-0.043742367776435434,-0.004363316820452897,0.21030715837313446,-0.07536474419348765
P37,11019,1103003.003003003,pedestrian,-11.411004350896654,1.0160497243175872,-0.030209404822218074,-0.009003291610040372,0.18114623553727055,-0.06410170483134296
P37,11020,1103103.103103103,pedestrian,-11.415641397076906,1.0092912281502993,-0.02295355600495285,-0.013920059731566375,0.13896125071259047,-0.05828480884028828
P37,11021,1103203.2032032032,pedestrian,-11.420824437334167,1.0055180764391363,-0.020557153114136906,-0.01767192878350462,0.09430679349553028,-0.05020825222895176
P37,11022,1103303.3033033032,pedestrian,-11.42625530659293,1.003394613471459,-0.021506068655452855,-0.019806895115736963,0.054013972714860865,-0.0389962483536667
P37,11023,1103403.4034034035,pedestrian,-11.43176727294531,1.0021653414557263,-0.02439696892378424,-0.02042037650403687,0.021832166253840643,-0.02623613415546637
P37,11024,1103503.5035035037,pedestrian,-11.437248261520084,1.0014052255401047,-0.02802234925390981,-0.019874148502721185,-0.0007043649922977707,-0.013932039445097135
P37,11025,1103603.6036036038,pedestrian,-11.442573309182515,1.00087289721573,-0.031376225582852864,-0.018629740390776438,-0.01343858059027438,-0.003696919235856645
P37,11026,1103703.7037037038,pedestrian,-11.447506619653161,1.0004200887799095,-0.033618799124062494,-0.017161868404672917,-0.016918940391393883,0.0034313216502035657
P37,11027,1103803.8038038039,pedestrian,-11.451498574520414,0.9999247397581674,-0.034049356615715544,-0.01592576543941686,-0.01202040584761049,0.006893286383025484
P37,11028,1103903.9039039041,pedestrian,-11.453207318237924,0.9992157924286659,-0.03218481622609549,-0.015355433724595684,-0.00012231525737681215,0.00642909269183443
P37,11029,1104004.0040040042,pedestrian,-11.453359634933616,0.9976748258605348,-0.028181841344411193,-0.015863209641069305,0.015450303888356444,0.001963780709248339
P37,11030,1104104.1041041042,pedestrian,-11.455882247356843,0.9935673324867705,-0.022531476218664866,-0.017671166113748187,0.03136643090939109,-0.005810590347978883
P37,11031,1104204.2042042043,pedestrian,-11.455604600770537,0.9891256285136164,-0.014412284487738273,-0.02014213801001435,0.05067856418006876,-0.013138170262665259
P37,11032,1104304.3043043045,pedestrian,-11.451636625354576,0.9811831140608822,-0.003420797918975203,-0.0225534034879781,0.07363308932750404,-0.01738941239939354
P37,11033,1104404.4044044046,pedestrian,-11.441334079256563,0.9803965506453389,0.010128811354905023,-0.022722620005322356,0.09759744263078661,-0.011294642880932657
P37,11034,1104504.5045045046,pedestrian,-11.43182400888989,0.9808038504016859,0.024068609334438655,-0.02093033029214591,0.11377146782328834,4.1469190898455605e-05
P37,11035,1104604.6046046047,pedestrian,-11.422555504667422,0.9814666286552076,0.03688460436841619,-0.01781651208647899,0.11930772585539019,0.012101998436766376
P37,11036,1104704.704704705,pedestrian,-11.4144674493219,0.982141064777448,0.047460792976736194,-0.01399222988792396,0.11400779038892017,0.02223575393472018
P37,11037,1104804.804804805,pedestrian,-11.406805461210341,0.9850612936542595,0.05533213240878007,-0.009918494124023933,0.10027495507082781,0.029402781126219423
P37,11038,1104904.904904905,pedestrian,-11.399601951382541,0.9887554144045916,0.0602901185823502,-0.00682896108677849,0.08057444666582683,0.029970236258760455
P37,11039,1105005.005005005,pedestrian,-11.393164807180634,0.9918416624332433,0.062251006825281174,-0.0063996724463270555,0.05689828836347027,0.019999900718246533
P37,11040,1105105.1051051053,pedestrian,-11.388389954273388,0.9921535248166331,0.06123222654406667,-0.010501175196328278,0.030857537385677383,-0.0036718861635083033
P37,11041,1105205.2052052054,pedestrian,-11.3875650396514,0.9850284490377786,0.05759067228268865,-0.020687562005699944,0.004754374436581606,-0.04175322699377805
P37,11042,1105305.3053053054,pedestrian,-11.390963351066961,0.9634072649857078,0.05293614667055306,-0.0366108614649369,-0.01514351383739582,-0.08730035603092746
P37,11043,1105405.4054054054,pedestrian,-11.389018514404572,0.9497326939089383,0.05054045674665365,-0.053004167046767255,-0.018555817024649812,-0.11698768056784786
P37,11044,1105505.5055055057,pedestrian,-11.378422088233295,0.9372506486110195,0.05198335191041313,-0.06784541694022174,-0.005755804458506229,-0.12913006040515074
P37,11045,1105605.6056056058,pedestrian,-11.383831498037518,0.9175931883823153,0.05575853119727493,-0.07997975612276087,0.011120411375805286,-0.1260599478889325
P37,11046,1105705.7057057058,pedestrian,-11.36126301678181,0.904776274102968,0.06706192573812671,-0.08551161041059646,0.050642226795191835,-0.09857466993668923
P37,11047,1105805.8058058058,pedestrian,-11.332592709303553,0.8969227482590609,0.08146307259907205,-0.08249458878838073,0.08683488147754513,-0.04860399944999835
P37,11048,1105905.905905906,pedestrian,-11.322673740739342,0.8947354802725778,0.09206175670250726,-0.06993930574974253,0.09422906340700543,0.018959833744653973
P37,11049,1106006.0060060062,pedestrian,-11.330299084053616,0.8977639483388511,0.09886748411232982,-0.0476895165330406,0.08404201744562062,0.09789264889067173
P37,11050,1106106.1061061062,pedestrian,-11.325430511728555,0.9148207778682613,0.10941990246216418,-0.015856285268189697,0.09234103064808441,0.18334993666219826
P37,11051,1106206.2062062062,pedestrian,-11.281141332297874,0.9422762719016107,0.1282075737072564,0.021938747709149695,0.12935772850511082,0.2587525479197708
P37,11052,1106306.3063063065,pedestrian,-11.245850502888125,0.9653490273925638,0.14542558802745373,0.05947013863995806,0.14591574832011966,0.3038592371682044
P37,11053,1106406.4064064065,pedestrian,-11.237175663295853,0.9873936264269253,0.15383238122615614,0.09317007842353385,0.12187205014181951,0.3165943463647438
P37,11054,1106506.5065065066,pedestrian,-11.236216885469402,1.011305261078705,0.15585439344546942,0.12076207163590232,0.08240006458277535,0.30069627565618473
P37,11055,1106606.6066066066,pedestrian,-11.218855993871866,1.0394506957120457,0.15731369779791715,0.13971929225123625,0.05606980774044075,0.25748119127536423
P37,11056,1106706.706706707,pedestrian,-11.198817137887076,1.0584140545320118,0.1581760510491421,0.14551930190878612,0.03764648223656269,0.1800145062715291
P37,11057,1106806.806806807,pedestrian,-11.187864863021883,1.0675771912465686,0.15706894716726794,0.1358469437134701,0.018737269358099072,0.07261455301589173
P37,11058,1106906.906906907,pedestrian,-11.172620091242873,1.0661170651438994,0.1558296668619491,0.110313034359288,0.0066565115160320855,-0.054607140489904504
P37,11059,1107007.007007007,pedestrian,-11.161437530941969,1.052376268741993,0.15469132461858756,0.07028949040319647,-0.00034267852335258774,-0.18863437804505098
P37,11060,1107107.1071071073,pedestrian,-11.148479406518806,1.0339222750123376,0.1554863695494189,0.01926663746314243,0.0028738602062387125,-0.31328818152520976
P37,11061,1107207.2072072073,pedestrian,-11.131839578640909,1.0069584753110372,0.1597575441881699,-0.04022317445988039,0.018323465436557267,-0.4223861183237121
P37,11062,1107307.3073073074,pedestrian,-11.108178917759073,0.9711647297028158,0.16818922826730948,-0.10541111945471761,0.043911214443918316,-0.511228802057059
P37,11063,1107407.4074074074,pedestrian,-11.08779295986147,0.9261142363185788,0.17932849458657005,-0.17310614875450725,0.07006616377247035,-0.575303731609144
P37,11064,1107507.5075075077,pedestrian,-11.063891993341247,0.8768738895851225,0.19355467468222196,-0.23923398086251915,0.09803930928543167,-0.6084247568810341
P37,11065,1107607.6076076077,pedestrian,-11.043417321101384,0.8333805629964047,0.21079937544417937,-0.30032469441842824,0.12685952036516626,-0.6091513147348927
P37,11066,1107707.7077077078,pedestrian,-11.011481303562134,0.7771519211242528,0.23348361361657885,-0.35718681272730163,0.16558761075376768,-0.5931956237324761
P37,11067,1107807.8078078078,pedestrian,-10.965479688534092,0.7148588328075879,0.26118087517874383,-0.407715688424313,0.20872287176446191,-0.5588715399777948
P37,11068,1107907.907907908,pedestrian,-10.915847544162473,0.6593333052284169,0.2891782901820268,-0.44854543381610057,0.2362759267988922,-0.5002559350672555
P37,11069,1108008.0080080081,pedestrian,-10.879684220740574,0.6108049214571187,0.3117562425296809,-0.47943565654117876,0.23211327405197915,-0.4258471228271435
P37,11070,1108108.1081081082,pedestrian,-10.849146845716374,0.5650246135911124,0.3285269322850812,-0.5034260786629187,0.20704379990749736,-0.35356572460214397
P37,11071,1108208.2082082082,pedestrian,-10.818239021244743,0.5163873588034565,0.34181159233570296,-0.5254794206332798,0.1781867868704543,-0.30183322745717833
P37,11072,1108308.3083083085,pedestrian,-10.78059647545505,0.44940329365156845,0.3544992657702954,-0.5506915757310701,0.15821752520508206,-0.2824358767397489
P37,11073,1108408.4084084085,pedestrian,-10.740896584976147,0.37351705661052653,0.36756721945771365,-0.5783562270262558,0.14747577066131773,-0.2800808810448704
P37,11074,1108508.5085085086,pedestrian,-10.705081416981226,0.29925614859001964,0.3817388480846194,-0.6049760873927591,0.14518475869409328,-0.2745880449998009
P37,11075,1108608.6086086086,pedestrian,-10.653299999330827,0.22652549738805322,0.4000601758947351,-0.6280104213200098,0.1598773702435099,-0.2573215809012006
P37,11076,1108708.7087087089,pedestrian,-10.60228578109976,0.1669382433157792,0.4204894495825091,-0.6457749980840949,0.17704135176192684,-0.22632022368196095
P37,11077,1108808.808808809,pedestrian,-10.551191188217212,0.1083233819001281,0.44191207430257795,-0.6620940216571078,0.19139440466900579,-0.20174803294134697
P37,11078,1108908.908908909,pedestrian,-10.500737601397608,0.030863527659361872,0.4640131010754435,-0.6824051288487958,0.20280631271784794,-0.202198349555382
P37,11079,1109009.009009009,pedestrian,-10.442303271925834,-0.06175327366679807,0.48774771707361314,-0.706271759260781,0.2161235077796381,-0.21626357754712322
P37,11080,1109109.1091091093,pedestrian,-10.382138880364339,-0.1475490974187439,0.5121028537437925,-0.7279691037514868,0.22667722003634808,-0.2164549328186034
P37,11081,1109209.2092092093,pedestrian,-10.309572286107514,-0.2268126787981545,0.5362744553247403,-0.7442975687236901,0.2324218622965864,-0.19574934278399048
P37,11082,1109309.3093093093,pedestrian,-10.251064384956543,-0.292090799244829,0.5551978939200368,-0.7545576418130281,0.21558180401117635,-0.1595466010518741
P37,11083,1109409.4094094094,pedestrian,-10.197375404711062,-0.36394785314325656,0.5691976691772237,-0.7637546513368624,0.18618359975478138,-0.1332757967603038
P37,11084,1109509.5095095097,pedestrian,-10.137152915130331,-0.4453495222022445,0.5809365304110592,-0.7752892663671337,0.15942987847458873,-0.12627022344306316
P37,11085,1109609.6096096097,pedestrian,-10.07791465604119,-0.5371244956750431,0.5910925500178615,-0.7896751721280674,0.1369238127105833,-0.13304285310253486
P37,11086,1109709.7097097097,pedestrian,-10.009184251922726,-0.6285237665894192,0.6010393883087878,-0.8038580870781735,0.12234394568775064,-0.1363988782568501
P37,11087,1109809.8098098098,pedestrian,-9.945942368539361,-0.7135545768653906,0.6087071915561404,-0.8149073817951505,0.10458538608828127,-0.12629857120853172
P37,11088,1109909.90990991,pedestrian,-9.881160358190538,-0.7863745194716238,0.6139678022368812,-0.8222743100828535,0.08438514573139927,-0.10583780175155526
P37,11089,1110010.01001001,pedestrian,-9.823177840284313,-0.8725071544492842,0.6159984586523735,-0.8304676673639875,0.05950015574108357,-0.09652569928991411
P37,11090,1110110.1101101101,pedestrian,-9.764977180801106,-0.9715788292057282,0.6164218385304436,-0.8396356446015929,0.038042558929373714,-0.09460878159403219
P37,11091,1110210.2102102102,pedestrian,-9.704239543433541,-1.0597583609641252,0.616872100404718,-0.8448983605381412,0.025019663405648866,-0.07828990453373336
P37,11092,1110310.3103103105,pedestrian,-9.63954769093359,-1.133588955265219,0.618121584729563,-0.8448981053243957,0.020152325338770462,-0.047894573294984824
P37,11093,1110410.4104104105,pedestrian,-9.57824887154748,-1.2020160447858,0.6194334288957843,-0.8436272838639056,0.01741648104785572,-0.024371801368384058
P37,11094,1110510.5105105105,pedestrian,-9.50770665679959,-1.2833338702715245,0.6213390057223678,-0.8478552980381551,0.018045500436144682,-0.03130790810822963
P37,11095,1110610.6106106106,pedestrian,-9.437938376699195,-1.3843584547728294,0.620707801731549,-0.8606510661489646,0.008591669173457578,-0.06878038973356917
P37,11096,1110710.7107107108,pedestrian,-9.367224270933404,-1.5065480353045708,0.6139228773810367,-0.8784540497684094,-0.021058500653854298,-0.11112497931490442
P37,11097,1110810.810810811,pedestrian,-9.324546838291392,-1.5814332772768667,0.5955757114853355,-0.8893358613147093,-0.08404062476520913,-0.11018714367810101
P37,11098,1110910.910910911,pedestrian,-9.285861298468507,-1.6499405977042672,0.5693059685269433,-0.8990292094899975,-0.1532982313397586,-0.10500406729870432
P37,11099,1111011.011011011,pedestrian,-9.246372208368026,-1.7601081530904399,0.5392884268431356,-0.9175505363794199,-0.21020354646293885,-0.13607162878470386
P37,11100,1111111.1111111112,pedestrian,-9.208637724081395,-1.8696359622153391,0.5082961579046895,-0.9408072949226044,-0.24879699983134038,-0.1734437820735245
P37,11101,1111211.2112112113,pedestrian,-9.171689218900164,-1.9785798871051135,0.4786275111650819,-0.9654844538396824,-0.2672738551337305,-0.20181589413123546
P37,11102,1111311.3113113113,pedestrian,-9.135032274300093,-2.0870372719199706,0.4518958897294784,-0.9891825000712676,-0.2671865205065947,-0.21537576538747952
P37,11103,1111411.4114114114,pedestrian,-9.09842853424299,-2.195109891389177,0.4290281142404921,-1.0103711028238291,-0.2521475562044612,-0.21393869095284498
P37,11104,1111511.5115115116,pedestrian,-9.06177425341213,-2.30288831446549,0.41036888182246506,-1.0282493460677422,-0.22662473220063128,-0.2002206349028972
P37,11105,1111611.6116116117,pedestrian,-9.025033695740548,-2.4104469761654554,0.39582599633698523,-1.0425720212638205,-0.19504575089033835,-0.17803840297879253
P37,11106,1111711.7117117117,pedestrian,-8.988203354291528,-2.517844233669826,0.3850174410841358,-1.0534781790320116,-0.1612433958646207,-0.15121731991142598
P37,11107,1111811.8118118118,pedestrian,-8.951293280508098,-2.625124440301498,0.3773995265845229,-1.0613415072266426,-0.12818948790901552,-0.12300762861872136
P37,11108,1111911.911911912,pedestrian,-8.914317760025133,-2.7323205697958115,0.3723673064248051,-1.0666507619463725,-0.09793968227007369,-0.09584401690318278
P37,11109,1112012.012012012,pedestrian,-8.877290985356833,-2.8394567158010067,0.3693258484406239,-1.0699211805770477,-0.07171273179865306,-0.0713186633232212
P37,11110,1112112.112112112,pedestrian,-8.84022532309287,-2.9465501887476258,0.3677350796893293,-1.0716334564563048,-0.0500414692947542,-0.05027164237517179
P37,11111,1112212.2122122122,pedestrian,-8.803130880167938,-3.0536131012225596,0.36713280782419827,-1.0721945186046125,-0.03294981488043382,-0.03293080058587461
P37,11112,1112312.3123123124,pedestrian,-8.766015708898253,-3.1606533466243643,0.36714092604265186,-1.0719132567640008,-0.020126284941648472,-0.019055292637854992
P37,11113,1112412.4124124125,pedestrian,-8.728886380760104,-3.267674723927549,0.3674592887920488,-1.0709838168147277,-0.011077957740951177,-0.008052753680976356
P37,11114,1112512.5125125125,pedestrian,-8.69174896908471,-3.374675514018995,0.36785068105072016,-1.0694686364413823,-0.005259207918842218,0.0009500253568992881
P37,11115,1112612.6126126125,pedestrian,-8.654610889417215,-3.481643694244824,0.36811894529593836,-1.067272593087593,-0.002176999862071835,0.009098330690399932
P37,11116,1112712.7127127128,pedestrian,-8.61748486207873,-3.5885442328235184,0.36808086674263113,-1.0640983231790433,-0.0014795111420830799,0.01787718755396168
P37,11117,1112812.8128128129,pedestrian,-8.580398169845461,-3.6952871709512887,0.36753112110168307,-1.0593713776381062,-0.003037256159343344,0.02926974072661146
P37,11118,1112912.912912913,pedestrian,-8.543415027931156,-3.801648661247416,0.3661991574786087,-1.0521245455858081,-0.007023994050621157,0.0460125093381855
P37,11119,1113013.013013013,pedestrian,-8.506691280643311,-3.907076482614381,0.36369930975772197,-1.0408402215145756,-0.013992488506232578,0.07191426873739483
P37,11120,1113113.1131131132,pedestrian,-8.470608652789458,-4.0102116237442615,0.3594861736173632,-1.0232873006353647,-0.024900433279760763,0.11207235537779987
P37,11121,1113213.2132132133,pedestrian,-8.436104658416085,-4.107711849630283,0.35286083711785543,-0.9965059070249412,-0.04092908225143945,0.17243164151464846
P37,11122,1113313.3133133133,pedestrian,-8.405483609453313,-4.191359135995259,0.34316725611606874,-0.9574215903047734,-0.0626348349338155,0.25707339833084786
P37,11123,1113413.4134134133,pedestrian,-8.384410517866932,-4.2409477619278695,0.33056661218018735,-0.9054466345196426,-0.0871885537027141,0.3588498850540501
P37,11124,1113513.5135135136,pedestrian,-8.359398733807797,-4.28571565400405,0.3184184336776807,-0.8506944124388532,-0.10045498733136314,0.4318852252526007
P37,11125,1113613.6136136136,pedestrian,-8.337284720793768,-4.337055537562963,0.30848046173239424,-0.8042622859841758,-0.09999895611826072,0.44429754481413397
P37,11126,1113713.7137137137,pedestrian,-8.30702955856161,-4.395919641740623,0.3036627432373437,-0.7747061106585781,-0.07986158426988267,0.386439384665377
P37,11127,1113813.8138138137,pedestrian,-8.269672958394192,-4.476797508012321,0.3041167567230787,-0.7686279834576226,-0.047096227251075436,0.2599861551293523
P37,11128,1113913.913913914,pedestrian,-8.232313336308904,-4.589049957309136,0.3074537866336108,-0.7860295758587104,-0.01586981535163641,0.09156190747362813
P37,11129,1114014.014014014,pedestrian,-8.194521609203893,-4.7002223711811455,0.3112845114232676,-0.8165148930971856,0.005148371394445253,-0.06221921591367316
P37,11130,1114114.114114114,pedestrian,-8.163752594979886,-4.79942438358946,0.3129574598937915,-0.8510508341641638,0.009637990233466787,-0.17200811945042163
P37,11131,1114214.2142142141,pedestrian,-8.141924087341845,-4.892292233121118,0.3123348304769223,-0.8865183885453034,0.0034814463568041245,-0.24278705276777546
P37,11132,1114314.3143143144,pedestrian,-8.118812755923116,-4.998895536683685,0.312906244818041,-0.9242131308045447,0.004346023716190854,-0.29472553756709124
P37,11133,1114414.4144144144,pedestrian,-8.085429495116488,-5.124238555943496,0.3184144003328764,-0.9622523382521295,0.02402159882331878,-0.32783601611170227
P37,11134,1114514.5145145145,pedestrian,-8.046251044203636,-5.251167256091462,0.3295665190079117,-0.9925641043522009,0.05794810253012428,-0.3181219771082823
P37,11135,1114614.6146146145,pedestrian,-8.006011925570972,-5.35550463863117,0.3456548404344828,-1.005888414972562,0.09784794669597925,-0.24629507435223227
P37,11136,1114714.7147147148,pedestrian,-7.963820299762437,-5.440373206803098,0.36652162302745084,-1.0001788871971247,0.14079032789080284,-0.12853257832647938
P37,11137,1114814.8148148148,pedestrian,-7.915776635885119,-5.501764034007216,0.39255383868092963,-0.9794903974338486,0.1870948790486714,0.00160559481803621
P37,11138,1114914.9149149149,pedestrian,-7.85173020332621,-5.578574656176548,0.42343276805823177,-0.9561345166332225,0.23422019060136304,0.09156567754459252
P37,11139,1115015.015015015,pedestrian,-7.78095235469451,-5.6635293767455455,0.4539605732759813,-0.936517548909869,0.261688332153521,0.13209973172431153
P37,11140,1115115.1151151152,pedestrian,-7.71092336794904,-5.751878840355706,0.47664666049736637,-0.9236119756839725,0.24807925954984125,0.1308678625121989
P37,11141,1115215.2152152152,pedestrian,-7.651594822366826,-5.839415279660965,0.4835439879358657,-0.9189956282034235,0.178518504650423,0.0979653164774108
P37,11142,1115315.3153153153,pedestrian,-7.622869255202333,-5.92000182851204,0.46898997517774826,-0.9250640243940527,0.05276633813770118,0.036396766706213945
P37,11143,1115415.4154154153,pedestrian,-7.611478320045628,-6.051318838162722,0.4368287980273876,-0.9485816736511742,-0.09245290786358143,-0.06894430347395464
P37,11144,1115515.5155155156,pedestrian,-7.60072233140844,-6.1882711096050205,0.3959039711535855,-0.9788051938850417,-0.21528288937580956,-0.1593970512716268
P37,11145,1115615.6156156156,pedestrian,-7.57857908762943,-6.320612013313929,0.35399384650298127,-1.0026811330716587,-0.29424819741047264,-0.19011504940455426
P37,11146,1115715.7157157157,pedestrian,-7.56312150484253,-6.39860041244145,0.3130015729397928,-1.0077276458379802,-0.33899716086063697,-0.13587943269227482
P37,11147,1115815.8158158157,pedestrian,-7.543958679604873,-6.464421615300818,0.27568443320394764,-1.0011521817113178,-0.3521196843721424,-0.05762494569432089
P37,11148,1115915.915915916,pedestrian,-7.528408899829431,-6.559902558611528,0.24205765909163354,-0.995658691638285,-0.34583496586709306,-0.013947376888574652
P37,11149,1116016.0160160162,pedestrian,-7.512972569507935,-6.667537709709822,0.21226856835627003,-0.9935229607898275,-0.32710608517548845,-0.00024939723270403676
P37,11150,1116116.1161161163,pedestrian,-7.498423416198016,-6.777725167230418,0.18549806784645737,-0.99211289261565,-0.30394098570833744,0.005316232478898206
P37,11151,1116216.2162162163,pedestrian,-7.486523421829028,-6.879552913374855,0.16027202813092678,-0.9869987141451431,-0.2837791940800835,0.023087145184114165
P37,11152,1116316.3163163164,pedestrian,-7.481487810596305,-6.953226179062252,0.13509898405593632,-0.9758581555989899,-0.2712392384172246,0.057331595268318984
P37,11153,1116416.4164164166,pedestrian,-7.480881465496718,-7.0459294491604245,0.11014597683997841,-0.966760898032929,-0.2627142553134796,0.07035665128582984
P37,11154,1116516.5165165167,pedestrian,-7.481383450767945,-7.144383288607242,0.08653935313376064,-0.9610230173835734,-0.25227709808972093,0.06529601110646825
P37,11155,1116616.6166166167,pedestrian,-7.482533776195844,-7.24458661574548,0.0652551272564099,-0.9576262273655617,-0.23688475373316525,0.05312037061857923
P37,11156,1116716.7167167168,pedestrian,-7.485038398432334,-7.338879193176596,0.04704383075099205,-0.9545860923409012,-0.21555010453705725,0.04428840569274578
P37,11157,1116816.816816817,pedestrian,-7.484751943731479,-7.434073256104898,0.03287442982211942,-0.9519368573551471,-0.18682208290676766,0.037369191552647646
P37,11158,1116916.916916917,pedestrian,-7.481162394425845,-7.521640769072762,0.022508924876126,-0.9493240982722402,-0.15449406116057368,0.03299474272129725
P37,11159,1117017.0170170171,pedestrian,-7.479399092626545,-7.618347952470806,0.014234982840525868,-0.9494497558606055,-0.12660477103894244,0.019697905982239864
P37,11160,1117117.1171171172,pedestrian,-7.485433922848992,-7.723424424974216,0.006734359780706294,-0.9519451904145622,-0.10654364784349032,0.002372334888248652
P37,11161,1117217.2172172174,pedestrian,-7.494206486041925,-7.828881076614747,0.0016072742263229245,-0.9531746942870853,-0.08506529154469755,-0.0033171785217179575
P37,11162,1117317.3173173175,pedestrian,-7.492631327919005,-7.907781729867096,0.0019985084336595835,-0.9486917058077445,-0.05052319217946834,0.015357460495412652
P37,11163,1117417.4174174175,pedestrian,-7.488269269161284,-7.987997312390116,0.007838783682135433,-0.9437958624925028,-0.008257752491959397,0.028383295456601124
P37,11164,1117517.5175175176,pedestrian,-7.483127646411043,-8.096174033260091,0.018626152951112473,-0.9440308276125415,0.03678585901049231,0.016452813960452492
P37,11165,1117617.6176176178,pedestrian,-7.474251183212026,-8.177561707449696,0.034422294087092235,-0.9445881009775807,0.08376828922887561,0.00790404080226928
P37,11166,1117717.7177177179,pedestrian,-7.454454870300737,-8.284294640090595,0.054979363485390044,-0.9509133548756205,0.13097559790795288,-0.019696387039099858
P37,11167,1117817.817817818,pedestrian,-7.430453213248385,-8.400151109788203,0.07687893093833656,-0.9596342225897422,0.16506244533830325,-0.04587269875102266
P37,11168,1117917.917917918,pedestrian,-7.408135558493163,-8.509699250618711,0.09556197650057185,-0.9635154564069198,0.17344086592543545,-0.04311660028950383
P37,11169,1118018.0180180182,pedestrian,-7.396125957381724,-8.588615722132984,0.10711588780007035,-0.9565582113304643,0.15091692247420477,0.000605446676569088
P37,11170,1118118.1181181183,pedestrian,-7.388849473636402,-8.686792107681347,0.11135104237807064,-0.9434986519347723,0.10875234975660528,0.0510205745766512
P37,11171,1118218.2182182183,pedestrian,-7.384428702524192,-8.781835185145104,0.10971961424671446,-0.9209322585212122,0.06020430201591559,0.11873442634011694
P37,11172,1118318.3183183183,pedestrian,-7.382354107331361,-8.841763966468575,0.10453597110445767,-0.884274752127506,0.01672706454912843,0.21481081311746125
P37,11173,1118418.4184184186,pedestrian,-7.381195192368079,-8.902039576670637,0.09883848825424821,-0.8399390568564695,-0.011863962627337278,0.30336672457587754
P37,11174,1118518.5185185187,pedestrian,-7.37802042985348,-8.962397481754799,0.0960890762058539,-0.7926460875505724,-0.017921355230524263,0.36901223021273816
P37,11175,1118618.6186186187,pedestrian,-7.365642726533544,-9.02278954730069,0.09942468873101183,-0.7452788785684502,0.001973054152757954,0.4094602365469972
P37,11176,1118718.7187187187,pedestrian,-7.348678240436355,-9.089053518817726,0.10915160360125799,-0.6987979819764142,0.03893191390702374,0.4307677170601081
P37,11177,1118818.818818819,pedestrian,-7.32860376105359,-9.139583697974745,0.12454707943052246,-0.6496691754010184,0.08352724545635595,0.4540726856202631
P37,11178,1118918.918918919,pedestrian,-7.2994886938970485,-9.188810634410434,0.14460439430102273,-0.5978070828829415,0.12888988674855814,0.47893078324167637
P37,11179,1119019.019019019,pedestrian,-7.269489114187741,-9.23020856291328,0.16571739353185924,-0.5411814439004389,0.1607358406352266,0.5126132015138227
P37,11180,1119119.1191191191,pedestrian,-7.241093598563981,-9.250391611378662,0.18442427260281602,-0.47782147753966553,0.17088640662638405,0.5593375654421509
P37,11181,1119219.2192192194,pedestrian,-7.219823338777189,-9.26778184883839,0.19813138317652623,-0.4109846334575283,0.15770514152565765,0.6014069363580934
P37,11182,1119319.3193193194,pedestrian,-7.202640502535155,-9.272605462187812,0.2071168973957283,-0.3424903506486653,0.1313289804467761,0.6335720033964211
P37,11183,1119419.4194194195,pedestrian,-7.193922912009013,-9.28024742852877,0.21351125638584165,-0.2765200349041131,0.10514325315094646,0.6434607365533365
P37,11184,1119519.5195195195,pedestrian,-7.178968378282134,-9.284124981577252,0.22339270015924703,-0.21406655070460423,0.10264786658132585,0.6358707103603068
P37,11185,1119619.6196196198,pedestrian,-7.1515841659576695,-9.284163506723761,0.2419007705384301,-0.15535148825305192,0.13457875737782776,0.6167282552946791
P37,11186,1119719.7197197198,pedestrian,-7.121971073058376,-9.274685174325503,0.271201020654891,-0.10000043385362428,0.1959695556927786,0.5919704745702083
P37,11187,1119819.8198198199,pedestrian,-7.0808044096624725,-9.264540178118914,0.31491239559579454,-0.04950664813980277,0.2894188096397687,0.5579859352070982
P37,11188,1119919.91991992,pedestrian,-7.023901250446931,-9.247742122402924,0.37552871154180767,-0.004258169760058612,0.41215253933182594,0.5168517556199723
P37,11189,1120020.0200200202,pedestrian,-6.948446009815728,-9.229836885970457,0.45349945624777876,0.03389527542914402,0.5545449809551527,0.46416965257952353
P37,11190,1120120.1201201202,pedestrian,-6.856276913132405,-9.211057196405136,0.5465958759772148,0.06320587479545417,0.7003200742068909,0.39764414015245875
P37,11191,1120220.2202202203,pedestrian,-6.749368185295813,-9.202260644894341,0.6508025411502397,0.08161298797596264,0.8325911414381194,0.3146576338728444
P37,11192,1120320.3203203203,pedestrian,-6.632121524373803,-9.195470199070824,0.7610882012026502,0.09055347289614471,0.937087629020291,0.2271734622550163
P37,11193,1120420.4204204206,pedestrian,-6.498073595238189,-9.189111347814395,0.8729668366881725,0.0919236037940985,1.0071938370492786,0.14429225310279453
P37,11194,1120520.5205205206,pedestrian,-6.366235075218358,-9.188660574497273,0.9795799019993818,0.08723986157266686,1.0296608636846512,0.07010852470639332
P37,11195,1120620.6206206207,pedestrian,-6.222420201407822,-9.18719935243253,1.078331980411875,0.07968417390331045,1.0129175170526752,0.013586454998967663
P37,11196,1120720.7207207207,pedestrian,-6.070890512090258,-9.185094915978611,1.1650782898906022,0.0716594631050872,0.9561112485170378,-0.022811217327975343
P37,11197,1120820.820820821,pedestrian,-5.91756984558004,-9.185281866382189,1.2345655826298656,0.06499302357335628,0.8544214204842977,-0.03981037260360781
P37,11198,1120920.920920921,pedestrian,-5.785795344084518,-9.18281103634656,1.2813960474089034,0.06233240345056146,0.7043382277938428,-0.03467381287354522
P37,11199,1121021.021021021,pedestrian,-5.6641589726392185,-9.175113286759318,1.308200031590246,0.06569511150796185,0.534850870807878,-0.008170541296021211
P37,11200,1121121.121121121,pedestrian,-5.543877097809116,-9.16424085121136,1.32149809081363,0.07577470360064481,0.37878190657749605,0.0340941702270372
P37,11201,1121221.2212212214,pedestrian,-5.411866949425472,-9.14341522955707,1.328409998323032,0.09299467799980898,0.25853525779911446,0.0876437828865088
P37,11202,1121321.3213213214,pedestrian,-5.279264428405328,-9.116876730091418,1.3314430591311448,0.11506938483502414,0.16992802348339042,0.13923251919421983
P37,11203,1121421.4214214215,pedestrian,-5.148742926449377,-9.097651202648073,1.3323588446412227,0.1383879980314162,0.1075089700468135,0.17561742299553784
P37,11204,1121521.5215215215,pedestrian,-5.013367273811796,-9.074433900985015,1.3333738082755824,0.16305718762085822,0.06970739987057148,0.20311475832261455
P37,11205,1121621.6216216218,pedestrian,-4.8694597180522186,-9.051681763197202,1.3346782143742806,0.18893567518377954,0.04770403502017557,0.2246269950071184
P37,11206,1121721.7217217218,pedestrian,-4.728271589510597,-9.010878564132883,1.3326835492134068,0.2174082531800754,0.021447880877839248,0.24784849396052086
P37,11207,1121821.8218218219,pedestrian,-4.606579619222899,-8.967927887779135,1.3237450870053773,0.2441044722366975,-0.02154571029402122,0.255165325981722
P37,11208,1121921.921921922,pedestrian,-4.494805873865782,-8.931767354859605,1.3106880079975791,0.26403824908946877,-0.0638216193607724,0.23341411052003563
P37,11209,1122022.0220220222,pedestrian,-4.373964834530571,-8.905447276538695,1.3000325582175425,0.27459523430595495,-0.08037035640420089,0.18374039095072342
P37,11210,1122122.1221221222,pedestrian,-4.238435378631674,-8.882885282643807,1.2952396344046644,0.2765910765425607,-0.06775719499653489,0.12014787893988242
P37,11211,1122222.2222222222,pedestrian,-4.101514120448253,-8.860030878597435,1.294283479323171,0.2719250398591542,-0.045160298169590884,0.05540634435162635
P37,11212,1122322.3223223223,pedestrian,-3.9725909683864353,-8.84766076990634,1.2943214881117058,0.261802610553842,-0.027480387869697944,-0.005362773358008749
P37,11213,1122422.4224224226,pedestrian,-3.847658165603791,-8.829279662025472,1.2954531167435774,0.25088714608609,-0.012422821800110027,-0.045615318159743345
P37,11214,1122522.5225225226,pedestrian,-3.7133688236561664,-8.81062828276457,1.2997057853030978,0.24135710424355955,0.008893611370496726,-0.06486747227059718
P37,11215,1122622.6226226226,pedestrian,-3.571580457090052,-8.784415110521387,1.3060751717525403,0.23506800835132935,0.030143882144103323,-0.06407571819742262
P37,11216,1122722.7227227227,pedestrian,-3.4320684423417154,-8.758385849680277,1.310733701615729,0.23082346333525727,0.036508816417845966,-0.05566176167137009
P37,11217,1122822.822822823,pedestrian,-3.3073095477153376,-8.733985549183295,1.3102695461006826,0.22714513729544386,0.020534887552259296,-0.04831831656744323
P37,11218,1122922.922922923,pedestrian,-3.184566923413543,-8.71022029319686,1.3065159040127556,0.22284719608023107,-0.001995453885438772,-0.046228917998130586
P37,11219,1123023.023023023,pedestrian,-3.0606084305243093,-8.695791616032462,1.302135669980681,0.21660662482434873,-0.01820905695743394,-0.05248497667275385
P37,11220,1123123.123123123,pedestrian,-2.92816881559792,-8.679691819342317,1.2994735448411447,0.21038856258218325,-0.021464572160006037,-0.05622495860065494
P37,11221,1123223.2232232234,pedestrian,-2.7817095894278636,-8.662011683705224,1.297667443679059,0.20558307150941732,-0.020136202503190405,-0.05303446011550711
P37,11222,1123323.3233233234,pedestrian,-2.661825298202901,-8.648344655650288,1.2897416736410638,0.2030485337953946,-0.043058059627630214,-0.04227494006542143
P37,11223,1123423.4234234234,pedestrian,-2.5487038083554974,-8.627520918663256,1.2777179213861591,0.20551519741255397,-0.07297461681509801,-0.016295914938706718
P37,11224,1123523.5235235235,pedestrian,-2.4324525841645412,-8.606743310262774,1.2660347077393308,0.21371433486105157,-0.08995598111949629,0.021830141999888905
P37,11225,1123623.6236236237,pedestrian,-2.3031639686459457,-8.56951759826301,1.2580744132338804,0.229339751559387,-0.08590573742777764,0.07395666446716959
P37,11226,1123723.7237237238,pedestrian,-2.1795682999306107,-8.543075881155138,1.2521880840480897,0.24885512503193363,-0.07538424759679853,0.12093300943733346
P37,11227,1123823.8238238238,pedestrian,-2.0512037093436915,-8.478576847473917,1.2486044729537744,0.27385190591512404,-0.06001663679108972,0.1709309007874065
P37,11228,1123923.9239239239,pedestrian,-1.9303994038229046,-8.443638987964347,1.2456398645962017,0.2920443802586116,-0.04821442497115894,0.17512839120608154
P37,11229,1124024.0240240241,pedestrian,-1.805124036048239,-8.4199858265588,1.2444247593979634,0.3016990156689212,-0.0342088925712806,0.14458315370545013
P37,11230,1124124.1241241242,pedestrian,-1.6790563070508469,-8.39309946813131,1.2445904020662373,0.30552722518262665,-0.0202856106491913,0.1032992328021245
P37,11231,1124224.2242242242,pedestrian,-1.5495612183925576,-8.365461109497161,1.245534957925409,0.30516974035979055,-0.0087468021334062,0.06180909851507108
P37,11232,1124324.3243243243,pedestrian,-1.4281981289263244,-8.345005292484379,1.2452813672647438,0.30178940053751097,-0.006334573411348344,0.02470276335015655
P37,11233,1124424.4244244245,pedestrian,-1.301576093652325,-8.325253640745322,1.244852531904021,0.29919255757958696,-0.005538508511310695,0.005040863724530409
P37,11234,1124524.5245245246,pedestrian,-1.1788553307880427,-8.291319280090432,1.243299209304302,0.30192396022387796,-0.009412708323851885,0.013677327446184887
P37,11235,1124624.6246246246,pedestrian,-1.0470700723518913,-8.249459485446557,1.240989961087775,0.30976029361510066,-0.014714615873016602,0.03875983042367234
P37,11236,1124724.7247247247,pedestrian,-0.921567090924122,-8.205453896537424,1.2344335173066299,0.31971432769721864,-0.03443049201732616,0.062317888547088834
P37,11237,1124824.824824825,pedestrian,-0.8120818988247327,-8.166974293704001,1.2215085050023293,0.32795295778334294,-0.07119195932657915,0.07007702558852742
P37,11238,1124924.924924925,pedestrian,-0.7079153087974449,-8.135197657169348,1.205360360217567,0.33258316244298247,-0.10618218488155079,0.060828934749498784
P37,11239,1125025.025025025,pedestrian,-0.5966096294448787,-8.104639965478656,1.1909388711351359,0.33421507617546625,-0.1208915620318531,0.04354264481383364
P37,11240,1125125.125125125,pedestrian,-0.4802339436830626,-8.077171797842906,1.1804714951731807,0.333978721041852,-0.11455471800946779,0.025721486789561092
P37,11241,1125225.2252252253,pedestrian,-0.36162351813893956,-8.04669841234021,1.1741474385928954,0.33431505477915385,-0.09460857008151526,0.01704011902810049
P37,11242,1125325.3253253254,pedestrian,-0.23437570882204595,-8.00789184168885,1.171210973015776,0.336833477904981,-0.0692676485643938,0.02019211507429998
P37,11243,1125425.4254254254,pedestrian,-0.12418985860769376,-7.966085086766633,1.1673101851318843,0.34013419710246323,-0.05750481149695355,0.02515447379813387
P37,11244,1125525.5255255254,pedestrian,-0.012014694073132784,-7.933073814191834,1.1642694981753365,0.34144964729852334,-0.046972824001527545,0.020490640502697617
P37,11245,1125625.6256256257,pedestrian,0.10776483572878709,-7.904256960673838,1.1634935532542638,0.34109349264757666,-0.031746077309286386,0.011154288167213467
P37,11246,1125725.7257257258,pedestrian,0.22955707362982622,-7.870621315922337,1.1636674568965117,0.34108170785432973,-0.018746890142300764,0.0067781738616101185
P37,11247,1125825.8258258258,pedestrian,0.3504433733977114,-7.839606540912929,1.1625190569430424,0.34179757031027247,-0.015922773460472675,0.006923096336491198
P37,11248,1125925.9259259258,pedestrian,0.461260433392715,-7.800154304587232,1.1576653955408978,0.3448226727021051,-0.028565539758906706,0.0159679091992262
P37,11249,1126026.026026026,pedestrian,0.5601593131773713,-7.758427432978382,1.1500808276223644,0.3487816338102268,-0.04689157335285539,0.025123148000320485
P37,11250,1126126.1261261262,pedestrian,0.6665237112782582,-7.712469715626824,1.1454015639721333,0.3513234324911431,-0.04683499706999421,0.025227744735988863
P37,11251,1126226.2262262262,pedestrian,0.780330906170679,-7.678463962239541,1.1471519282359945,0.34794236671604917,-0.021863724188384018,0.002320503758105233
P37,11252,1126326.3263263262,pedestrian,0.913478550205479,-7.652806901245567,1.156845305469638,0.33776062531454343,0.024219170564172866,-0.03806923452236184
P37,11253,1126426.4264264265,pedestrian,1.0507191752577703,-7.633400511638989,1.1691761797655154,0.32231266082006954,0.0626406557379409,-0.08320305443144008
P37,11254,1126526.5265265265,pedestrian,1.1701190837112228,-7.611851084521248,1.1769666268841703,0.3048908699174469,0.06853625320662096,-0.11846994283174334
P37,11255,1126626.6266266266,pedestrian,1.2772046078887491,-7.5971594282015005,1.1793810290828597,0.2874319217845012,0.05129256793596372,-0.14018934447295583
P37,11256,1126726.7267267266,pedestrian,1.3923889898981148,-7.574475318545942,1.1804881475441664,0.2741292755395006,0.035673198290914365,-0.13735686773434047
P37,11257,1126826.826826827,pedestrian,1.5083498821498083,-7.5456001690228325,1.1817263160293159,0.2661825729860002,0.026625971205937904,-0.11485155256192202
P37,11258,1126926.926926927,pedestrian,1.6296129792939011,-7.532477317486325,1.1844505233521012,0.2623666149963436,0.026854583188984503,-0.08506275858643847
P37,11259,1127027.027027027,pedestrian,1.7474857995391981,-7.4971732863564435,1.1881945825651254,0.2679487598635349,0.030949833908535444,-0.030389220980956658
P37,11260,1127127.127127127,pedestrian,1.8664968516914138,-7.449770868835771,1.1940007502930257,0.28094746320155656,0.04145287235684973,0.03182288400421601
P37,11261,1127227.2272272273,pedestrian,1.99639666440937,-7.406108037582318,1.2030222620375515,0.2951848966812523,0.060348722406207596,0.07468679073014994
P37,11262,1127327.3273273273,pedestrian,2.134928158230364,-7.36815885137166,1.2127111034168279,0.3058526751979535,0.07449684281052307,0.08706517862019791
P37,11263,1127427.4274274274,pedestrian,2.2726820857559393,-7.337997980444959,1.2169448595270755,0.3101428599919108,0.06199526912602238,0.0699030766572211
P37,11264,1127527.5275275274,pedestrian,2.377629923289262,-7.312823827760776,1.2086636859655844,0.30792263506887046,0.005809269668550776,0.03415381989958255
P37,11265,1127627.6276276277,pedestrian,2.4763927182344507,-7.2923460648656215,1.192013209664759,0.3006261997744259,-0.06102323918236341,-0.007404138734078608
P37,11266,1127727.7277277277,pedestrian,2.5718077919747726,-7.276225826490827,1.1731451663370938,0.29116241612763416,-0.11051009891658262,-0.04123397098567994
P37,11267,1127827.8278278278,pedestrian,2.6936441892371503,-7.251708005498283,1.159524127545169,0.28406860984454174,-0.12043479275906889,-0.052738394176905956
P37,11268,1127927.9279279278,pedestrian,2.8213722219261124,-7.21300533785241,1.1484422527796985,0.28088346044678425,-0.11665855082077381,-0.044617146810558374
P37,11269,1128028.028028028,pedestrian,2.928246975141594,-7.186290236547767,1.133679997819064,0.27748072334976626,-0.12862233422505553,-0.040492687802884474
P37,11270,1128128.1281281281,pedestrian,3.015559327659354,-7.1752392252845265,1.1156216239486367,0.2737432183867425,-0.14872510422928595,-0.03926782299269582
P37,11271,1128228.2282282282,pedestrian,3.121685191624616,-7.1421002749519795,1.1019200827206916,0.27593231684049824,-0.1441258794583715,-0.015532753627044864
P37,11272,1128328.3283283284,pedestrian,3.2396758786618207,-7.101068257884215,1.0934889935191179,0.2828016168441955,-0.1208712882677332,0.017139382707721647
P37,11273,1128428.4284284285,pedestrian,3.3498146108694766,-7.060214611880902,1.08637748570727,0.29020133870903864,-0.10152692012819353,0.0391844649111765
P37,11274,1128528.5285285288,pedestrian,3.4612265017788775,-7.032867024773237,1.0789895070253015,0.2937474275222064,-0.0907648436958337,0.037725100834112145
P37,11275,1128628.6286286288,pedestrian,3.5611560921213394,-7.015986650393757,1.068691618509441,0.2939152020412453,-0.095466698591579,0.02372985284984852
P37,11276,1128728.7287287288,pedestrian,3.653122161663625,-6.992002009202612,1.0566127151723061,0.2955215555385405,-0.1052506469849375,0.02074733645866341
P37,11277,1128828.8288288289,pedestrian,3.7482964113063235,-6.963993401786389,1.046843446681498,0.30148564242805953,-0.10227850663052225,0.03582374466133549
P37,11278,1128928.9289289291,pedestrian,3.8516103918104485,-6.923391230651462,1.042635694286254,0.3140806859318887,-0.07889045742092103,0.07076456153887624
P37,11279,1129029.0290290292,pedestrian,3.9677160044666757,-6.872951949492368,1.0446227648644244,0.33173203565690745,-0.04055631237266259,0.11175074314449945
P37,11280,1129129.1291291292,pedestrian,4.094582824514504,-6.831344864377912,1.048756234433588,0.34963860415816794,-0.008779968639213858,0.13781477725289168
P37,11281,1129229.2292292293,pedestrian,4.202458643970506,-6.781999541448224,1.0461829320697733,0.36673282668141133,-0.015351630802741753,0.1506094190883709
P37,11282,1129329.3293293295,pedestrian,4.293898696040355,-6.732060172351895,1.0339296029924918,0.3793889990754172,-0.056914992868262904,0.1412242931097499
P37,11283,1129429.4294294296,pedestrian,4.373179343282045,-6.693202342226464,1.0142924588109727,0.3834028221746764,-0.11097966910979515,0.10196425980150713
P37,11284,1129529.5295295296,pedestrian,4.453072645044601,-6.659230134797696,0.9936958516761233,0.378026525072211,-0.147776098403976,0.04152744409834366
P37,11285,1129629.6296296297,pedestrian,4.546021909590538,-6.634816279556532,0.978369292062859,0.3634708337395391,-0.14984777370219138,-0.03104745251031739
P37,11286,1129729.72972973,pedestrian,4.63608046732038,-6.617262480653421,0.9697135017301355,0.3425096494418754,-0.12524326293646565,-0.10028979055258515
P37,11287,1129829.82982983,pedestrian,4.729365418265469,-6.591467222616493,0.9705168749510819,0.31965354120873807,-0.07350450635266394,-0.1499995774793637
P37,11288,1129929.92992993,pedestrian,4.836741404191159,-6.5690244269431615,0.9834391309723471,0.2953502622528055,0.005149671065604128,-0.18602333311417793
P37,11289,1130030.03003003,pedestrian,4.9551480251014475,-6.550074242442186,1.007287923878573,0.27004844940448536,0.09564555349262512,-0.2119343669362142
P37,11290,1130130.1301301303,pedestrian,5.082123960488989,-6.532784760032981,1.038086493238339,0.24434921836949655,0.17796239537883224,-0.22932735536554374
P37,11291,1130230.2302302304,pedestrian,5.21526281649727,-6.520941513776301,1.0697273009438972,0.2183683386306036,0.23158806176101304,-0.24106024281703825
P37,11292,1130330.3303303304,pedestrian,5.328498992099668,-6.515868396042822,1.0942400307798172,0.19327460790327416,0.23674920864597324,-0.2447973759358279
P37,11293,1130430.4304304305,pedestrian,5.4496109011737826,-6.503157646589318,1.1114141319618014,0.17220525104559614,0.21144452477831813,-0.2314755222051797
P37,11294,1130530.5305305307,pedestrian,5.558627195083245,-6.492645665305338,1.1181917382187414,0.1550431823795741,0.1556420771167592,-0.20817156474493803
P37,11295,1130630.6306306308,pedestrian,5.665332853922235,-6.485759433668329,1.115561240061021,0.14210741890519163,0.0850153273168057,-0.17752356164212346
P37,11296,1130730.7307307308,pedestrian,5.768319603576251,-6.474949208299151,1.1047509504152375,0.13511968490555254,0.010083373496551709,-0.13570514446186138
P37,11297,1130830.8308308308,pedestrian,5.847606485203439,-6.455665418876765,1.0874468053155901,0.1347403442024909,-0.0609436508680965,-0.08449182766804017
P37,11298,1130930.9309309311,pedestrian,5.921787590537425,-6.426579582539342,1.073988100692376,0.13883152386199896,-0.08948183635386386,-0.035822499144836054
P37,11299,1131031.0310310312,pedestrian,6.031847491020579,-6.411740390309847,1.0781055815294218,0.1414703418026198,-0.03877323975062921,-0.011680809821643512
P37,11300,1131131.1311311312,pedestrian,6.178978198148364,-6.403792417295468,1.1021822059188255,0.14184299088750127,0.06965837253534109,-0.0057007093800616904
P37,11301,1131231.2312312312,pedestrian,6.330342192930347,-6.393630974321543,1.1358480150680488,0.141969883955387,0.17318446780650743,-0.0029953918495200533
P37,11302,1131331.3313313315,pedestrian,6.478609604685472,-6.38182895631735,1.167369478958024,0.143442551256369,0.22820219705490702,0.0038790945308867404
P37,11303,1131431.4314314316,pedestrian,6.59259114201026,-6.362091491629131,1.1858344763206554,0.1476555700438393,0.2112223134969578,0.01871288795940766
P37,11304,1131531.5315315316,pedestrian,6.693130108482916,-6.3457737280851205,1.1929790481812539,0.15333838432988556,0.15692937345251534,0.03348823892722802
P37,11305,1131631.6316316316,pedestrian,6.806459700531404,-6.328804961776476,1.196261554875379,0.16078661816740936,0.10873584987730557,0.04937438440835987
P37,11306,1131731.731731732,pedestrian,6.916907115883119,-6.307876460296862,1.1989784724702617,0.17059426509981918,0.07705882664298191,0.06824382659001949
P37,11307,1131831.831831832,pedestrian,7.039448263467914,-6.286902334439151,1.2060367379924009,0.18246922895156095,0.07451719270210932,0.08780550038924817
P37,11308,1131931.931931932,pedestrian,7.18611248812759,-6.258560547338102,1.2185676259118723,0.19677181167400096,0.09418730456097943,0.10918805668677549
P37,11309,1132032.032032032,pedestrian,7.319690844840058,-6.2304038453027255,1.2285917941860065,0.21172409317316696,0.09649886770103369,0.124789094582012
P37,11310,1132132.1321321323,pedestrian,7.446272797630548,-6.2083321758824805,1.2323185086306614,0.22606478151719325,0.07348897976697737,0.13196136892024724
P37,11311,1132232.2322322323,pedestrian,7.568443477860061,-6.182451383209933,1.227976834542039,0.24150342035642705,0.028119748763735325,0.1406074546393934
P37,11312,1132332.3323323324,pedestrian,7.683557637734005,-6.150036891508758,1.214562471913296,0.2592862657537882,-0.03482337580800565,0.15498865473980766
P37,11313,1132432.4324324324,pedestrian,7.786042490908272,-6.116070110397522,1.1925024001417923,0.27911394688761254,-0.10686171814244756,0.17171735719145237
P37,11314,1132532.5325325327,pedestrian,7.887560448260439,-6.075117803795374,1.1658013313606934,0.3010018290135584,-0.16893238838775154,0.1899417881897244
P37,11315,1132632.6326326327,pedestrian,7.989454263033863,-6.025502789748738,1.1378446347764695,0.3231888922532422,-0.21177530518478177,0.20225132651274438
P37,11316,1132732.7327327328,pedestrian,8.085445573370317,-5.980623641972876,1.1108611818851435,0.341003605340908,-0.234210770346401,0.19282423855184885
P37,11317,1132832.8328328328,pedestrian,8.183533531687898,-5.945102532622555,1.0885774563635633,0.35140260205971774,-0.22970874041396017,0.1582959057339554
P37,11318,1132932.932932933,pedestrian,8.27581413074232,-5.907283714578536,1.0737224686293216,0.35464924907743245,-0.19814291741664847,0.10943277779276377
P37,11319,1133033.0330330331,pedestrian,8.381385311960077,-5.883169541367314,1.0717504058089329,0.3496762073644129,-0.1288667137639085,0.04766045870253094
P37,11320,1133133.1331331332,pedestrian,8.516790383048138,-5.861024055524776,1.0844491168301778,0.339962811595419,-0.02958636803142728,-0.008515093315088172
P37,11321,1133233.2332332332,pedestrian,8.648985895267034,-5.833722722097218,1.103228107793348,0.32946516960819605,0.05473230738615692,-0.04592333670627885
P37,11322,1133333.3333333335,pedestrian,8.7757454064907,-5.808433709337161,1.120801347064353,0.31991210316681806,0.10163971717901404,-0.0651452079361921
P37,11323,1133433.4334334335,pedestrian,8.895389888577858,-5.772417237581768,1.131952705309372,0.3135695789369038,0.10542973649296825,-0.06445284547143196
P37,11324,1133533.5335335336,pedestrian,9.006613194142108,-5.73263048975633,1.1339090180628657,0.30841816931947774,0.07208631050456693,-0.05940966010750235
P37,11325,1133633.6336336336,pedestrian,9.107797783651504,-5.707502047577483,1.1265668865069993,0.30025310706572206,0.015624664532561144,-0.06801252777835054
P37,11326,1133733.7337337339,pedestrian,9.212086268219041,-5.681172927389883,1.113047079485075,0.2896455581579599,-0.04287647255049795,-0.08274845769616646
P37,11327,1133833.833833834,pedestrian,9.318644269329447,-5.660503516006691,1.0945833034865724,0.2761831382589194,-0.09784050721961673,-0.10283581362936395
P37,11328,1133933.933933934,pedestrian,9.42517280747449,-5.640346930141894,1.070274776110954,0.2609278928625122,-0.15413423541795232,-0.12207798563218326
P37,11329,1134034.034034034,pedestrian,9.502263852158864,-5.621976055932422,1.0373255082103763,0.2445135687807135,-0.22208539366309188,-0.13834517499506982
P37,11330,1134134.1341341343,pedestrian,9.592149767063407,-5.606344663480681,1.0024212329571265,0.22756467523917703,-0.27123830053328307,-0.1503702577729096
P37,11331,1134234.2342342343,pedestrian,9.682157100728068,-5.590767285143975,0.9662715924727308,0.21111922856687115,-0.30613869042759645,-0.15577429770302118
P37,11332,1134334.3343343344,pedestrian,9.757204279304451,-5.579512246463312,0.9277126552436759,0.1956959999577058,-0.3368339815985891,-0.15511576814605277
P37,11333,1134434.4344344344,pedestrian,9.82164440068348,-5.565304123204586,0.8895649147529197,0.18308016492739254,-0.35401771305985835,-0.14382470642181328
P37,11334,1134534.5345345347,pedestrian,9.877288043796872,-5.5547964404706125,0.8578580378887857,0.1738036863421018,-0.33954999931251634,-0.12396579622920217
P37,11335,1134634.6346346347,pedestrian,9.956161856070928,-5.544521770475236,0.84239759500458,0.1698957643647163,-0.2676889088444697,-0.0909952697083706
P37,11336,1134734.7347347348,pedestrian,10.053531277360827,-5.528604036397639,0.8455535429133181,0.17414140482646995,-0.1515245260139105,-0.03920206160617107
P37,11337,1134834.8348348348,pedestrian,10.167883959019152,-5.507001018109081,0.8639503565757983,0.1883543343961108,-0.021348266356426865,0.031140689354066664
P37,11338,1134934.934934935,pedestrian,10.272443075896836,-5.471118426070844,0.8887171957133024,0.21379079260162154,0.08299540953950889,0.11770372712803259
P37,11339,1135035.035035035,pedestrian,10.369004562670046,-5.4247634539056575,0.9155004957016075,0.24811478187215863,0.15465057700411894,0.205129950329556
P37,11340,1135135.1351351351,pedestrian,10.47512497083191,-5.37515623701609,0.9444132210718523,0.2866147807725962,0.2067459552800811,0.2748110870960603
P37,11341,1135235.2352352352,pedestrian,10.597344988686062,-5.332430769192517,0.9735082813569045,0.32469616608894436,0.23932361098773705,0.3158164976398893
P37,11342,1135335.3353353355,pedestrian,10.706106772483572,-5.288269764116748,0.9953586370472979,0.36179402453418974,0.23115585158524907,0.3370879458563314
P37,11343,1135435.4354354355,pedestrian,10.803304980341842,-5.233598127933575,1.007430857076962,0.3984850569751311,0.18823553646806288,0.34852338652142434
P37,11344,1135535.5355355355,pedestrian,10.901106276040942,-5.1720715479280255,1.0115237403299437,0.432787540989086,0.1310310439571658,0.3462555243852101
P37,11345,1135635.6356356356,pedestrian,10.993881593869284,-5.115531611884071,1.0090847679909416,0.4608617095587095,0.07070180246992662,0.32071221900916946
P37,11346,1135735.7357357359,pedestrian,11.090734094873,-5.074539732662835,1.0031402334558792,0.48101831643499837,0.020198100021043622,0.2743780810542172
P37,11347,1135835.835835836,pedestrian,11.183265375423659,-5.029769085849162,0.9947857492076914,0.4980083700496984,-0.020045391683880392,0.23375100142910823
P37,11348,1135935.935935936,pedestrian,11.28296287008505,-4.977110702123781,0.9862889511795098,0.516250027946417,-0.04521717838517686,0.21375071654034933
P37,11349,1136036.036036036,pedestrian,11.384630724029014,-4.906162324350278,0.9767220165608504,0.5383072071906623,-0.0647669864451304,0.21631321775471626
P37,11350,1136136.1361361363,pedestrian,11.474035367782143,-4.827627112636077,0.9634727932375692,0.5605705545277616,-0.09100839357866829,0.21868048605519044
P37,11351,1136236.2362362363,pedestrian,11.55319423452939,-4.762931111729032,0.947608945248509,0.5764248453067812,-0.11720270603302471,0.195271837085372
P37,11352,1136336.3363363363,pedestrian,11.635173714191811,-4.709477310935165,0.9337240843474067,0.5840081262240219,-0.12555234903337173,0.14887280897369246
P37,11353,1136436.4364364364,pedestrian,11.729018389046495,-4.665542405816579,0.925520609523269,0.5855431192960948,-0.10862574507075941,0.09702951546156674
P37,11354,1136536.5365365366,pedestrian,11.824043567068935,-4.611389285286065,0.9223673445983531,0.5871554160574721,-0.07868379657247555,0.06561306017433932
P37,11355,1136636.6366366367,pedestrian,11.926085681372811,-4.541178659941,0.9232041678788028,0.5916864348819826,-0.04489100079822075,0.057713323954208556
P37,11356,1136736.7367367367,pedestrian,12.028660200707451,-4.476936332524711,0.9242499777552172,0.5959334132265522,-0.023406984790358784,0.051778865118156686
P37,11357,1136836.8368368368,pedestrian,12.117033248826035,-4.418351919578309,0.9210065009032102,0.5985741201241436,-0.026899232087496106,0.04191856876954304
P37,11358,1136936.936936937,pedestrian,12.189930813266736,-4.363329791884772,0.9137949440843132,0.6003539130014113,-0.04442548735773917,0.03254734871275338
P37,11359,1137037.037037037,pedestrian,12.277070647964436,-4.301473885379057,0.9089863271529175,0.6036271776431285,-0.04582799858069373,0.03260657875638377
P37,11360,1137137.1371371371,pedestrian,12.373952367123463,-4.232606664709652,0.908156708217469,0.6085296345620224,-0.03125387452643274,0.03896147138366294
P37,11361,1137237.2372372372,pedestrian,12.472469436872244,-4.164714662794377,0.9092678457394975,0.612567241213034,-0.014810807571654427,0.039494981847622235
P37,11362,1137337.3373373374,pedestrian,12.55519151285527,-4.099808044933074,0.909392296622149,0.6132915881643485,-0.008578165635749913,0.026971226154369553
P37,11363,1137437.4374374375,pedestrian,12.644677425582152,-4.0481366909819645,0.911656362762494,0.6088685421558236,0.003533070740835975,-0.0006540981870622742
P37,11364,1137537.5375375375,pedestrian,12.743112438052126,-3.9979705609829352,0.9172841911993892,0.602095988404584,0.02398839635823139,-0.026666823138949212
P37,11365,1137637.6376376376,pedestrian,12.83897365453257,-3.9393069633422795,0.9245015668770759,0.5964107342525891,0.04266728772770094,-0.038363695683604676
P37,11366,1137737.7377377378,pedestrian,12.941791293592946,-3.8675053621550926,0.9327528512004042,0.5920435079741346,0.058104418500799025,-0.0404076758390814
P37,11367,1137837.8378378379,pedestrian,13.043654780048712,-3.8013721938603022,0.9390002508698868,0.583559087375399,0.059776557409086106,-0.057626246905494546
P37,11368,1137937.937937938,pedestrian,13.12756008250935,-3.7654192800382305,0.9402501195751524,0.5661578331547105,0.0414171069658342,-0.10274312142708325
P37,11369,1138038.038038038,pedestrian,13.22089745987954,-3.7334819906594623,0.9402200653262951,0.5453636166251729,0.025221259577374026,-0.14350361807125672
P37,11370,1138138.1381381382,pedestrian,13.313266614563307,-3.6941290935796394,0.939306977207631,0.5282151472192467,0.011888337869020866,-0.1543000830499678
P37,11371,1138238.2382382383,pedestrian,13.4132685659651,-3.6388366313868645,0.9381890626023797,0.5192844422230118,0.0029372323164139104,-0.1290332893527535
P37,11372,1138338.3383383383,pedestrian,13.513505998317324,-3.5755000855481285,0.9343398789284109,0.5173457846978736,-0.013131753116491986,-0.08645782670779434
P37,11373,1138438.4384384383,pedestrian,13.592991353245957,-3.5213564933551393,0.9242348375560201,0.5179436228041404,-0.047225017664997135,-0.05057381374158625
P37,11374,1138538.5385385386,pedestrian,13.668405153483954,-3.4692812229722145,0.9114348018767715,0.5199592026740186,-0.07853458131376705,-0.02312241525729139
P37,11375,1138638.6386386387,pedestrian,13.757223805717851,-3.422876709119363,0.9010591729476332,0.5233355287238777,-0.08828607614422118,-0.0010509049016974997
P37,11376,1138738.7387387387,pedestrian,13.852496542369234,-3.3750900756626003,0.8931543419280682,0.5307981769193778,-0.08466902698320601,0.02830021162684756
P37,11377,1138838.8388388387,pedestrian,13.937137120262475,-3.312317974776151,0.8847618212609496,0.5457545810364414,-0.08434767290757894,0.07532017362844654
P37,11378,1138938.938938939,pedestrian,14.030480820611901,-3.2382507698692846,0.8763677077835129,0.5672710535213984,-0.08415725506994746,0.12952822600043976
P37,11379,1139039.039039039,pedestrian,14.109532556548317,-3.172173050644723,0.8645853296332624,0.5910427747934681,-0.09718180438549853,0.17143794298715617
P37,11380,1139139.139139139,pedestrian,14.190583700493622,-3.1129857532020835,0.8506252598051253,0.6166905365589114,-0.11359581434010844,0.2043531630655136
P37,11381,1139239.2392392391,pedestrian,14.265224965918776,-3.0435433944768753,0.8343545750230307,0.6481296463866122,-0.1325989305194863,0.2469509268671093
P37,11382,1139339.3393393394,pedestrian,14.338718203821898,-2.9557908388127583,0.8173784326906381,0.6876764722063053,-0.14696054858864627,0.30445599734192796
P37,11383,1139439.4394394394,pedestrian,14.415818829024053,-2.8514065383424967,0.801237334724074,0.7328414110426148,-0.15250794780894683,0.3614252658834097
P37,11384,1139539.5395395395,pedestrian,14.500935942877518,-2.7512596859829297,0.7855407095294663,0.7762346922736363,-0.1541778480727847,0.38940626844663173
P37,11385,1139639.6396396395,pedestrian,14.568539195454273,-2.6529182869693964,0.765778812882674,0.8128353543405038,-0.17096618998704344,0.3801797734327772
P37,11386,1139739.7397397398,pedestrian,14.628852232272019,-2.5654988406753527,0.7427603655715049,0.8387790064951993,-0.19386702784979581,0.33320312879562736
P37,11387,1139839.8398398398,pedestrian,14.680392041216546,-2.489137869845334,0.7192874710434695,0.8545083797321561,-0.2096396443197222,0.2648490910062656
P37,11388,1139939.9399399399,pedestrian,14.74003947876262,-2.4052071116720524,0.7012496232407941,0.8650491192407016,-0.19820960913224311,0.20290842114176855
P37,11389,1140040.04004004,pedestrian,14.812447041580109,-2.305005161652692,0.6917713660269073,0.8730377173652508,-0.15801952911064845,0.15511663822463143
P37,11390,1140140.1401401402,pedestrian,14.880725450118454,-2.2195743071806504,0.6893672077071714,0.8746082872267051,-0.10599619119850626,0.10098729568005743
P37,11391,1140240.2402402402,pedestrian,14.957029377290565,-2.137063551923153,0.694457100769197,0.8706172348707909,-0.04510485548536167,0.046302296452687214
P37,11392,1140340.3403403403,pedestrian,15.046920047093126,-2.0627224269790814,0.7051460942160303,0.8624880023694226,0.013862296383732722,-0.003201961910622178
P37,11393,1140440.4404404403,pedestrian,15.133408593637487,-1.9788537968698023,0.7146297109473838,0.854403405907555,0.04526181092874795,-0.03331415940994635
P37,11394,1140540.5405405406,pedestrian,15.205333020648059,-1.8833141744881627,0.7168750041738386,0.8467339260308333,0.036398046287509526,-0.050125967822525326
P37,11395,1140640.6406406406,pedestrian,15.259414444998846,-1.809753766331688,0.7106839422725081,0.8344969851336319,-0.0017441052810761234,-0.07812539496416476
P37,11396,1140740.7407407407,pedestrian,15.309976499541625,-1.7391916454669338,0.7013886580308442,0.8199526886016315,-0.03711781371608328,-0.10420350281018506
P37,11397,1140840.840840841,pedestrian,15.380566463768043,-1.6572666059310692,0.696137815687841,0.8061778030972658,-0.043072495741886624,-0.11717327342225402
P37,11398,1140940.940940941,pedestrian,15.46232524100606,-1.5849960353859065,0.6949321332384794,0.7914168598770719,-0.03102665961413689,-0.1289321395929071
P37,11399,1141041.0410410413,pedestrian,15.531214115985158,-1.513344224199565,0.6931612139732558,0.7767898025574607,-0.025849569421915276,-0.13560662049770916
P38,11414,1142542.5425425426,pedestrian,-15.303213567908017,-0.1594314289636888,1.3153413280967732,1.0249834594845233,-0.1803156135931514,-0.14189089404692934
P38,11415,1142642.6426426428,pedestrian,-15.172959878035776,-0.05881505306469753,1.296186143039579,1.0101902213007952,-0.18915136169572913,-0.14660573837374186
P38,11416,1142742.7427427429,pedestrian,-15.054578807537837,0.032458723243889646,1.2731361603911024,0.9933186798297671,-0.21783449899206017,-0.16191134980435185
P38,11417,1142842.842842843,pedestrian,-14.944737900420948,0.11206711192336284,1.2435365936137626,0.9735964332027711,-0.26350239364003625,-0.1825056353844158
P38,11418,1142942.942942943,pedestrian,-14.854063163717962,0.203653849566468,1.207977864229824,0.9552446386289218,-0.3098413355141245,-0.1829243168507784
P38,11419,1143043.0430430432,pedestrian,-14.747768220921861,0.30899550967266803,1.1761597390869287,0.9411709550005994,-0.313451675939691,-0.1638736649846205
P38,11420,1143143.1431431433,pedestrian,-14.627448044238013,0.408334482809421,1.154083192961931,0.9265301740714961,-0.27486549834782836,-0.1565589301152652
P38,11421,1143243.2432432433,pedestrian,-14.50659205670228,0.49576878832881915,1.1392530664406644,0.905560199136995,-0.22472489993315148,-0.17750396146567807
P38,11422,1143343.3433433434,pedestrian,-14.393613583336231,0.5636397832643998,1.1267862960457766,0.8758955967228907,-0.1860015901193507,-0.22344129702232254
P38,11423,1143443.4434434436,pedestrian,-14.286986023998429,0.6222184196553748,1.1144275982924774,0.8417657307484059,-0.1620054701225914,-0.26853261072278556
P38,11424,1143543.5435435437,pedestrian,-14.182587369495753,0.6874918690812137,1.1022502860471015,0.8099410230347585,-0.1465082422585715,-0.2875022835014091
P38,11425,1143643.6436436437,pedestrian,-14.076542316918056,0.7593687296042796,1.0909909977781667,0.783892651971225,-0.13339321502130883,-0.27698841051666123
P38,11426,1143743.7437437437,pedestrian,-13.963602772519433,0.8343444360825437,1.0805171203226283,0.7640909108453391,-0.12226986469362597,-0.24636776240481467
P38,11427,1143843.843843844,pedestrian,-13.862223490864842,0.9062546763338065,1.0674893980802511,0.7494131673030519,-0.1253238748083502,-0.20769885132727767
P38,11428,1143943.943943944,pedestrian,-13.770429738594833,0.9765599519955805,1.0520958897343948,0.7396403788885969,-0.13637110117169773,-0.16496974774434447
P38,11429,1144044.044044044,pedestrian,-13.681528257675067,1.0501620726757368,1.0377904965059825,0.7352763071663412,-0.13891109049572214,-0.11782971824742589
P38,11430,1144144.1441441441,pedestrian,-13.579436655958224,1.1392316990832774,1.0293540432202373,0.7359419057134999,-0.11769193561163571,-0.0694809060965324
P38,11431,1144244.2442442444,pedestrian,-13.46189920003585,1.2279184833655865,1.026976719772242,0.7353368405101872,-0.08120833298722983,-0.044844713055905566
P38,11432,1144344.3443443445,pedestrian,-13.35684503723329,1.303717735348334,1.0247502184311617,0.7262595890414695,-0.05831179596764821,-0.06264338733914968
P38,11433,1144444.4444444445,pedestrian,-13.26310451425654,1.36424201599767,1.0208888657772734,0.7048081174001101,-0.05064875998552768,-0.12152561448674298
P38,11434,1144544.5445445445,pedestrian,-13.17013407005905,1.4035245277067967,1.0179098057050502,0.6710821686120964,-0.04253934216577449,-0.20514996012582373
P38,11435,1144644.6446446448,pedestrian,-13.072855253629415,1.4316061554252046,1.019184709106537,0.6316947632747008,-0.021080063284368608,-0.2782641137613223
P38,11436,1144744.7447447449,pedestrian,-12.954083829548045,1.479569047180733,1.0273162960082227,0.5968198703332085,0.018640580686051407,-0.3054923811680905
P38,11437,1144844.844844845,pedestrian,-12.834918760987252,1.5339686730056254,1.0372949032005219,0.5686685016426506,0.0501043027496173,-0.2960740358212196
P38,11438,1144944.944944945,pedestrian,-12.73013373405607,1.586200613259209,1.0436656778083744,0.5460968220970052,0.0553607570294512,-0.2686720171496883
P38,11439,1145045.0450450452,pedestrian,-12.633056491326403,1.6302559766371274,1.0461691558760569,0.5279602106682101,0.04357769651724519,-0.23470715911367934
P38,11440,1145145.1451451452,pedestrian,-12.532094310987068,1.6781007952216527,1.0477099081694339,0.5159179083359593,0.03263527701784521,-0.19029215590811868
P38,11441,1145245.2452452453,pedestrian,-12.422253511600982,1.7332806289090792,1.050141047997529,0.5104329783664187,0.0293942742801752,-0.13768812708237496
P38,11442,1145345.3453453453,pedestrian,-12.304028720931294,1.7998604403059202,1.0520612371267828,0.5094088751535358,0.025429847118851365,-0.0882055706837094
P38,11443,1145445.4454454456,pedestrian,-12.1974436826508,1.856820078785357,1.0482927379704794,0.5061041454624641,0.0009415060793885877,-0.06677873364833031
P38,11444,1145545.5455455456,pedestrian,-12.101570766751363,1.8984007372664304,1.0369641491889026,0.49650175203536256,-0.04336081904682376,-0.07809526869698907
P38,11445,1145645.6456456457,pedestrian,-12.021386514909643,1.9368434988369554,1.019292702749503,0.48166060212571793,-0.09506385971192523,-0.1053363949937053
P38,11446,1145745.7457457457,pedestrian,-11.94404497619322,1.9687353753963241,1.0019554825897532,0.4632696508996535,-0.12539805388179948,-0.1357692915376022
P38,11447,1145845.845845846,pedestrian,-11.847734835626444,2.005040843383977,0.9931379338035207,0.44498995629514665,-0.11091297523202129,-0.15395578204145646
P38,11448,1145945.945945946,pedestrian,-11.731225700726613,2.0407715644184807,0.9946116430460459,0.42842977966057433,-0.06213780994778911,-0.15841278910543946
P38,11449,1146046.046046046,pedestrian,-11.624735964951912,2.0748398945906876,1.0006826542716103,0.4150095932073905,-0.014468364486792049,-0.14896132704176884
P38,11450,1146146.146146146,pedestrian,-11.531290739781841,2.104930959946088,1.0094238899603503,0.40667711418772357,0.02505065826770391,-0.12344703015467068
P38,11451,1146246.2462462464,pedestrian,-11.42926970488983,2.1412326496088916,1.0248015998211157,0.4073955988860588,0.07496617925323505,-0.07273485382646397
P38,11452,1146346.3463463464,pedestrian,-11.316642962440278,2.1947833019190712,1.0493127790123762,0.42000322728657796,0.1409263286752522,0.004400271030111855
P38,11453,1146446.4464464465,pedestrian,-11.194654927419242,2.258258493644583,1.0833773902221713,0.4421770046524002,0.21833091358847337,0.0886907132667795
P38,11454,1146546.5465465465,pedestrian,-11.065021336940207,2.31611942651976,1.1259507669032591,0.4688866662686135,0.29868524887987297,0.1578492048228421
P38,11455,1146646.6466466468,pedestrian,-10.926258834982743,2.3862285116787407,1.1753301257833297,0.4983428136384394,0.37424008584713353,0.2108103931638193
P38,11456,1146746.7467467468,pedestrian,-10.782130601264226,2.456002860158084,1.2286355212452735,0.5251766997212945,0.4356891469878952,0.23304038458666998
P38,11457,1146846.8468468469,pedestrian,-10.639531326236288,2.5190901136576804,1.283134400864627,0.5444488022955298,0.4779107629306959,0.21731245650636433
P38,11458,1146946.946946947,pedestrian,-10.481917093293625,2.5719132434281375,1.3389777623384982,0.553629319837273,0.5089551976263548,0.16855136101581908
P38,11459,1147047.0470470472,pedestrian,-10.312153172188246,2.621888950626472,1.3928301436223094,0.5537814905216748,0.520225495051274,0.10370516382276765
P38,11460,1147147.1471471472,pedestrian,-10.153814054104151,2.6628107853304113,1.4379888366347362,0.5466401996652832,0.49340275619804075,0.03574713061390536
P38,11461,1147247.2472472473,pedestrian,-9.999165564900323,2.703894820532607,1.4726924757478042,0.5369730984592783,0.436444490111373,-0.015623783814997766
P38,11462,1147347.3473473473,pedestrian,-9.84816234965695,2.754809101236375,1.4971565218916716,0.529452380908705,0.361885798884843,-0.038726533626939445
P38,11463,1147447.4474474476,pedestrian,-9.680853301328098,2.8184665517231835,1.5133130465694178,0.5250063245170113,0.28405300602120104,-0.04093538451008815
P38,11464,1147547.5475475476,pedestrian,-9.526908810607093,2.8727907171810494,1.5164378683913873,0.5191810196412593,0.18589495043009552,-0.04763597304398361
P38,11465,1147647.6476476477,pedestrian,-9.398799773507053,2.926197273119864,1.5053100872159366,0.5101175182215444,0.0705673327519225,-0.06429422232467341
P38,11466,1147747.7477477477,pedestrian,-9.27184466630656,2.9717222329999133,1.4873766466722698,0.4953702941090648,-0.02638192329230958,-0.09652901422116122
P38,11467,1147847.847847848,pedestrian,-9.13726005345467,3.0069630515943824,1.4702179741287678,0.4742689387125312,-0.0826878939358179,-0.14089320895051244
P38,11468,1147947.947947948,pedestrian,-8.984851097514703,3.0483409203301495,1.4583867271948825,0.4488893201249555,-0.09647242317385724,-0.18462678712072317
P38,11469,1148048.048048048,pedestrian,-8.842647710889352,3.074400967964772,1.4492255490231976,0.41760283684630295,-0.0945498192746304,-0.23429093788663694
P38,11470,1148148.148148148,pedestrian,-8.708861073134857,3.099040863240762,1.443346993102895,0.3829081957515549,-0.0806423060898433,-0.2778922645645763
P38,11471,1148248.2482482484,pedestrian,-8.558814234666562,3.1261410184026808,1.4449063508812423,0.3464453078556502,-0.04328688495340724,-0.31142429698115254
P38,11472,1148348.3483483484,pedestrian,-8.39749462815512,3.140210868462862,1.4526566542375525,0.3072254114164901,0.003577067575843397,-0.34263103052524546
P38,11473,1148448.4484484484,pedestrian,-8.223166876852835,3.1644283526199137,1.461247586598482,0.2674486060463378,0.03550741104957096,-0.3638823479086933
P38,11474,1148548.5485485485,pedestrian,-8.099475778216512,3.1585927080055867,1.4595085884236971,0.22361558334364717,0.014977907669280886,-0.3926149349592553
P38,11475,1148648.6486486488,pedestrian,-7.9707824254447495,3.1502460237108565,1.4547439396364377,0.1818289373618622,-0.009316145145160347,-0.402256059144134
P38,11476,1148748.7487487488,pedestrian,-7.834072856739981,3.1530059037665152,1.4532983128712362,0.14867446551381222,-0.01130607284525506,-0.37467521425118744
P38,11477,1148848.8488488488,pedestrian,-7.683738439886145,3.1683416550199084,1.4594308064000974,0.12641678924486002,0.016867517873430576,-0.3155399098001957
P38,11478,1148948.9489489489,pedestrian,-7.515131026407654,3.18691540216357,1.4731806776807108,0.11228979961776422,0.06364655743726512,-0.24782854743272734
P38,11479,1149049.0490490492,pedestrian,-7.349193573996225,3.1989927582674973,1.4880721724928052,0.10178735612256284,0.09669233035321724,-0.1923472037646629
P38,11480,1149149.1491491492,pedestrian,-7.1957746933696,3.205810563576155,1.4983774412449553,0.09239685736734413,0.09912159182540425,-0.15409271198053728
P38,11481,1149249.2492492492,pedestrian,-7.054122284743436,3.2084083536920773,1.5028678362048897,0.0833713579173567,0.07805534625390713,-0.12927407625544607
P38,11482,1149349.3493493493,pedestrian,-6.910806340571367,3.2087676920432413,1.5049437972029653,0.07552565182085208,0.055803471569239524,-0.10951502338018508
P38,11483,1149449.4494494495,pedestrian,-6.752619947901269,3.21067587899271,1.5078792636976466,0.07071932501256326,0.045523905141304846,-0.08563906525048898
P38,11484,1149549.5495495496,pedestrian,-6.592029194321396,3.219556547315647,1.5094301136717372,0.07066067210242094,0.0338650602926156,-0.05261905245638636
P38,11485,1149649.6496496496,pedestrian,-6.455130716110684,3.230867856589819,1.5057761058492072,0.07490744887269125,0.006545992542759012,-0.01572016346619532
P38,11486,1149749.7497497497,pedestrian,-6.31324007386166,3.2447028208516007,1.5016910584405574,0.08252823351921773,-0.011838788663137957,0.019939287762706537
P38,11487,1149849.84984985,pedestrian,-6.164739642199407,3.2606342866654607,1.5005004050529678,0.09209465166178149,-0.01186046680772692,0.04930068034245798
P38,11488,1149949.94994995,pedestrian,-6.008754384594811,3.2736281840136114,1.5034079668601155,0.10176660126323035,0.004020783952250147,0.06767244815030724
P38,11489,1150050.05005005,pedestrian,-5.841977974338624,3.2859166575451844,1.5090353572944122,0.11118327100113418,0.02428506684417347,0.0779217022106096
P38,11490,1150150.15015015,pedestrian,-5.69127358622377,3.3008479993106628,1.5116689351913581,0.12074030855407321,0.02507098664053831,0.08473631013459514
P38,11491,1150250.2502502503,pedestrian,-5.5472685461568965,3.3157978983984098,1.511209788402018,0.13031067719729708,0.01355697061090661,0.08895699901010935
P38,11492,1150350.3503503504,pedestrian,-5.395323973482703,3.3373015856973693,1.5102046758441816,0.14019044720132198,0.004395546251834409,0.09273907969650563
P38,11493,1150450.4504504504,pedestrian,-5.2418431185313965,3.3494558100145446,1.508289028162128,0.14846660092936365,-0.004740573993948883,0.08883338693893562
P38,11494,1150550.5505505505,pedestrian,-5.091969354106044,3.364097137997959,1.5041832844193745,0.1570227836599061,-0.018823861478196948,0.08753005802993155
P38,11495,1150650.6506506507,pedestrian,-4.944438666515807,3.3848619465895418,1.4974976378899165,0.1674560950807566,-0.03744551276317966,0.09401297167105577
P38,11496,1150750.7507507508,pedestrian,-4.816216130789511,3.4061249276137104,1.4882365136817974,0.17965670078127577,-0.05882644512893749,0.10483330801306917
P38,11497,1150850.8508508508,pedestrian,-4.676110870366095,3.437718578213273,1.483820095486621,0.19391439044692088,-0.053116996677630285,0.11943107761696854
P38,11498,1150950.9509509508,pedestrian,-4.51043021839508,3.4756965827349604,1.4881656307745224,0.20703743240339206,-0.015641766830166243,0.12396096646539247
P38,11499,1151051.0510510511,pedestrian,-4.340437598255159,3.5029219905238063,1.4959430728053975,0.21309394666252582,0.020594828430559813,0.09932541269359553
P38,11500,1151151.1511511512,pedestrian,-4.191725204793476,3.5133552332182605,1.4996186480690077,0.20935297662674185,0.026854683822627495,0.046255522118776024
P38,11501,1151251.2512512512,pedestrian,-4.059848147940778,3.5182143235491186,1.4991833846677305,0.19875120982689778,0.014740815716191829,-0.01282005115709392
P38,11502,1151351.3513513512,pedestrian,-3.91673620629033,3.5213708880027714,1.5015342389985895,0.18604491873459478,0.018135567322994137,-0.057123010925189836
P38,11503,1151451.4514514515,pedestrian,-3.748254115577625,3.5296692719264544,1.5105049440728509,0.1766359639364373,0.04588680203282041,-0.07143793141416921
P38,11504,1151551.5515515516,pedestrian,-3.5789233015263284,3.55169396126496,1.520841997393526,0.17432583015199424,0.06816347081141785,-0.05266333861515378
P38,11505,1151651.6516516516,pedestrian,-3.4269642059308256,3.5828081718717906,1.5264962800418882,0.17807569438376947,0.06363005854985376,-0.017674481479858964
P38,11506,1151751.7517517516,pedestrian,-3.2798990742885743,3.607927548709544,1.527581674943171,0.18336874732469938,0.0431366756523639,0.009715819108451734
P38,11507,1151851.851851852,pedestrian,-3.1363851439204193,3.6288822774509026,1.5261146761798678,0.18777019117888522,0.020700199506630615,0.02301441955451977
P38,11508,1151951.951951952,pedestrian,-2.9844567718227712,3.6522945710342847,1.525707011404093,0.19043037635911647,0.011082713670143298,0.024396833997762917
P38,11509,1152052.052052052,pedestrian,-2.829020937209163,3.6751153682197075,1.52708793530589,0.189445996926874,0.012135866309330046,0.011107481327277263
P38,11510,1152152.152152152,pedestrian,-2.666004703508175,3.6850295559290065,1.5297263621346648,0.18257307610188128,0.017657253319697197,-0.0198606829094308
P38,11511,1152252.2522522523,pedestrian,-2.5184414849462455,3.694081973045978,1.5299762717892746,0.1718349590312492,0.011771460593503116,-0.053796907803731885
P38,11512,1152352.3523523523,pedestrian,-2.365684091787405,3.6983714771526888,1.5298021514113558,0.15920248526300693,0.006526140470621873,-0.08190520707352561
P38,11513,1152452.4524524524,pedestrian,-2.2136786337066185,3.7021860256854007,1.529361779004429,0.1481798888586284,0.0022845695022639862,-0.09285732811766922
P38,11514,1152552.5525525524,pedestrian,-2.0520748009631595,3.7209340737262915,1.5290881726438068,0.1426036756799101,0.00033648083245248206,-0.0784342818483482
P38,11515,1152652.6526526527,pedestrian,-1.8967969012014065,3.7381293745075257,1.5254624941835127,0.1408043998388467,-0.01385597742602759,-0.05496219833795936
P38,11516,1152752.7527527527,pedestrian,-1.758880586751208,3.754601028680321,1.5165328311164825,0.14158174375675006,-0.04310949194834483,-0.030609478423916453
P38,11517,1152852.8528528528,pedestrian,-1.6140736621534937,3.775139853204656,1.5064668901476295,0.144102821089794,-0.06541290874660553,-0.008948275295464332
P38,11518,1152952.9529529528,pedestrian,-1.4662675439775168,3.7937819198330023,1.49676441722734,0.1460331591657909,-0.07764783822767325,0.0020123175337114236
P38,11519,1153053.053053053,pedestrian,-1.3174491463220541,3.809153761981,1.4874218487477118,0.14555785314507377,-0.08373697125352732,-0.0006123469867993919
P38,11520,1153153.1531531531,pedestrian,-1.1732580769053782,3.8127534929844153,1.4775302362298772,0.14180913542174528,-0.08959154342445633,-0.01491363894582703
P38,11521,1153253.2532532534,pedestrian,-1.030452533968964,3.825484084194638,1.4674243804835079,0.13833829928046612,-0.09400412680302864,-0.022585031812210988
P38,11522,1153353.3533533535,pedestrian,-0.8968243831647134,3.8374862081917174,1.4576108630623414,0.1354144656669117,-0.09556981668465807,-0.02515668040968692
P38,11523,1153453.4534534535,pedestrian,-0.7512386394404598,3.848657283427284,1.4521018209117265,0.13350275603789793,-0.07983319008037275,-0.022804522307042538
P38,11524,1153553.5535535538,pedestrian,-0.5946786432472647,3.8651316345313123,1.4507250990800196,0.1334541460385151,-0.05417917811822045,-0.014139694748116103
P38,11525,1153653.6536536538,pedestrian,-0.4461568931784844,3.881886902153265,1.4489231474057984,0.1341827886398436,-0.04013398555709849,-0.005824301244394455
P38,11526,1153753.7537537538,pedestrian,-0.30316626742735664,3.8884398549004766,1.444613607228658,0.13437932363175936,-0.041266959721160235,-0.002800902724675876
P38,11527,1153853.853853854,pedestrian,-0.1709500938799124,3.9078026284615848,1.4374081906400693,0.13676237208325706,-0.053191445031501375,0.007528898660735106
P38,11528,1153953.9539539542,pedestrian,-0.03624209241384306,3.9266953309650767,1.430910051893032,0.1395138206609883,-0.05774340446269816,0.015277183413410167
P38,11529,1154054.0540540542,pedestrian,0.11299991156293046,3.9442285643450483,1.4281326898293787,0.140826812955916,-0.046097509526738606,0.014438459143501337
P38,11530,1154154.1541541542,pedestrian,0.26601206052122794,3.956393154255337,1.4266753616349075,0.1391293005415384,-0.03385326057682534,0.0022494133966339223
P38,11531,1154254.2542542543,pedestrian,0.4047526648944108,3.9673134279214026,1.4221210368124293,0.13455065550145365,-0.03837396118077886,-0.01638168347663057
P38,11532,1154354.3543543546,pedestrian,0.5397062151113169,3.9753745302961363,1.4148298846372533,0.1273638827758056,-0.051754106632415225,-0.03789502413497406
P38,11533,1154454.4544544546,pedestrian,0.6700022536671223,3.981280949035922,1.406376164491886,0.11853726575753502,-0.06444860575198516,-0.05741625139389045
P38,11534,1154554.5545545546,pedestrian,0.8078798694928951,3.9858033982796623,1.4001146767936377,0.1095373404398052,-0.06371239184828337,-0.07003094825019335
P38,11535,1154654.6546546547,pedestrian,0.9559147329505396,3.9872970295455405,1.396690271630727,0.10218252214880405,-0.052258659411353395,-0.07136788413150905
P38,11536,1154754.754754755,pedestrian,1.1068690357792939,4.0005363449940425,1.3926210517973086,0.09960397678006036,-0.047752436269959245,-0.053661492819355644
P38,11537,1154854.854854855,pedestrian,1.239838560407925,4.016370237845732,1.382339928637109,0.10078404839805619,-0.06908789393416832,-0.028251804722823307
P38,11538,1154954.954954955,pedestrian,1.3605934124126646,4.037567520360944,1.365929331289915,0.1037396187330385,-0.10591287251274623,-0.005820779660166117
P38,11539,1155055.055055055,pedestrian,1.4835491620035386,4.0505089875901525,1.3474886321635473,0.10421870529873509,-0.13631490365263804,-0.0017029006374504572
P38,11540,1155155.1551551553,pedestrian,1.6139489106281042,4.055763349045552,1.3299428526214339,0.10059354112456599,-0.15144315677055128,-0.015101619082159387
P38,11541,1155255.2552552554,pedestrian,1.745129198683172,4.056560576177166,1.3127967728473469,0.09381415482603668,-0.1591480017260055,-0.035531909692222696
P38,11542,1155355.3553553554,pedestrian,1.8624631996259082,4.0594615015250435,1.2942882069021078,0.08638426703620664,-0.16914587402457817,-0.05055349145223533
P38,11543,1155455.4554554555,pedestrian,1.968512420467158,4.064214591992261,1.2771530385458312,0.07997336648893258,-0.16993570774582753,-0.05579123407918716
P38,11544,1155555.5555555557,pedestrian,2.0949542353229536,4.068405868170112,1.2686925727809224,0.07548875188049203,-0.13677494981012178,-0.0515246327539087
P38,11545,1155655.6556556558,pedestrian,2.2393883278279922,4.0726611700271,1.269279129563435,0.07411300935685347,-0.08140016887503448,-0.03685700026140178
P38,11546,1155755.7557557558,pedestrian,2.386899734346455,4.088753378506818,1.2725075828267631,0.07735984409729825,-0.037277106200215696,-0.009955556909427087
P38,11547,1155855.8558558559,pedestrian,2.4981444501342263,4.093760260813455,1.269980642678092,0.0825732227511747,-0.0326055674404746,0.014129031548182045
P38,11548,1155955.9559559561,pedestrian,2.622243282087723,4.105989455387317,1.266636155482757,0.09165877408638587,-0.03291842480320999,0.04388113565580129
P38,11549,1156056.0560560562,pedestrian,2.74252455767593,4.128959050900174,1.2630102965556225,0.10466197451577633,-0.034201093927580015,0.0772768422068192
P38,11550,1156156.1561561562,pedestrian,2.8634408426541738,4.153629883071814,1.2611865696171058,0.11810203258465139,-0.02799640832775058,0.09940170496755497
P38,11551,1156256.2562562563,pedestrian,2.993841209069267,4.170632638094937,1.2634252590429986,0.12788260729949277,-0.008444885372164757,0.09874413834486082
P38,11552,1156356.3563563565,pedestrian,3.1290310701952917,4.180718615624223,1.2688282572539575,0.13266229067790095,0.01578863819470102,0.07894640667477743
P38,11553,1156456.4564564566,pedestrian,3.2601131897314772,4.192624217633649,1.2748123699156342,0.13369575591101937,0.03286782036698612,0.052305382979769444
P38,11554,1156556.5565565566,pedestrian,3.3874962714046974,4.200870298382159,1.2804171853124,0.13148821606009736,0.04184531792688162,0.023437243290750615
P38,11555,1156656.6566566566,pedestrian,3.5157541312743508,4.207775907989536,1.286380381291338,0.1277409602167193,0.04872744142049552,-0.00019510581743017313
P38,11556,1156756.756756757,pedestrian,3.6521297759582714,4.215965419122147,1.2935777352254458,0.12462869908352392,0.0577242878555911,-0.012189950058660701
P38,11557,1156856.856856857,pedestrian,3.8010393424701907,4.234019051872763,1.300097100703518,0.12396230348784805,0.060598796026700645,-0.010042016695330083
P38,11558,1156956.956956957,pedestrian,3.9297840932188097,4.245052488994298,1.298695948644914,0.12379742854762445,0.03163841372708663,-0.006782874333472938
P38,11559,1157057.057057057,pedestrian,4.037337136460342,4.259272899816825,1.288612932051017,0.12471960478340649,-0.01975046706167833,-0.0005730046782579327
P38,11560,1157157.1571571573,pedestrian,4.151724452696998,4.271745232841333,1.2767664539720318,0.12622126674173498,-0.058028146836081644,0.005473495760610003
P38,11561,1157257.2572572574,pedestrian,4.282394799044246,4.284003814741463,1.2677511761294362,0.12854998030206594,-0.07046483189712213,0.012380210711250006
P38,11562,1157357.3573573574,pedestrian,4.408084439546337,4.304063224494353,1.2597834227763436,0.13227772440162436,-0.07401052855285743,0.02203154313856063
P38,11563,1157457.4574574574,pedestrian,4.534142021588749,4.325010533534919,1.2523627430586315,0.13511501269862009,-0.07405791638489825,0.024482414345189406
P38,11564,1157557.5575575577,pedestrian,4.63875410397278,4.3338446960688835,1.2444042935115351,0.13406293995788965,-0.07617259278251136,0.010897295332925935
P38,11565,1157657.6576576577,pedestrian,4.755482303440153,4.339287150912498,1.2431806135983956,0.1303452812152995,-0.05134616998772609,-0.007751904160526606
P38,11566,1157757.7577577578,pedestrian,4.893033508463785,4.348047490702223,1.252701351625625,0.1265001033004998,0.005513075192389583,-0.019655530444245603
P38,11567,1157857.8578578578,pedestrian,5.044250061934945,4.35908359663127,1.2701879885103062,0.12391680927405957,0.07119289572753774,-0.022043745490112267
P38,11568,1157957.957957958,pedestrian,5.190556125274951,4.374612028388344,1.2880621648183666,0.12317965417398004,0.11287699631137017,-0.016344725357749824
P38,11569,1158058.0580580581,pedestrian,5.320690715956532,4.391158814745284,1.3004433446052714,0.1231452739449661,0.11707412639837021,-0.010132583814572825
P38,11570,1158158.1581581582,pedestrian,5.438187195543188,4.403548474286515,1.3075680185053702,0.12206607214291446,0.09925498656325851,-0.010384404943175702
P38,11571,1158258.2582582582,pedestrian,5.569523140962772,4.416782302466533,1.3151362464081977,0.11951165798170836,0.09007401695708336,-0.016259923855866436
P38,11572,1158358.3583583585,pedestrian,5.707852947237142,4.425372724354427,1.3245136682251384,0.11443972786700422,0.09147413328130811,-0.029618332004592456
P38,11573,1158458.4584584585,pedestrian,5.847904580868286,4.431280815154886,1.3348300049782615,0.10715820103584237,0.09597217164513935,-0.04636032787252673
P38,11574,1158558.5585585586,pedestrian,5.9916649428101465,4.441705220278895,1.3447819213279588,0.09866057864319559,0.09731057744014973,-0.06131911393109217
P38,11575,1158658.6586586586,pedestrian,6.12661387406763,4.451587936673036,1.3516703556941485,0.08773063915161697,0.0862479716788616,-0.07990397448397214
P38,11576,1158758.758758759,pedestrian,6.252030072370791,4.455719168586789,1.35606046686612,0.07243222497211421,0.06979068676284254,-0.10821635673945615
P38,11577,1158858.858858859,pedestrian,6.396395397494602,4.449988516986289,1.3626156579510076,0.051837821255710737,0.06811962572040278,-0.14607703582822212
P38,11578,1158958.958958959,pedestrian,6.542339162939497,4.43491340280091,1.3693367568562753,0.027627678954164372,0.06774077423209458,-0.1832624112946892
P38,11579,1159059.059059059,pedestrian,6.688196162496591,4.4227694298721225,1.37339573349119,0.004281193394075841,0.057184231756055234,-0.202661773585128
P38,11580,1159159.1591591593,pedestrian,6.814231232172115,4.4151159227941665,1.3714408828458007,-0.015216633521330231,0.027402015351483164,-0.19960312516202652
P38,11581,1159259.2592592593,pedestrian,6.933625797551263,4.405242071519328,1.3672530518022163,-0.029931013523881618,0.0005217039703041462,-0.17917981532177585
P38,11582,1159359.3593593594,pedestrian,7.079238018738478,4.408751709294312,1.367706796069573,-0.03820228282633496,0.002078965041664608,-0.14169645567241296
P38,11583,1159459.4594594594,pedestrian,7.228538567993352,4.4152582011900945,1.3702184515489662,-0.043517021076087195,0.011013053943724423,-0.10729858332784034
P38,11584,1159559.5595595597,pedestrian,7.375124379576224,4.407596327734471,1.3702884083276898,-0.051173167373596715,0.007008797146886674,-0.09533584597322849
P38,11585,1159659.6596596597,pedestrian,7.499384992777535,4.393048584781875,1.3635418160804436,-0.061840172295680895,-0.021878190087452603,-0.09969468993078602
P38,11586,1159759.7597597598,pedestrian,7.613386154745173,4.377740006503461,1.3533806500458605,-0.07391752388159631,-0.05279351579130422,-0.10783119494094431
P38,11587,1159859.8598598598,pedestrian,7.738281047160146,4.356563459673657,1.347440918018865,-0.08572776980665577,-0.05533423859247997,-0.11177293774407887
P38,11588,1159959.95995996,pedestrian,7.8901419698071775,4.3406512155645816,1.3501471682364241,-0.09332628621068217,-0.02335601434223472,-0.09784961853636237
P38,11589,1160060.0600600601,pedestrian,8.044231693845344,4.333555168515851,1.3560647432626758,-0.09428533794836912,0.008662162690988792,-0.06358123147763386
P38,11590,1160160.1601601602,pedestrian,8.197802774014049,4.3316343082335935,1.358268253925217,-0.08899016476169347,0.013845360749159041,-0.01836041709017977
P38,11591,1160260.2602602602,pedestrian,8.300795113866371,4.32760008582006,1.3487433288981436,-0.07932034202684554,-0.028471255112210707,0.026271041640574748
P38,11592,1160360.3603603605,pedestrian,8.418407165628102,4.327858874804409,1.3380172218651971,-0.06573221985315852,-0.05901803414623981,0.0687720414350392
P38,11593,1160460.4604604605,pedestrian,8.553044150365402,4.329273829666829,1.3319891985958048,-0.04947608581424333,-0.05948465261818649,0.10512057252393758
P38,11594,1160560.5605605606,pedestrian,8.691139584460878,4.3385040513670114,1.3304208657391037,-0.03141656377363549,-0.04247365879785259,0.1343518400415089
P38,11595,1160660.6606606606,pedestrian,8.827513836463533,4.3451017595987835,1.33167548154732,-0.014736584745494094,-0.02111829022567502,0.1468842899656378
P38,11596,1160760.7607607609,pedestrian,8.968227876799816,4.346938753057842,1.3347770171000792,-0.0013285646426630417,-0.0008905846674708388,0.14186132905569776
P38,11597,1160860.860860861,pedestrian,9.103325254867851,4.344309793167918,1.3371047062128731,0.00902817000685429,0.008482871963151423,0.1269543209498396
P38,11598,1160960.960960961,pedestrian,9.233591588290787,4.343406989042153,1.3380439183755761,0.018742023009581,0.00883222195316215,0.11534128097985058
P39,11514,1152552.5525525524,pedestrian,-15.154375327416929,0.09867590982600741,0.7840532588077882,0.9307638863923166,0.26408188879785105,-0.17451026087705898
P39,11515,1152652.6526526527,pedestrian,-15.071038093411655,0.19290411747985178,0.8112139904896671,0.9114477824245436,0.26988494536114704,-0.18927635508585336
P39,11516,1152752.7527527527,pedestrian,-14.970312771448459,0.27564195076723347,0.8409327093914635,0.8856227844175337,0.2887231768511166,-0.23721093884768604
P39,11517,1152852.8528528528,pedestrian,-14.866388608818655,0.3421090190055086,0.8728985036572491,0.8470633363928022,0.3066789260605099,-0.3240116788675292
P39,11518,1152952.9529529528,pedestrian,-14.765112332703197,0.397924560959009,0.9030977991410138,0.7935638081893707,0.3041591537567698,-0.43032410506328056
P39,11519,1153053.053053053,pedestrian,-14.668000916158997,0.4340774219303197,0.9270295963101193,0.7285774853532226,0.2748683868515774,-0.5288395481079797
P39,11520,1153153.1531531531,pedestrian,-14.574692161073411,0.459785024193412,0.9432603961260428,0.6633690379159226,0.2280523350752094,-0.5797548739224543
P39,11521,1153253.2532532534,pedestrian,-14.476045142948497,0.5020255170890356,0.9537924585705925,0.6122150097574566,0.17944528697446602,-0.5525596999598382
P39,11522,1153353.3533533535,pedestrian,-14.379389679918333,0.5558620612385207,0.9589806185051564,0.5804437199398977,0.13011802311295023,-0.4616615271368592
P39,11523,1153453.4534534535,pedestrian,-14.291197773301434,0.6206578707645225,0.9594334564712905,0.5675824266754537,0.08192711197106506,-0.33382029881064823
P39,11524,1153553.5535535538,pedestrian,-14.193826244386164,0.7025398504246844,0.9586669437897465,0.5694947519155803,0.04752387076836698,-0.19828642589700435
P39,11525,1153653.6536536538,pedestrian,-14.107041777668973,0.7756040529069019,0.9563984567028582,0.5762015906088445,0.02047281480288811,-0.09603942766824838
P39,11526,1153753.7537537538,pedestrian,-14.017379134743903,0.8383326324367794,0.9562970748449464,0.5811375716772268,0.012162700268223598,-0.03982163349606398
P39,11527,1153853.853853854,pedestrian,-13.91581541331435,0.8924275873646487,0.9614899310760548,0.5815315723044228,0.027560125040776418,-0.022856406653664195
P39,11528,1153953.9539539542,pedestrian,-13.785711879879292,0.9407970972975811,0.9712226923582046,0.577808665548954,0.054606357292781085,-0.028421478096968503
P39,11529,1154054.0540540542,pedestrian,-13.701824881983072,0.979991244392288,0.9734074375492383,0.5726664729521288,0.04187461430840178,-0.03733466875961286
P39,11530,1154154.1541541542,pedestrian,-13.616231449348383,1.0374558020714149,0.9725627243746604,0.5729112430321534,0.022332464182866506,-0.021883779599070514
P39,11531,1154254.2542542543,pedestrian,-13.510395967995278,1.1264014997470753,0.9732504867411422,0.579382732985664,0.016327734326867967,0.011722645885807183
P39,11532,1154354.3543543546,pedestrian,-13.433019848339178,1.1818177326419907,0.9725206236809223,0.5806014152637969,0.0071563705621814355,0.01189815516812778
P39,11533,1154454.4544544546,pedestrian,-13.334901654909537,1.233904862193802,0.978508714389037,0.5766738372841004,0.027603933222095138,-0.007955371559363981
P39,11534,1154554.5545545546,pedestrian,-13.22556236089985,1.2842954229526113,0.9929194009020657,0.56876793508685,0.07277841589909137,-0.035529551448630126
P39,11535,1154654.6546546547,pedestrian,-13.110309514818782,1.3338699354924637,1.0142439291319973,0.5583688369638433,0.12722812049878998,-0.06206749264541224
P39,11536,1154754.754754755,pedestrian,-12.99206019350508,1.3830900863768216,1.0397105004881966,0.5468655577303996,0.17660315558694137,-0.08258505610161804
P39,11537,1154854.854854855,pedestrian,-12.87239016331945,1.4321871266236217,1.06637141720864,0.5353519106481994,0.21144196180249153,-0.09517753144059876
P39,11538,1154954.954954955,pedestrian,-12.752137516017417,1.4812663747219381,1.0916171107262402,0.5245572544388329,0.2272669609450806,-0.10009287186583943
P39,11539,1155055.055055055,pedestrian,-12.631755970703102,1.530361945795072,1.1133183631073074,0.5148475545981522,0.2232016688718974,-0.09889209941373242
P39,11540,1155155.1551551553,pedestrian,-12.511540911954878,1.5794585970078552,1.129730329186149,0.5062558176432844,0.2002006890075752,-0.09382159615055236
P39,11541,1155255.2552552554,pedestrian,-12.391823228589692,1.6284835277237653,1.1392433091275804,0.4985152800039068,0.15937227575363744,-0.08741830593493422
P39,11542,1155355.3553553554,pedestrian,-12.273244406542215,1.6772528848000263,1.1400391952086355,0.49108224268739403,0.10058619952451446,-0.08230834170047573
P39,11543,1155455.4554554555,pedestrian,-12.157322396696932,1.725322786369803,1.1297272079939233,0.4831553785010258,0.021541755877216157,-0.08109746962828852
P39,11544,1155555.5555555557,pedestrian,-12.047783531337396,1.7716142798413488,1.105142256890056,0.4737420981515692,-0.08217165295988749,-0.08612160999987337
P39,11545,1155655.6556556558,pedestrian,-11.953806273934356,1.8134871362394074,1.0628392512816804,0.46193359898175895,-0.21433826635823172,-0.0984848523399391
P39,11546,1155755.7557557558,pedestrian,-11.897981012092732,1.8444609406703116,1.0017800313695175,0.4478375263740074,-0.3679381456854431,-0.1149204569949296
P39,11547,1155855.8558558559,pedestrian,-11.84742803512473,1.8850541614741863,0.932227476839269,0.43535310586055764,-0.4948467600578505,-0.11872466694728356
P39,11548,1155955.9559559561,pedestrian,-11.79662367048458,1.9314273399546618,0.8643710983654735,0.42462566116249645,-0.5659074333844122,-0.11423772288654
P39,11549,1156056.0560560562,pedestrian,-11.730183893746261,1.9764788586228585,0.8066884937543366,0.41300536147747735,-0.5699224055281384,-0.1149555841858093
P39,11550,1156156.1561561562,pedestrian,-11.653257615357418,2.0234485834760836,0.7603693687581637,0.3973268095716842,-0.5283065481413873,-0.131134271699105
P39,11551,1156256.2562562563,pedestrian,-11.57706122812128,2.0533565201832396,0.7209470575294139,0.37210946475443446,-0.47609854187483386,-0.17802718059815867
P39,11552,1156356.3563563565,pedestrian,-11.517916779857787,2.066770518739011,0.682240454892443,0.33622930824893427,-0.44138334722291755,-0.2480695803841767
P39,11553,1156456.4564564566,pedestrian,-11.468925599721839,2.07158917060952,0.642675683982013,0.29289457932936686,-0.4234738854849752,-0.3198313568176575
P39,11554,1156556.5565565566,pedestrian,-11.427816773799858,2.072184713133108,0.6031815727880789,0.2469182941482032,-0.412243333581834,-0.3739782033758762
P39,11555,1156656.6566566566,pedestrian,-11.397164990398691,2.0710255056121145,0.5666892572671645,0.20330432130427217,-0.3937306368712761,-0.3979417328942215
P39,11556,1156756.756756757,pedestrian,-11.355455058242422,2.0684722707289693,0.5398281663600674,0.16669757767482998,-0.3450513594707515,-0.3854251173894533
P39,11557,1156856.856856857,pedestrian,-11.30944325789939,2.0714655324996887,0.525479147416131,0.14188087981067637,-0.26674394105158156,-0.3320413046108327
P39,11558,1156956.956956957,pedestrian,-11.248834698560438,2.0864322031654305,0.5256547284393901,0.13189479624640527,-0.16250547255851255,-0.2418635518977425
P39,11559,1157057.057057057,pedestrian,-11.181079137052722,2.1078909375065193,0.5379474043501078,0.13605488632837953,-0.0517403812534836,-0.13183083470443663
P39,11560,1157157.1571571573,pedestrian,-11.111225195791643,2.1328803826726213,0.558299145661547,0.15229651148196607,0.047278857817002584,-0.017658900039143
P39,11561,1157257.2572572574,pedestrian,-11.04431173147008,2.159985233778939,0.582983547890165,0.17870327916911088,0.12465983200955665,0.0916127570486425
P39,11562,1157357.3573573574,pedestrian,-10.98869318767268,2.188950549349511,0.6107223632807653,0.21451893695632873,0.18384556939244287,0.19495351352927637
P39,11563,1157457.4574574574,pedestrian,-10.90669010787718,2.240901920824184,0.6466079380912325,0.2608332158403859,0.25165012185341823,0.2988923230939863
P39,11564,1157557.5575575577,pedestrian,-10.805256990379497,2.3203542233249497,0.688162649311985,0.312601920119903,0.31511821305779114,0.38363360223772236
P39,11565,1157657.6576576577,pedestrian,-10.736408594665123,2.371404333045471,0.7267831554876895,0.35544785682668584,0.34256619008598027,0.40086988408419566
P39,11566,1157757.7577577578,pedestrian,-10.659901615529783,2.4213106167949445,0.7676103675353412,0.38584858893965984,0.36791657633410335,0.363147090462653
P39,11567,1157857.8578578578,pedestrian,-10.55510135155808,2.46769337781394,0.8157519468515712,0.40093023686498086,0.4117932632638085,0.2806558280624607
P39,11568,1157957.957957958,pedestrian,-10.44203058590484,2.497883854788553,0.8681419310147735,0.39838343611026705,0.4551127952990592,0.1618198383159343
P39,11569,1158058.0580580581,pedestrian,-10.324974407936457,2.5194381497134293,0.9203094355208599,0.38066744256421536,0.4807516025928407,0.030287140968033532
P39,11570,1158158.1581581582,pedestrian,-10.206391568174974,2.536499190230179,0.9676740603516397,0.3520582440598148,0.4778092215643987,-0.09242905920254949
P39,11571,1158258.2582582582,pedestrian,-10.087985016281444,2.551242459576062,1.006023064155777,0.3169179046637678,0.4410429818996191,-0.19283375021904645
P39,11572,1158358.3583583585,pedestrian,-9.97167334945577,2.5646429290841324,1.0315227515122802,0.2787724243664884,0.36871565653137195,-0.2659136529547924
P39,11573,1158458.4584584585,pedestrian,-9.861038788914673,2.5767620847488493,1.0406313330479051,0.23991850927826422,0.26089658682931016,-0.3133694760406437
P39,11574,1158558.5585585586,pedestrian,-9.764359879773854,2.586542947063535,1.0305348730569135,0.20141746774755825,0.1204511006754777,-0.34103303039622157
P39,11575,1158658.6586586586,pedestrian,-9.70177590260012,2.5907915995458843,1.0015502425154459,0.16353789109815398,-0.03872535803019758,-0.3555465267754813
P39,11576,1158758.758758759,pedestrian,-9.63494014138553,2.5919554269662064,0.965165957187778,0.1271195305768351,-0.16480385367263162,-0.3587582970739909
P39,11577,1158858.858858859,pedestrian,-9.537638451647716,2.587553700049995,0.930472318635487,0.09288405656771483,-0.23537813124198995,-0.3522570634693096
P39,11578,1158958.958958959,pedestrian,-9.446757544667042,2.584211576906714,0.8933860908118466,0.06265984567664411,-0.28783290596981553,-0.3327225134679944
P39,11579,1159059.059059059,pedestrian,-9.385097197647639,2.5785540627826524,0.8493530634227807,0.03718173382270304,-0.34686572181991043,-0.30236456008283663
P39,11580,1159159.1591591593,pedestrian,-9.340331079085082,2.573488156966436,0.8024544221913653,0.01759551389821091,-0.39409433258367305,-0.26094131095503664
P39,11581,1159259.2592592593,pedestrian,-9.281871291283705,2.566081054685434,0.7621512860684932,0.004717964670643712,-0.3974074701925391,-0.2095808311209489
P39,11582,1159359.3593593594,pedestrian,-9.235479117919317,2.566526054625773,0.7324419516643926,0.0005942279314069404,-0.3583473669257263,-0.14420915740170218
P39,11583,1159459.4594594594,pedestrian,-9.169028080175174,2.5776226095259895,0.7223747931555197,0.005043472770132035,-0.2582713024380832,-0.07096716345662796
P39,11584,1159559.5595595597,pedestrian,-9.08914184165794,2.58526842694281,0.7352829527683298,0.014469509083002978,-0.10794013307098044,-0.006857788142780971
P39,11585,1159659.6596596597,pedestrian,-8.98324681222444,2.593413935529821,0.7718933499734272,0.027130979602722274,0.0759549805445214,0.04491082986813001
P39,11586,1159759.7597597598,pedestrian,-8.863898273209594,2.6018579456992685,0.8259517278294065,0.04189451803041395,0.2561270693421751,0.08473407294158386
P39,11587,1159859.8598598598,pedestrian,-8.738314401467198,2.6106289409177132,0.8886998786143107,0.0583924258604253,0.40005369399470625,0.11582338993622042
P39,11588,1159959.95995996,pedestrian,-8.61119216283844,2.6200617344472477,0.9513359906753295,0.07713619461209009,0.4876694267906079,0.14355330452655102
P39,11589,1160060.0600600601,pedestrian,-8.48700926475205,2.6311053777440185,1.0063183062999088,0.09960932946372658,0.511585794704044,0.1749816558318324
P39,11590,1160160.1601601602,pedestrian,-8.37304001847635,2.6461465338737593,1.0484255021097895,0.12826908843900425,0.47628230731118515,0.21820283330611387
P39,11591,1160260.2602602602,pedestrian,-8.285268664840782,2.671070125826647,1.0770245012492363,0.16614854907414758,0.40229445241283013,0.2804020146090009
P39,11592,1160360.3603603605,pedestrian,-8.165833603398244,2.726315479493786,1.1026601138406127,0.215128480370866,0.34553756755425935,0.3615057774580013
P39,11593,1160460.4604604605,pedestrian,-8.04050881602057,2.7906530739165865,1.1253198263476527,0.2678491002152708,0.29927357337486354,0.4256306619277602
P39,11594,1160560.5605605606,pedestrian,-7.939636282558391,2.8424996795117163,1.1428766867232008,0.31456700085702766,0.2511796665521054,0.4415795250281906
P39,11595,1160660.6606606606,pedestrian,-7.796054803511701,2.9143739248661524,1.1630821578875052,0.35087278489543994,0.2320295349933436,0.41095425079866776
P39,11596,1160760.7607607609,pedestrian,-7.6767951378812995,2.950473026931052,1.1781085187291838,0.3642848169696861,0.2002273675622071,0.3034274689589208
P39,11597,1160860.860860861,pedestrian,-7.558431754517403,2.9277512839470625,1.1888143530613688,0.3539261678465052,0.1640149706117608,0.145453424943491
P39,11598,1160960.960960961,pedestrian,-7.455613718873393,2.9160348587152707,1.196633839926452,0.34102520035060335,0.13066683745694554,0.038949220465910595
P40,11435,1144644.6446446448,pedestrian,-16.47504220466668,31.776153065048796,2.057528063484029,-0.26014735773828646,0.04203678039233401,-0.3682994197319568
P40,11436,1144744.7447447449,pedestrian,-16.26710604980385,31.746140906158278,2.061465227510538,-0.2989237665042796,0.039873170978331395,-0.3835609428042091
P40,11437,1144844.844844845,pedestrian,-16.056402044263123,31.691878607531553,2.064448672549553,-0.34442745434285893,0.0328495318753281,-0.4331038175614564
P40,11438,1144944.944944945,pedestrian,-15.856747244618461,31.622135682866197,2.0646125903322123,-0.40044202124290423,0.014543709626083819,-0.5072852902665343
P40,11439,1145045.0450450452,pedestrian,-15.669971501503076,31.559061081655717,2.0626082310997984,-0.4639443340116075,-0.0029186491887351652,-0.5714938811410187
P40,11440,1145145.1451451452,pedestrian,-15.468301233933545,31.479887197553428,2.066860049899197,-0.5317143171968741,0.017511962372798964,-0.6189889587242599
P40,11441,1145245.2452452453,pedestrian,-15.216208285562985,31.396404630939752,2.0839255565274826,-0.5975995247508549,0.0810445631328004,-0.6352712953060581
P40,11442,1145345.3453453453,pedestrian,-15.043735843988445,31.332381776271703,2.098532977861716,-0.6567714031718108,0.10671922383727558,-0.6178032672751449
P40,11443,1145445.4454454456,pedestrian,-14.843963342304317,31.24611625005877,2.1271451763254303,-0.7161164916511744,0.17595320334513473,-0.6081609508074349
P40,11444,1145545.5455455456,pedestrian,-14.598291917476136,31.142606422240934,2.180203816027782,-0.7771328573162526,0.3118235788075538,-0.6086952739834384
P40,11445,1145645.6456456457,pedestrian,-14.31925633443832,31.013462896796195,2.2543985714827017,-0.836800998605241,0.4767195299781255,-0.603852436452123
P40,11446,1145745.7457457457,pedestrian,-13.999106626812397,30.889027374314963,2.3373642709530396,-0.8832767910310816,0.6124286501600091,-0.550063610004317
P40,11447,1145845.845845846,pedestrian,-13.768094727861389,30.8051706658645,2.402526637948187,-0.9056758338450519,0.6273362973600013,-0.42385980815045765
P40,11448,1145945.945945946,pedestrian,-13.483921815051895,30.71232981038655,2.4578789643299706,-0.9071031864183311,0.5985037601706398,-0.26505424057747995
P40,11449,1146046.046046046,pedestrian,-13.281323420559888,30.65390915285614,2.492841544219976,-0.8856868717887433,0.5017526232815694,-0.07910329102949382
P40,11450,1146146.146146146,pedestrian,-13.033798843095735,30.595320344546618,2.5288820598012896,-0.8503876681992055,0.4467145885472302,0.08858146200405023
P40,11451,1146246.2462462464,pedestrian,-12.758867173647545,30.538264207452954,2.5742520986591275,-0.8085412184500639,0.4492517163958147,0.21654854516540406
P40,11452,1146346.3463463464,pedestrian,-12.44405979333225,30.47028061679859,2.6293842118424573,-0.7663411080834305,0.488677395108498,0.29617443784507436
P40,11453,1146446.4464464465,pedestrian,-12.153225335551216,30.407679259032623,2.6808461432081256,-0.7239186768151378,0.49855090187149054,0.3457319119585679
P40,11454,1146546.5465465465,pedestrian,-11.875390913122905,30.349348296621528,2.7245749164183604,-0.6812061900315388,0.474595101605757,0.37716768009652324
P40,11455,1146646.6466466468,pedestrian,-11.582906084161133,30.29550809067944,2.762658709539484,-0.6376770550523033,0.4380475013289097,0.39956428514382136
P40,11456,1146746.7467467468,pedestrian,-11.29652417376143,30.249765020466032,2.7927079927935172,-0.5924409465907927,0.3845289342645911,0.41988560864957825
P40,11457,1146846.8468468469,pedestrian,-11.009480518575396,30.209383876098073,2.814990678450779,-0.5456427702883588,0.32166634719934567,0.4383758474174282
P40,11458,1146946.946946947,pedestrian,-10.733432374225185,30.179399645597854,2.8297362968774684,-0.497508582651553,0.25397689152265257,0.4548693356700201
P40,11459,1147047.0470470472,pedestrian,-10.450223294588726,30.154154233083062,2.84160629328226,-0.45043354697395294,0.20141301972709622,0.46085197714315185
P40,11460,1147147.1471471472,pedestrian,-10.175948624387168,30.13319530484564,2.853110878834327,-0.40725210742629064,0.1678383519865947,0.4494111827810912
P40,11461,1147247.2472472473,pedestrian,-9.878064874461932,30.10128048599615,2.8710597311360297,-0.37150609832111353,0.17229158711652692,0.41357445855010594
P40,11462,1147347.3473473473,pedestrian,-9.56817490370567,30.072615537762072,2.894619784074193,-0.34183327504067657,0.19677843635323664,0.368096261672036
P40,11463,1147447.4474474476,pedestrian,-9.258558243860259,30.041239258834636,2.918995802925175,-0.31722285281872514,0.21492345174709918,0.3206399439036067
P40,11464,1147547.5475475476,pedestrian,-8.957435692879395,30.01220192402857,2.939704475328037,-0.29486181639552295,0.21180061471654418,0.2828834957216724
P40,11465,1147647.6476476477,pedestrian,-8.657176536661902,29.994768633514802,2.9556984921562743,-0.27184904099049995,0.19160482893075512,0.2623128821895392
P40,11466,1147747.7477477477,pedestrian,-8.36555929990201,29.97703426916103,2.966523309356303,-0.24882314363654787,0.15920139874193465,0.2497792577816529
P40,11467,1147847.847847848,pedestrian,-8.072626300851441,29.95644131519169,2.9753149818408895,-0.2256530474043549,0.13149255043677685,0.24267080187564213
P40,11468,1147947.947947948,pedestrian,-7.773092815548951,29.943282199129246,2.9853669924698822,-0.2001199897869483,0.11942915225960833,0.24748655561476876
P40,11469,1148048.048048048,pedestrian,-7.462908700271116,29.93740269028873,2.9981761322336276,-0.17152225009022504,0.12274235061770186,0.26231875723920856
P40,11470,1148148.148148148,pedestrian,-7.1471968979566185,29.928534535964463,3.011660245960948,-0.14068972093596097,0.12738709039692558,0.2800600858764277
P40,11471,1148248.2482482484,pedestrian,-6.844344181877099,29.937064968937555,3.021586203322937,-0.10588900855455871,0.1164286627000933,0.3063039290396123
P40,11472,1148348.3483483484,pedestrian,-6.531517818001137,29.947778366886673,3.0284715351845475,-0.07050892178094136,0.09793184638367176,0.3246062199488501
P40,11473,1148448.4484484484,pedestrian,-6.238014912961706,29.95824815792113,3.0288648722795655,-0.03787407756612483,0.061437469385881655,0.3251559019339446
P40,11474,1148548.5485485485,pedestrian,-5.9370354005504975,29.959813079649663,3.026229099341435,-0.010525763894398068,0.027363138437895534,0.3049889083064724
P40,11475,1148648.6486486488,pedestrian,-5.6380412005238565,29.96418531737548,3.021135526667428,0.013097427501897605,-0.003014907094475064,0.2782037986764275
P40,11476,1148748.7487487488,pedestrian,-5.338867152223346,29.969743251708707,3.0145122730287026,0.034404523220962185,-0.027532054327873992,0.25283467877167726
P40,11477,1148848.8488488488,pedestrian,-5.046164560643519,29.980886210305673,3.0068223533748966,0.055194421929670084,-0.046667912075870385,0.2353086680135617
P40,11478,1148948.9489489489,pedestrian,-4.747610114617749,29.99934918014433,3.000759996145549,0.07596419859230566,-0.052062355849962064,0.22450870592349662
P40,11479,1149049.0490490492,pedestrian,-4.439321220644028,30.0176183224976,2.99681681832402,0.09498200512922918,-0.047143502081011306,0.21110675386167319
P40,11480,1149149.1491491492,pedestrian,-4.139060622588758,30.03318422237786,2.9913988343777764,0.1108492001327206,-0.04985417188511689,0.19068848832920843
P40,11481,1149249.2492492492,pedestrian,-3.847972288077734,30.046520930599943,2.9832275543524474,0.1234149596864401,-0.062190863655629106,0.16539288412737227
P40,11482,1149349.3493493493,pedestrian,-3.547924657700411,30.061760297580673,2.9741015148738335,0.13365077505366388,-0.07344104284095376,0.14088129174952585
P40,11483,1149449.4494494495,pedestrian,-3.2517659774338634,30.079861134121362,2.961954903508114,0.14207163363292424,-0.09203856860231252,0.11884666227023934
P40,11484,1149549.5495495496,pedestrian,-2.9696023319557594,30.09612638163198,2.945169877944651,0.1481850034806978,-0.1214056321436916,0.09641713378039493
P40,11485,1149649.6496496496,pedestrian,-2.686622120123487,30.113381088030458,2.9265759879498447,0.152134553197372,-0.14638707382096172,0.07430322130064897
P40,11486,1149749.7497497497,pedestrian,-2.4003802085003567,30.122058894181876,2.908191099274779,0.15357353998239498,-0.16085942722632168,0.051037586968025364
P40,11487,1149849.84984985,pedestrian,-2.121589067015037,30.132046859620715,2.890143355403712,0.15543373156140555,-0.16840562426955905,0.03843792596755008
P40,11488,1149949.94994995,pedestrian,-1.83964019532024,30.153384659940254,2.8748331042429047,0.1606426173133741,-0.16240508711472498,0.04371737892145203
P40,11489,1150050.05005005,pedestrian,-1.5459358804007144,30.176642482284226,2.8632724942243963,0.16827380406203588,-0.14419152348179576,0.056341849097146866
P40,11490,1150150.15015015,pedestrian,-1.259454010551016,30.1911057760204,2.851500868908254,0.1768495904253058,-0.13386737865038706,0.06772867911662928
P40,11491,1150250.2502502503,pedestrian,-0.9859388587036904,30.214132572353613,2.8373519433886694,0.18873800950987019,-0.13677147524615807,0.08754253240284374
P40,11492,1150350.3503503504,pedestrian,-0.712435275087854,30.25227481709801,2.8230001042683894,0.20397638590577394,-0.1393350997813822,0.11265656131179591
P40,11493,1150450.4504504504,pedestrian,-0.4293425028180418,30.282147836544016,2.810473865902,0.21723449963579372,-0.13382304546760226,0.12034037000247885
P40,11494,1150550.5505505505,pedestrian,-0.15627682188905304,30.30806435672872,2.797771858477896,0.22614878220578194,-0.13113262806480247,0.10819399869086291
P40,11495,1150650.6506506507,pedestrian,0.12324267688550936,30.32690096572845,2.786144684512247,0.22975905142696895,-0.12531807353543303,0.08019211118050729
P40,11496,1150750.7507507508,pedestrian,0.4146696089070108,30.344710438863252,2.774003996120415,0.2296946071546212,-0.12375250623037784,0.048809339089544185
P40,11497,1150850.8508508508,pedestrian,0.6843711091652018,30.360785104946427,2.7539634390302647,0.22799261375928492,-0.15343357733207658,0.023259172661332067
P40,11498,1150950.9509509508,pedestrian,0.9308141446935448,30.383849017157566,2.724948124744884,0.2274627550415841,-0.20639930981068483,0.012174304685537474
P40,11499,1151051.0510510511,pedestrian,1.1844175906452175,30.40751436425886,2.6935479175303128,0.2284217993932771,-0.24805182208761586,0.011167453876104917
P40,11500,1151151.1511511512,pedestrian,1.4404122457658286,30.437994976228822,2.6629662338103945,0.23100621477970892,-0.270359097851464,0.01685532789955812
P40,11501,1151251.2512512512,pedestrian,1.7034989908123348,30.467070020178983,2.6345124701375178,0.23269853381140934,-0.27575313964885756,0.01687510393926739
P40,11502,1151351.3513513512,pedestrian,1.949235653253492,30.48266872427517,2.6055251138052373,0.23109660331428533,-0.2811225479341965,0.004110788988335855
P40,11503,1151451.4514514515,pedestrian,2.2025078124813886,30.500367783171797,2.5787171630458587,0.228700504810655,-0.2759547970763193,-0.006778160367688981
P40,11504,1151551.5515515516,pedestrian,2.456698114637954,30.515633684286584,2.553172923335038,0.22744756128497928,-0.26789213695271086,-0.009006102650584488
P40,11505,1151651.6516516516,pedestrian,2.6971457295111896,30.541140482131542,2.5264154267099435,0.23061650236846448,-0.26766512224906164,0.00678073678482545
P40,11506,1151751.7517517516,pedestrian,2.937738933746606,30.570100610269694,2.500060913385213,0.23821711680631247,-0.26596331109076865,0.033626477995285564
P40,11507,1151851.851851852,pedestrian,3.16863963707468,30.60439753270166,2.4749387947828136,0.24943983075818865,-0.2601424726605648,0.0640978942812464
P40,11508,1151951.951951952,pedestrian,3.413056771999929,30.637547640485977,2.455118856721842,0.26190426348327056,-0.2360174767345111,0.08755533089484821
P40,11509,1152052.052052052,pedestrian,3.6577122101723325,30.666272283802517,2.439351879798152,0.2740111508920476,-0.2055394827451998,0.10051922798075327
P40,11510,1152152.152152152,pedestrian,3.9018727533758972,30.696607364164546,2.4257136026264425,0.2863483904714324,-0.17863795612552583,0.10934357342338392
P40,11511,1152252.2522522523,pedestrian,4.139711874831461,30.73474584776592,2.411832613011232,0.2995975680755071,-0.16312169390165387,0.11827891926978487
P40,11512,1152352.3523523523,pedestrian,4.372897007892894,30.77603552751005,2.3970931944497424,0.3119980108517494,-0.15695861056929297,0.12045358058807956
P40,11513,1152452.4524524524,pedestrian,4.609541049586535,30.816144847315954,2.382171223380117,0.32064704071345346,-0.15389622083714724,0.10723450196312798
P40,11514,1152552.5525525524,pedestrian,4.8334297372935575,30.85284001199074,2.3658713648555367,0.32273105297972776,-0.15736673390669204,0.07368568492849234
P40,11515,1152652.6526526527,pedestrian,5.072640738732342,30.874888144792475,2.351350918196267,0.31596517217309994,-0.15258862743791632,0.018838047058603813
P40,11516,1152752.7527527527,pedestrian,5.3089300078914325,30.894715998290945,2.3355015756668274,0.30276812941021125,-0.15481950432828606,-0.03965880692825717
P40,11517,1152852.8528528528,pedestrian,5.548239940339117,30.910337783186492,2.315075207336056,0.2857561379831205,-0.173935823422302,-0.09024143030965306
P40,11518,1152952.9529529528,pedestrian,5.761228777792487,30.92411169920165,2.2837992303826247,0.268522869544865,-0.22770975906557245,-0.12204465807077072
P40,11519,1153053.053053053,pedestrian,5.970172515826178,30.942006179348507,2.2431191298333397,0.25506545279294374,-0.29708008302487054,-0.12685672032869438
P40,11520,1153153.1531531531,pedestrian,6.16322114263506,30.971138333747405,2.1939733891937983,0.24785220377246936,-0.372352025701881,-0.10558323221190662
P40,11521,1153253.2532532534,pedestrian,6.360521170260832,31.008356626498763,2.141174387961358,0.24509943072202833,-0.4325700860303897,-0.07526920552059851
P40,11522,1153353.3533533535,pedestrian,6.5447206765889465,31.038728978444862,2.085834973278111,0.24148906832608208,-0.4792625392485816,-0.06005000949812844
P40,11523,1153453.4534534535,pedestrian,6.725636326378435,31.05962301848594,2.031856578486161,0.23346051344095692,-0.5025490918571073,-0.06787484552447587
P40,11524,1153553.5535535538,pedestrian,6.912164720505871,31.071494487706946,1.982769302493061,0.2202503136976343,-0.4978254410168943,-0.09275834540629317
P40,11525,1153653.6536536538,pedestrian,7.105520316629204,31.078838687404062,1.9384748097880007,0.20387791789434517,-0.4763473193095406,-0.12024562860139684
P40,11526,1153753.7537537538,pedestrian,7.285274410959551,31.0776550797216,1.8943735400222044,0.18768263989051703,-0.46245821251684993,-0.13637464242224706
P40,11527,1153853.853853854,pedestrian,7.448465557344406,31.09774813071989,1.848873825986236,0.17839600822978313,-0.4593849719202364,-0.11944743414714964
P40,11528,1153953.9539539542,pedestrian,7.613313741929527,31.125107891075793,1.8051105102460365,0.17509258115181794,-0.45077040465835916,-0.0858865904986642
P40,11529,1154054.0540540542,pedestrian,7.77737132993561,31.146826490246927,1.7644843009096893,0.17384136643255368,-0.43333330486446375,-0.05739571171982563
P40,11530,1154154.1541541542,pedestrian,7.9338439613691385,31.161047207535237,1.7275306622166424,0.17250890873062735,-0.408422083783888,-0.04028088555553616
P40,11531,1154254.2542542543,pedestrian,8.087054831689645,31.176704010206397,1.6968134356743216,0.17180516508318266,-0.36899480558161124,-0.02737211212490584
P40,11532,1154354.3543543546,pedestrian,8.253300695687008,31.19318661605963,1.6759907743571625,0.17213942162522103,-0.30649923518606303,-0.015449108688613052
P40,11533,1154454.4544544546,pedestrian,8.435576485799697,31.20676935350234,1.663931344514565,0.17383096052502245,-0.23427889544821873,-0.0028908680539025296
P40,11534,1154554.5545545546,pedestrian,8.607618378821021,31.222204122211036,1.6529258743342217,0.17870432233499198,-0.1860088456032009,0.017132288709332307
P40,11535,1154654.6546546547,pedestrian,8.764227843080336,31.247272947362763,1.6380305063242488,0.18864624092681703,-0.17156516084769396,0.04903977770422011
P40,11536,1154754.754754755,pedestrian,8.91279705922234,31.275767489857387,1.6192946630416485,0.20271826688981096,-0.17762381511821895,0.08457808607204738
P40,11537,1154854.854854855,pedestrian,9.058541220537974,31.315636753184794,1.5993318223595898,0.21936190522045473,-0.18608911473712114,0.11629316255058858
P40,11538,1154954.954954955,pedestrian,9.212174459858439,31.352058633860803,1.5815810740333862,0.23302380377689444,-0.18268857080219336,0.12413117900811318
P40,11539,1155055.055055055,pedestrian,9.362122637541242,31.381821874836007,1.566219015437861,0.23909143416722192,-0.1713439222475543,0.09947265673283961
P40,11540,1155155.1551551553,pedestrian,9.50850103912167,31.40230922632267,1.554476523236843,0.23474578302669466,-0.1503654632101129,0.04400040742035827
P40,11541,1155255.2552552554,pedestrian,9.65750115700966,31.408875716376418,1.549089902980344,0.219630332102408,-0.11288082556917599,-0.03170553397802302
P40,11542,1155355.3553553554,pedestrian,9.82830167647649,31.405213158442525,1.5525012982637372,0.1976065323438905,-0.055826565036735165,-0.10481363281223587
P40,11543,1155455.4554554555,pedestrian,9.999806711794632,31.406335326289913,1.559390246735295,0.17582923477358758,-0.007435033989032783,-0.14858307905714294
P40,11544,1155555.5555555557,pedestrian,10.159051309480436,31.411303995771192,1.5638734117242605,0.15951098280795495,0.012838956834930734,-0.15418764020052045
P40,11545,1155655.6556556558,pedestrian,10.311655443675889,31.42430385069403,1.5643951739604693,0.15255973597838807,0.009878114953656904,-0.12128737182563806
P40,11546,1155755.7557557558,pedestrian,10.467043121369956,31.45449946771877,1.561874502702124,0.15640991442618324,-0.0037330152638991206,-0.059267677662881685
P40,11547,1155855.8558558559,pedestrian,10.620378758439033,31.485577781255778,1.556027085979436,0.16648610948848364,-0.024962367738867872,0.002821203335866898
P40,11548,1155955.9559559561,pedestrian,10.755056438210865,31.513371043969975,1.5468757793210053,0.1780197408437853,-0.05076369161273868,0.0464579547623222
P40,11549,1156056.0560560562,pedestrian,10.888999357603403,31.528505737164526,1.5415467054241967,0.18762822536594054,-0.05172407346057967,0.0656872056537369
P40,11550,1156156.1561561562,pedestrian,11.062849033360399,31.558077644096727,1.5487495345125195,0.1971679071840615,-0.003707890747339057,0.07718427655268825
P40,11551,1156256.2562562563,pedestrian,11.275993741015679,31.579502142379965,1.5632299432906267,0.20344200794041215,0.05389241649584278,0.07155263575454399
P40,11552,1156356.3563563565,pedestrian,11.41225926176652,31.592742060536427,1.5634609023902049,0.20618477843590635,0.03386561716082605,0.054411449201912696
P40,11553,1156456.4564564566,pedestrian,11.548912204672476,31.605557199985476,1.5552057165074806,0.20842116320728865,-0.011298870187674004,0.04196098727470453
P40,11554,1156556.5565565566,pedestrian,11.683671514632065,31.62231321060509,1.5445064170969356,0.21395017068551672,-0.04840848105986132,0.04711424852197986
P40,11555,1156656.6566566566,pedestrian,11.855006660330547,31.660024691342763,1.5386059305340212,0.2260147557281077,-0.0524993880327608,0.07561444500843084
P40,11556,1156756.756756757,pedestrian,12.007324014678618,31.706393094775034,1.5306997429426146,0.24062359453193347,-0.06278099837220233,0.10291769487076347
P40,11557,1156856.856856857,pedestrian,12.153164386195229,31.73367813217133,1.5199731373841576,0.25023948285723246,-0.08000970421661602,0.10025640265103376
P40,11558,1156956.956956957,pedestrian,12.265497982132898,31.754017804061835,1.5074917625872932,0.2540701996887633,-0.09735543709402059,0.07619109676822199
P40,11559,1157057.057057057,pedestrian,12.419251427771174,31.780753271220583,1.5078063747015125,0.25396681750121386,-0.05833912882297275,0.04621061416470588
P40,11560,1157157.1571571573,pedestrian,12.605642256227833,31.799534283697216,1.521746834054628,0.24916178680889944,0.018376421355172798,0.009634529705976141
P40,11561,1157257.2572572574,pedestrian,12.818300337374149,31.8114143789546,1.538134656464679,0.24140226362677583,0.07480068863714773,-0.02420039081771563
P40,11562,1157357.3573573574,pedestrian,12.9505153977096,31.8258337875755,1.5337894918273292,0.23495266936290493,0.02890867764262578,-0.03981921747561743
P40,11563,1157457.4574574574,pedestrian,13.075822172100958,31.85487679110252,1.5134979135517872,0.23345048387247552,-0.06101331611563471,-0.030186352444824982
P40,11564,1157557.5575575577,pedestrian,13.218414037442528,31.890717816272364,1.4841483909959432,0.23522381993972624,-0.15115538458626104,-0.011589457532302738
P40,11565,1157657.6576576577,pedestrian,13.322640628061743,31.914675702874078,1.444600433828483,0.23567322722956266,-0.24585536489770496,-0.005347123688084741
P40,11566,1157757.7577577578,pedestrian,13.45625145706716,31.940531511288,1.4066626090415826,0.23426949738782774,-0.2975454156681503,-0.008715444097130914
P40,11567,1157857.8578578578,pedestrian,13.598978201371297,31.965965561763397,1.370154840905724,0.22949959409696846,-0.32362160590746464,-0.02383145087212541
P40,11568,1157957.957957958,pedestrian,13.729548774201476,31.98761504687543,1.3291360702168071,0.21933680403559894,-0.3570697530070924,-0.05399476446299107
P40,11569,1158058.0580580581,pedestrian,13.811696964893093,31.998515077970154,1.2793157447826424,0.2021280217878474,-0.41166832852891877,-0.09977499947173943
P40,11570,1158158.1581581582,pedestrian,13.894268475977167,32.0042229511639,1.2329635079829966,0.17909748898092914,-0.431619571689542,-0.1503611308205775
P40,11571,1158258.2582582582,pedestrian,14.012743077061657,32.00997203058555,1.2026132037805988,0.1523328670628149,-0.3817633055172932,-0.1957905908447832
P40,11572,1158358.3583583585,pedestrian,14.172345247639669,32.006314741397134,1.1877504698384118,0.12267320463549793,-0.29119566946431397,-0.23481117920998631
P40,11573,1158458.4584584585,pedestrian,14.27177596586688,32.00297142971771,1.1709711951842414,0.09333049837105983,-0.24322204446513246,-0.2574535960306569
P40,11574,1158558.5585585586,pedestrian,14.366252829450673,31.99869935671577,1.156137375880951,0.0665471815157068,-0.20632787740260755,-0.2613792574565599
P40,11575,1158658.6586586586,pedestrian,14.461479032157957,31.996471936246362,1.1498999819107691,0.04423216467144525,-0.15041669738723604,-0.24645101743686404
P40,11576,1158758.758758759,pedestrian,14.584242850148916,31.9920962665985,1.1604497311912618,0.02706538554871733,-0.051104572919597635,-0.2173514208441249
P40,11577,1158858.858858859,pedestrian,14.729677245353166,31.99703155821648,1.1878499536092124,0.01637851610558917,0.075004648058687,-0.1744174317047208
P40,11578,1158958.958958959,pedestrian,14.883247691536354,32.01314169353785,1.225348028714002,0.00995923066049088,0.19131822453800235,-0.13160023128518747
P40,11579,1159059.059059059,pedestrian,15.019986554891203,32.025153063312516,1.2643312535783156,0.0007027586265586673,0.268235604452167,-0.11640961254687814
P40,11580,1159159.1591591593,pedestrian,15.15479585849387,32.01977874131106,1.3039900684315682,-0.01848306858234653,0.31791170297635596,-0.14562641802719395
P40,11581,1159259.2592592593,pedestrian,15.302627178434316,31.986654725333555,1.3464851780206224,-0.0500483160533217,0.3593024258801716,-0.21151276695573207
P40,11582,1159359.3593593594,pedestrian,15.48226434149193,31.95542157787591,1.3913301530973268,-0.08743868349058592,0.39373782224885223,-0.2744123215868291
P40,11583,1159459.4594594594,pedestrian,15.656368458188497,31.92710907826411,1.4269740305400658,-0.12578545917398726,0.3791189039773932,-0.3166018337869825
P40,11584,1159559.5595595597,pedestrian,15.772308682921997,31.904443264146465,1.4430572995434818,-0.16254005043284786,0.29431162062863014,-0.33623706539860193
P40,11585,1159659.6596596597,pedestrian,15.89916283161264,31.87317655985592,1.451013978512032,-0.19878510360372853,0.21091075140406307,-0.3462731563129406
P40,11586,1159759.7597597598,pedestrian,16.068355421622872,31.83114924454039,1.4595524524802872,-0.23391738120316188,0.16214487676441974,-0.34809716722567086
P40,11587,1159859.8598598598,pedestrian,16.237993501236556,31.789199540491236,1.461299592594276,-0.26422127733689527,0.10597178433068433,-0.330486657015948
P40,11588,1159959.95995996,pedestrian,16.35293881915157,31.761431791983927,1.446461923510782,-0.28629124700101055,0.007284161353446256,-0.2877785914137835
P40,11589,1160060.0600600601,pedestrian,16.48271885400106,31.731939891299078,1.424178376881908,-0.3023480885377017,-0.08196823503058322,-0.2383296884305057
P40,11590,1160160.1601601602,pedestrian,16.596180127414645,31.69753176029766,1.3973602929787519,-0.31446232049786965,-0.1541570864032986,-0.19278722723674954
P40,11591,1160260.2602602602,pedestrian,16.726019662258736,31.65922055582561,1.3743159221292602,-0.3230436324874196,-0.18368423254682192,-0.15122355700280396
P40,11592,1160360.3603603605,pedestrian,16.864949709312224,31.62303782862743,1.3569152291340716,-0.32679735869254073,-0.17985967730055094,-0.10707276892535646
P40,11593,1160460.4604604605,pedestrian,16.99112898014346,31.58954383254136,1.3428789714198335,-0.32464838476153624,-0.1644713001847776,-0.05716953266948818
P40,11594,1160560.5605605606,pedestrian,17.117513779004828,31.571339961181575,1.3343177776032873,-0.3157143639138953,-0.1338226424045117,-0.0003250176178101749
P40,11595,1160660.6606606606,pedestrian,17.250802525968297,31.547546289590958,1.3337041983275542,-0.304241747618739,-0.08424863641653145,0.04429654447779341
P40,11596,1160760.7607607609,pedestrian,17.404534528719292,31.52167223751756,1.3417133312787548,-0.29202052244886967,-0.02047833627904065,0.07449816575042846
P40,11597,1160860.860860861,pedestrian,17.551501965693998,31.49925992115709,1.3517223377215353,-0.27944607527715987,0.026290847890109922,0.094344604557764
P40,11598,1160960.960960961,pedestrian,17.68987520551943,31.476655096294564,1.3595071392942717,-0.2676476591856499,0.046276566763367166,0.10347634000035441
