4260539372794,20.239048084747395,0.013817497123360913,5.066471760421083e-06,-3.139195328210942,-3.141167451926604,4.433484169082805,1.8570066790228152,0.07206885572415812,3.239715284292688e-05,-0.01381746956360426,2.8058547595356658e-05,-0.07206872629475389,0.00014037527161320682
186,11213,1122422.4224224226,car,19.946702053300196,20.240307752177678,0.01927999050642721,7.193427077998877e-06,-3.1391974550407094,-3.1412075460112767,4.433484169082805,1.8570066790228152,0.06527542801777295,2.8068848452641704e-05,-0.019279952431701004,3.89859546885851e-05,-0.06527530800647838,0.00012827869304776795
186,11214,1122522.5225225226,car,19.951419612470602,20.240476578132693,0.022003946468938503,8.056112556356019e-06,-3.139196609577505,-3.1412439450128518,4.433484169082805,1.8570066790228152,0.05049825967883401,2.051757087072841e-05,-0.022003902609126113,4.4666284305628264e-05,-0.050498163883925314,0.00010047842498608685
186,11215,1122622.6226226226,car,19.95554507697808,20.241374292317985,0.022054142307886035,7.809692010595004e-06,-3.1391953833498345,-3.1412732537852466,4.433484169082805,1.8570066790228152,0.031088095408303464,1.1596356029871573e-05,-0.022054097658314717,4.506001881313862e-05,-0.031088033877759515,6.293017184818853e-05
186,11216,1122722.7227227227,car,19.958091060431506,20.2413157294487,0.020163204220003176,6.797390435729057e-06,-3.1391937417273224,-3.1413031022745854,4.433484169082805,1.8570066790228152,0.011685010998106312,3.1682154828118417e-06,-0.020163162508972637,4.157233251893749e-05,-0.011684984976062017,2.4863078244177084e-05
186,11217,1122822.822822823,car,19.959084356331623,20.241040783121083,0.01742795716621141,5.417877462227558e-06,-3.139192743618967,-3.1413376054933777,4.433484169082805,1.8570066790228152,-0.0034598175547027633,-3.412076258871817e-06,-0.01742791997989011,3.6407626164924624e-05,0.0034598157798485106,-4.8911762434169555e-06
186,11218,1122922.922922923,car,19.958021256953973,20.240902745077733,0.01499759834292573,4.004907674023365e-06,-3.1391908918939797,-3.14137321159549,4.433484169082805,1.8570066790228152,-0.011542519847442895,-7.567472665096715e-06,-0.014997564705253728,3.201572647567441e-05,0.011542504731429752,-2.0154904551413268e-05
186,11219,1123023.023023023,car,19.95894730755217,20.239794220679595,0.013250006414598735,2.6213444149747365e-06,-3.139192023506698,-3.1414233723905407,4.433484169082805,1.8570066790228152,-0.013839247634196876,-9.995577144559634e-06,-0.01324997452743153,2.9186996586493672e-05,0.013839231751912534,-2.322733394512777e-05
186,11220,1123123.123123123,car,19.9588716310017,20.23819630287149,0.012757213689562168,1.3086020470678183e-06,-3.139191916602576,-3.1414811226586083,4.433484169082805,1.8570066790228152,-0.010377709432696468,-1.1206351560579324e-05,-0.012757180067842685,2.931808706268878e-05,0.010377706430025913,-1.3707807678921448e-05
186,11221,1123223.2232232234,car,19.957578108213696,20.235375723777533,0.013970809000604038,7.450267203161428e-09,-3.1391908751486253,-3.1415586163772415,4.433484169082805,1.8570066790228152,-0.0016419843647256186,-1.1902116394713338e-05,-0.013970768722934238,3.354730535726669e-05,0.0016420082150209916,7.95840320942883e-06
186,11222,1123323.3233233234,car,19.958012182231926,20.233881848361772,0.016441557848292387,-1.427692225840059e-06,-3.1391897518101683,3.141537579669329,4.433484169082805,1.8570066790228152,0.00857802945006846,-1.2847435183960315e-05,-0.016441506951455045,4.0935098698698256e-05,-0.008577973814484564,3.3459540489533425e-05
186,11223,1123423.4234234234,car,19.96070436284519,20.23386936697623,0.019086799083912098,-2.9970448744071465e-06,-3.1391928558646596,3.1414429088914595,4.433484169082805,1.8570066790228152,0.01550709771582385,-1.3946275153710075e-05,-0.019086736930928022,4.880144930117824e-05,-0.015507019594724347,5.116009709777663e-05
186,11224,1123523.5235235235,car,19.96505909397231,20.235379135418125,0.020716680132431477,-4.443442857691331e-06,-3.1391986474379165,3.14135199390391,4.433484169082805,1.8570066790228152,0.01580813520906264,-1.4141647337665216e-05,-0.02071661012844386,5.403924243343211e-05,-0.015808056053616272,5.198634360338205e-05
186,11225,1123623.6236236237,car,19.969716583045322,20.237323477038192,0.020548815119213967,-5.379873140636701e-06,-3.139200434542263,3.1412757675589273,4.433484169082805,1.8570066790228152,0.009019925341317313,-1.22833124381952e-05,-0.020548743451944143,5.453707779380975e-05,-0.0090198701477663,3.386089391965598e-05
186,11226,1123723.7237237238,car,19.973906202497936,20.239551963638466,0.01841862637124418,-5.536700843531666e-06,-3.139199261048078,3.141217498624061,4.433484169082805,1.8570066790228152,-0.002743584653242273,-8.122825677836986e-06,-0.01841856036581823,4.961964588412749e-05,0.0027435962362616574,1.556333635260904e-06
186,11227,1123823.8238238238,car,19.976353062469897,20.240860181873376,0.014932563331256163,-4.983183036626071e-06,-3.1391955680758423,3.141170997031858,4.433484169082805,1.8570066790228152,-0.015198790642672867,-2.8225536523291603e-06,-0.014932508484776254,4.077776568798111e-05,0.015198753742320159,-3.3610220445430104e-05
186,11228,1123923.9239239239,car,19.975623478437186,20.24201487721553,0.01123054078403994,-4.116683826004386e-06,-3.1391888497914415,3.1411353032886873,4.433484169082805,1.8570066790228152,-0.02365611268196425,1.6338704957126469e-06,-0.011230498441801262,3.11126625281848e-05,0.023656040408761778,-5.849846453115202e-05
186,11229,1124024.0240240241,car,19.974955653821606,20.242012759188512,0.00785239688293705,-3.1708690581776556e-06,-3.13918896267605,3.1410822616668437,4.433484169082805,1.8570066790228152,-0.027573934049236654,4.66780289454014e-06,-0.007852366576651611,2.204557676107681e-05,0.0275738431719573,-7.094694031632077e-05
186,11230,1124124.1241241242,car,19.975522533802682,20.243471489033066,0.004745293932283636,-2.121516475607824e-06,-3.1391911358214935,3.141037738982695,4.433484169082805,1.8570066790228152,-0.02891954215093237,6.925438397128647e-06,-0.004745275153698191,1.3517407098187586e-05,0.028919442125766772,-7.637614599610141e-05
186,11231,1124224.2242242242,car,19.976525023206307,20.244958965656778,0.0018172914252084181,-9.35720069250772e-07,-3.13919309221252,3.141004404730464,4.433484169082805,1.8570066790228152,-0.02904812442372407,8.835779903370518e-06,-0.0018172839480089184,5.2964155058002315e-06,0.029048019593766017,-7.853844502486235e-05
186,11232,1124324.3243243243,car,19.976644975928934,20.24610574433574,-0.0006593335603113861,1.902417395077899e-07,-3.139193050622026,3.1409807152305618,4.433484169082805,1.8570066790228152,-0.02737616541216947,9.772410712579866e-06,0.0006593312055556506,-1.7723784415146816e-06,0.02737606314505163,-7.546424730312689e-05
186,11233,1124424.4244244245,car,19.97445409491241,20.246950442630794,-0.002135098914797774,8.646660840238926e-07,-3.1391911983958325,3.1409643783317955,4.433484169082805,1.8570066790228152,-0.022471575103494325,8.594172762429943e-06,0.0021350906818019756,-5.992003041107085e-06,0.022471489668383193,-6.255857686123712e-05
186,11234,1124524.5245245246,car,19.97356063082191,20.247893436916794,-0.0027982667238259317,1.1402587266488369e-06,-3.1391920217069105,3.1409506366274655,4.433484169082805,1.8570066790228152,-0.01631950727044196,6.32653151224406e-06,0.0027982559232386317,-7.8578573027039e-06,0.016319445057872837,-4.550360511876621e-05
186,11235,1124624.6246246246,car,19.973591782898747,20.249076255521587,-0.003214846902008447,1.3174361685878775e-06,-3.1391925628658943,3.1409449289299847,4.433484169082805,1.8570066790228152,-0.01159947991674745,4.557558936553428e-06,0.0032148344805905168,-9.03334919450717e-06,0.011599435569191213,-3.239732323181006e-05
186,11236,1124724.7247247247,car,19.97426252439076,20.251240202412998,-0.004121072468424509,1.8142944356883508e-06,-3.139192535761109,3.1409540078028892,4.433484169082805,1.8570066790228152,-0.010610939926298062,4.715200959376699e-06,0.004121056244059835,-1.1705339218429317e-05,0.010610898046777993,-3.0182669023279098e-05
186,11237,1124824.824824825,car,19.97587666319442,20.252906381846174,-0.006301105658762638,3.068493401108446e-06,-3.139190735249481,3.140976180657401,4.433484169082805,1.8570066790228152,-0.014946512888132922,7.748911163725839e-06,0.006301080112301598,-1.8203211243162318e-05,0.01494645116112109,-4.364915772150319e-05
186,11238,1124924.924924925,car,19.977886764076597,20.254616010473594,-0.010129407834635682,5.240060960742668e-06,-3.1391872861211136,3.141011527486288,4.433484169082805,1.8570066790228152,-0.02399153900104202,1.3162771041781936e-05,0.01012936592706305,-2.9604970389134945e-05,0.02399143793476963,-7.087114475174411e-05
186,11239,1125025.025025025,car,19.978188053494833,20.255246497707923,-0.014959883220129661,7.902941980040914e-06,-3.139183944451759,3.1410474027912207,4.433484169082805,1.8570066790228152,-0.033411859110661815,1.8380327874868135e-05,0.014959820786559015,-4.3936891626190185e-05,0.033411717912094026,-9.885964709123676e-05
186,11240,1125125.125125125,car,19.97390548939304,20.253698693077272,-0.01906590718818503,1.0136959084805048e-05,-3.1391929853596383,3.1410531097513776,4.433484169082805,1.8570066790228152,-0.03636523468022016,1.9908977210710747e-05,0.019065827968263484,-5.588873774739534e-05,0.036365082202454,-0.00010717333448225328
186,11241,1125225.2252252253,car,19.968624842147236,20.25194043401289,-0.0210746823885871,1.1208145836906726e-05,-3.139198256558865,3.1410753822828306,4.433484169082805,1.8570066790228152,-0.03003805976756671,1.633424207986793e-05,0.021074595139868316,-6.166922243021292e-05,0.03003793455082642,-8.82571676548761e-05
186,11242,1125325.3253253254,car,19.964084853931034,20.250314177441336,-0.020209380718898818,1.0813153096882807e-05,-3.139199017051299,3.1410915771162897,4.433484169082805,1.8570066790228152,-0.015020455746313846,8.460890837586448e-06,0.02020929694141106,-5.918698803602601e-05,0.015020392464236627,-4.44143439659163e-05
186,11243,1125425.4254254254,car,19.95868920864082,20.25117834521955,-0.01596204658194515,8.80213948174562e-06,-3.1391992126870494,3.141102202553737,4.433484169082805,1.8570066790228152,0.007283762915354746,-2.6233775593635768e-06,0.015961979794820787,-4.7006292974856835e-05,-0.007283735773737453,2.0056609488210107e-05
186,11244,1125525.5255255254,car,19.955465705057694,20.2518317185897,-0.008853952085607523,5.534455117086778e-06,-3.1392001582389417,3.141121961295404,4.433484169082805,1.8570066790228152,0.032024026499838924,-1.427829173180873e-05,0.008853913504312702,-2.671745827013415e-05,-0.032023900685860335,9.089551229017463e-05
186,11245,1125625.6256256257,car,19.955572074494942,20.2522464689626,-0.0002222100043982756,1.7745674038062233e-06,-3.139198974845967,3.1411436969270228,4.433484169082805,1.8570066790228152,0.05306873733613883,-2.331740151044045e-05,0.000222205120060261,-2.3064611761977814e-06,-0.05306852948797917,0.00015034672192610192
186,11246,1125725.7257257258,car,19.95806021623671,20.25270102468813,0.008502931055226036,-1.7094690675713665e-06,-3.1391966656866543,3.141171096763015,4.433484169082805,1.8570066790228152,0.06630553841105274,-2.7777413690679415e-05,-0.008502902552739548,2.20823646176335e-05,-0.0663052815348342,0.00018664444989995892
186,11247,1125825.8258258258,car,19.961704521719987,20.253944479345968,0.01632856097079945,-4.39226488616423e-06,-3.1391960195921773,3.141208827907239,4.433484169082805,1.8570066790228152,0.07091477833482095,-2.7398393010176612e-05,-0.016328503549741268,4.352579916374237e-05,-0.07091450900897614,0.00019735492031353952
186,11248,1125925.9259259258,car,19.965239734289817,20.254599859561527,0.022961045213258275,-6.092131534286908e-06,-3.1391944032701544,3.1412545874103146,4.433484169082805,1.8570066790228152,0.06910708703808713,-2.3354327508586217e-05,-0.022960964571420946,6.115839524985265e-05,-0.06910683229039297,0.00018909019504988916
186,11249,1126026.026026026,car,19.968293083807115,20.25610624775575,0.028715671142565534,-6.875506286972347e-06,-3.139194745528478,3.1413082914830857,4.433484169082805,1.8570066790228152,0.06459650769439276,-1.7325760844996944e-05,-0.02871557209876463,7.573295985083447e-05,-0.0645962804351731,0.000172222049125512
186,11250,1126126.1261261262,car,19.970163191724414,20.258107699855156,0.034341519493034524,-6.93393938500044e-06,-3.139196953030201,3.1413749033315383,4.433484169082805,1.8570066790228152,0.06133761122429626,-1.0826040369920568e-05,-0.0343414043319199,8.920583825508772e-05,-0.06133740926848881,0.00015777241827297274
186,11251,1126226.2262262262,car,19.970433107312317,20.259099080661855,0.040439358061231744,-6.425649535519557e-06,-3.139204003038943,3.141445854584156,4.433484169082805,1.8570066790228152,0.061174476248860646,-4.651716477460348e-06,-0.04043922734622883,0.0001030210342565749,-0.06117429061750938,0.00015077601064091326
186,11252,1126326.3263263262,car,19.973697520445672,20.259319812850492,0.04614435893610922,-5.324899289293193e-06,-3.1392034256113717,3.1415031216268896,4.433484169082805,1.8570066790228152,0.05955109362288843,1.4233590235049696e-06,-0.04614421450831794,0.00011557417261599213,-0.05955092705265617,0.00014085764870197716
186,11253,1126426.4264264265,car,19.981287436355732,20.25947816205019,0.049413068590667804,-3.6097368402172827e-06,-3.139193748143702,3.141573526242285,4.433484169082805,1.8570066790228152,0.04910904484709057,7.5228550062708575e-06,-0.04941291775146443,0.00012214689211192159,-0.04910892158868628,0.00011028500878334876
186,11254,1126526.5265265265,car,19.99253313309373,20.25933676428142,0.04808391923513371,-1.6565068559886096e-06,-3.1391773375967564,-3.1415158591509593,4.433484169082805,1.8570066790228152,0.024888562091685863,1.2177676050787033e-05,-0.04808377497940399,0.00011779424824080912,-0.02488851890778698,4.793604308561423e-05
186,11255,1126626.6266266266,car,20.002078071499287,20.258975256538253,0.041414812354326,-3.4539920964396707e-07,-3.139171311273834,-3.141406783972156,4.433484169082805,1.8570066790228152,-0.01063933328586604,1.253495823747377e-05,-0.0414146901126335,0.00010062473787016563,0.010639271745819955,-3.829636421775344e-05
186,11256,1126726.7267267266,car,20.00877174580131,20.258898354778523,0.02994142732434156,-5.599742090973288e-07,-3.139170963258998,-3.1413241018594587,4.433484169082805,1.8570066790228152,-0.051007207648155195,6.836327714646507e-06,-0.02994133817129298,7.306876673629086e-05,0.05100704152474733,-0.00013035984849517308
186,11257,1126826.826826827,car,20.012283960414557,20.257926420716114,0.01521072009580731,-2.5562401751278697e-06,-3.1391748859347666,-3.1412536241060556,4.433484169082805,1.8570066790228152,-0.08833633303479649,-3.5600423523160967e-06,-0.01521066945754418,3.9332183931448755e-05,0.08833608345281577,-0.00021001648874752408
186,11258,1126926.926926927,car,20.011608610253028,20.255802950584073,-0.0003381968783058029,-5.878688088021431e-06,-3.139187257880788,-3.141201471246494,4.433484169082805,1.8570066790228152,-0.114346586429021,-1.5063711804531795e-05,0.0003382100404722588,5.0651745457920255e-06,0.11434629186274567,-0.00025998485487462876
186,11259,1127027.027027027,car,20.00692084470669,20.25388964091878,-0.013842733266506795,-9.484285365860481e-06,-3.1391986752046104,-3.1411459557952846,4.433484169082805,1.8570066790228152,-0.1223300052065545,-2.3199499597654322e-05,0.0138427163044089,-2.3654914389657586e-05,0.12232971020103463,-0.0002696556754737228
186,11260,1127127.127127127,car,19.997970583070273,20.252882528333068,-0.022589633047638915,-1.1967675827430346e-05,-3.1392075984222725,-3.1410942777109914,4.433484169082805,1.8570066790228152,-0.10876202438121291,-2.382438034377357e-05,0.02258959734077941,-4.190982816395461e-05,0.10876177185802359,-0.00023557886976349244
186,11261,1127227.2272272273,car,19.989506423481377,20.251564714722253,-0.025424506959159574,-1.2361362525133577e-05,-3.139211202209843,-3.141021165411251,4.433484169082805,1.8570066790228152,-0.07753232110413927,-1.610196027819305e-05,0.025424464302010803,-4.8185842479517064e-05,0.07753213959530228,-0.00016853736394101992
186,11262,1127327.3273273273,car,19.983601893207375,20.25055992889267,-0.022834516453149843,-1.0309882150645035e-05,-3.1392084842303474,-3.140967761743659,4.433484169082805,1.8570066790228152,-0.03738707883021024,-1.8942677280842015e-06,0.02283447613495782,-4.413145004026065e-05,0.03738697708750694,-8.724278099538263e-05
186,11263,1127427.4274274274,car,19.981518293493764,20.24918912261233,-0.0165516104868002,-6.38525212786395e-06,-3.1392008615300924,-3.140928533178393,4.433484169082805,1.8570066790228152,0.0014952508803343853,1.4062420564943831e-05,0.016551578415858914,-3.320273892870048e-05,-0.0014952802377723319,-1.0486054568721745e-05
186,11264,1127527.5275275274,car,19.981977407063273,20.24774016550195,-0.008713373582249554,-1.6537525172707208e-06,-3.1391947483061697,-3.1408957931428105,4.433484169082805,1.8570066790228152,0.03131456096356141,2.6953636001817032e-05,0.008713352497069534,-1.9240076765198645e-05,-0.03131453556723281,4.813572071806768e-05
186,11265,1127627.6276276277,car,19.98504185771548,20.247367328574875,-0.001527308512629615,2.5639316889318513e-06,-3.139193019622382,-3.1408679015189502,4.433484169082805,1.8570066790228152,0.047027794293914946,3.284733823432836e-05,0.0015272979628331474,-6.228902175378581e-06,-0.04702773771675501,8.000214063477167e-05
186,11266,1127727.7277277277,car,19.99006637442043,20.24628078098899,0.003303655357008034,5.131525085877885e-06,-3.1391886781992717,-3.1408433206561246,4.433484169082805,1.8570066790228152,0.047506687159914525,3.0053229414297047e-05,-0.00330365814698727,2.8103882694128438e-06,-0.04750662213424223,8.415165424338756e-05
186,11267,1127827.8278278278,car,19.99354001507108,20.246082895714565,0.005382984150315191,5.7606373682470985e-06,-3.139189549518397,-3.1408213578063395,4.433484169082805,1.8570066790228152,0.037127722213287764,2.0825669368524948e-05,-0.005382982450598173,7.17523794263092e-06,-0.037127665054930155,6.839608530245221e-05
186,11268,1127927.9279279278,car,19.994870039873735,20.245977084662716,0.005231590486097764,4.812770186392881e-06,-3.1391914726979766,-3.1408054480110774,4.433484169082805,1.8570066790228152,0.02212653190528198,9.064352248696876e-06,-0.005231586960614404,7.749226725667432e-06,-0.022126489883304117,4.406542844065175e-05
186,11269,1128028.028028028,car,19.994886126396263,20.247291341027243,0.003670849034998663,2.875017928825771e-06,-3.139191327667538,-3.140780073315951,4.433484169082805,1.8570066790228152,0.007483212563285352,-1.970060069087638e-06,-0.0036708453551223207,5.9398868331426646e-06,-0.007483186257072014,1.9939669429102537e-05
186,11270,1128128.1281281281,car,19.993870565300092,20.248214104798578,0.0014906223114991212,5.025910626126958e-07,-3.1391924439760217,-3.1407488615912293,4.433484169082805,1.8570066790228152,-0.0038777695623668437,-1.040644485802346e-05,-0.0014906192240817428,3.0752129523714885e-06,0.003877783370069991,1.0989640353773702e-06
186,11271,1128228.2282282282,car,19.992741673076196,20.249542675302507,-0.0008859223987283012,-2.04520822433824e-06,-3.1391929869139306,-3.1407071688696977,4.433484169082805,1.8570066790228152,-0.011589498547640869,-1.624775213601814e-05,0.0008859247557949969,-8.071408153696941e-08,0.011589504168323703,-1.1563201408148413e-05
186,11272,1128328.3283283284,car,19.992464886912803,20.251654499465644,-0.0034900378681853397,-4.904081570143629e-06,-3.1391927429560833,-3.140649165472182,4.433484169082805,1.8570066790228152,-0.01718992774538747,-2.102776900076855e-05,0.0034900395869758407,-3.47170350431434e-06,0.01718992870682412,-2.0226542342369974e-05
186,11273,1128428.4284284285,car,19.992362572066384,20.253292921338215,-0.0064535627096650415,-8.317945968123883e-06,-3.139191870616427,-3.140578531498344,4.433484169082805,1.8570066790228152,-0.022010045790905992,-2.6104525591151926e-05,0.006453564080848141,-7.175666590537054e-06,0.022010045031878325,-2.673684205595158e-05
186,11274,1128528.5285285288,car,19.992280534696587,20.254308231711967,-0.009855632910564415,-1.2488532991608532e-05,-3.1391904393861823,-3.1404988447205593,4.433484169082805,1.8570066790228152,-0.02665971232305172,-3.214521469454702e-05,0.009855634474059924,-1.118682163480056e-05,0.026659712620996846,-3.18971560670229e-05
186,11275,1128628.6286286288,car,19.991642764867745,20.25559046544225,-0.013526651447081683,-1.733125970496538e-05,-3.1391893943838225,-3.1404093582620662,4.433484169082805,1.8570066790228152,-0.03054733651879448,-3.844756426140751e-05,0.013526654035935072,-1.5176808668317315e-05,0.030547340702775188,-3.496564380698243e-05
186,11276,1128728.7287287288,car,19.99004198427357,20.256272409505236,-0.016981326518678543,-2.230742626329213e-05,-3.1391898012801622,-3.1403147522890595,4.433484169082805,1.8570066790228152,-0.03208660950121385,-4.2820697520432784e-05,0.016981331097565416,-1.849621851624027e-05,0.032086619763755195,-3.427873565322115e-05
186,11277,1128828.8288288289,car,19.987047630197168,20.256224322275305,-0.01946049916658983,-2.637817321367938e-05,-3.1391932219310705,-3.1402211735871086,4.433484169082805,1.8570066790228152,-0.029244906031237753,-4.19844792245313e-05,0.019460506439483632,-2.031599570917812e-05,0.029244922584626624,-2.81867276887858e-05
186,11278,1128928.9289289291,car,19.98223488871921,20.254682824624545,-0.020234501019380464,-2.8365235625278244e-05,-3.1392032774628524,-3.140141976736058,4.433484169082805,1.8570066790228152,-0.02089309937630151,-3.33915447870908e-05,0.020234511033980506,-1.99826330172891e-05,0.020893119520626176,-1.6529975897287762e-05
186,11279,1129029.0290290292,car,19.97900055483541,20.25324334249982,-0.019475994664800256,-2.831836420734721e-05,-3.1392016241941225,-3.1400548303130664,4.433484169082805,1.8570066790228152,-0.009840020834995218,-2.0246222521098047e-05,0.019476006702462714,-1.824934812303879e-05,0.009840041116470006,-3.281592005275383e-06
186,11280,1129129.1291291292,car,19.977343933115588,20.252195025046586,-0.017884276597825956,-2.710597156822757e-05,-3.139196984173207,-3.1399732676355567,4.433484169082805,1.8570066790228152,0.00015346924453630596,-7.683927741294316e-06,0.017884290213729618,-1.573887971593481e-05,-0.00015345039600563954,8.05156691522286e-06
186,11281,1129229.2292292293,car,19.9768087359123,20.250926071187465,-0.01631392265156132,-2.5983920293493574e-05,-3.139192449428528,-3.1398972932797466,4.433484169082805,1.8570066790228152,0.006184347010402923,-3.490487188542923e-07,0.01631393802614643,-1.3172861990867372e-05,-0.006184328358674324,1.5192728890131799e-05
186,11282,1129329.3293293295,car,19.97701956960877,20.250222562903783,-0.01550218174869579,-2.6160528385484597e-05,-3.139189563066099,-3.139825046535715,4.433484169082805,1.8570066790228152,0.00693166461172231,-8.984948052873115e-07,0.015502199853433547,-1.1092657352665832e-05,-0.006931642437928545,1.7555893720484002e-05
186,11283,1129429.4294294296,car,19.976838472977565,20.249725907390573,-0.015785450294031632,-2.8254738115343857e-05,-3.1391894316737012,-3.1397572972125447,4.433484169082805,1.8570066790228152,0.003141969200011979,-8.67185434377611e-06,0.01578547261215275,-9.68124706255089e-06,-0.0031419392864628034,1.622267127461272e-05
186,11284,1129529.5295295296,car,19.976357083048427,20.24982769900076,-0.017178263097995316,-3.2348678991398916e-05,-3.1391892482236567,-3.1396878266478137,4.433484169082805,1.8570066790228152,-0.0034797150433135077,-2.1183132076661413e-05,0.01717829123103984,-8.937704400526514e-06,0.0034797559048838455,1.2819913139731657e-05
186,11285,1129629.6296296297,car,19.97544189400598,20.249078336533316,-0.019284023988366178,-3.772881243862081e-05,-3.139188868948892,-3.139621662598864,4.433484169082805,1.8570066790228152,-0.010295772342488487,-3.38255478494314e-05,0.019284058966958877,-8.625892600380537e-06,0.010295823906340892,9.076654535175984e-06
186,11286,1129729.72972973,car,19.971827930379103,20.24768504559134,-0.021060250358543732,-4.2333895429337255e-05,-3.1391962875333923,-3.1395749884264785,4.433484169082805,1.8570066790228152,-0.01318757833727416,-3.8553867731199254e-05,0.021060291336001756,-8.13424691908411e-06,0.013187632861086141,6.95152218489541e-06
186,11287,1129829.82982983,car,19.9680564166467,20.24790960884913,-0.021688151181985606,-4.4485058028704805e-05,-3.1391972403678716,-3.1395120661622986,4.433484169082805,1.8570066790228152,-0.010503039558121818,-3.19292390681188e-05,0.021688195518655053,-7.467104015794582e-06,0.01050308590854037,6.770051695729953e-06
186,11288,1129929.92992993,car,19.964166381562244,20.24922977399913,-0.020504548378143285,-4.26575588166875e-05,-3.1391976040075895,-3.1394398444593943,4.433484169082805,1.8570066790228152,-0.001834980716370508,-1.2445640306532419e-05,0.02050459173530616,-6.451926606348579e-06,0.0018350052613046056,8.050739014411108e-06
186,11289,1130030.03003003,car,19.959241904925015,20.251206390785956,-0.0170162687819037,-3.5540706210003584e-05,-3.1392006164622703,-3.1393557180671343,4.433484169082805,1.8570066790228152,0.012406349727407446,1.9988099583459174e-05,0.017016305114337167,-5.162903350786395e-06,-0.012406362046070978,9.688378465227005e-06
186,11290,1130130.1301301303,car,19.957541516848632,20.25300256864859,-0.011682230958564452,-2.3820124458785555e-05,-3.1391985170756214,-3.1392575077839755,4.433484169082805,1.8570066790228152,0.028277381883604277,5.768524756893342e-05,0.01168225450652635,-4.148772794174402e-06,-0.028277438948452333,1.0014765571724168e-05
186,11291,1130230.2302302304,car,19.95539653336762,20.254203533119863,-0.0048776873581655045,-8.030175651475006e-06,-3.139201227663548,-3.1391419000014036,4.433484169082805,1.8570066790228152,0.04369004109477302,9.65299314141545e-05,0.004877692614177174,-3.6344642007360194e-06,-0.043690147008912814,7.951742015033583e-06
186,11292,1130330.3303303304,car,19.955515916111636,20.255092428101875,0.0023825132435071755,9.632378019191821e-06,-3.1391991765965757,-3.1390228247753784,4.433484169082805,1.8570066790228152,0.05488629236071885,0.00012755672562150353,-0.002382529473973531,-3.929865238849692e-06,-0.054886440450157586,3.812592326198381e-06
186,11293,1130430.4304304305,car,19.958188853294306,20.255362107911125,0.008748127787709073,2.5801785800046264e-05,-3.13919151343154,-3.1388901800566185,4.433484169082805,1.8570066790228152,0.058266282714487125,0.00014074703104626147,-0.008748164522813781,-4.796250664137602e-06,-0.05826645270122071,-8.412484487684902e-07
186,11294,1130530.5305305307,car,19.961717921831934,20.25467109746588,0.013144694087009554,3.741294199017594e-05,-3.1391858801192463,-3.138749742476817,4.433484169082805,1.8570066790228152,0.052697311487955124,0.0001311377717283169,-0.013144746060712252,-5.776563167341747e-06,-0.05269747448050327,-4.307023104001891e-06
186,11295,1130630.6306306308,car,19.96578771688807,20.252709078916975,0.014868561705988057,4.205595740071609e-05,-3.1391805840876454,-3.1386237599826297,4.433484169082805,1.8570066790228152,0.03892458009809434,9.823386821686969e-05,-0.014868619894567475,-6.191865603104984e-06,-0.03892470381169054,-4.344880954315679e-06
186,11296,1130730.7307307308,car,19.9696785144932,20.251928666112946,0.013798517664436665,3.8858491738885355e-05,-3.139178863303046,-3.1385062045552594,4.433484169082805,1.8570066790228152,0.01966290654630127,4.769567259231298e-05,-0.01379857126288686,-5.551682969729472e-06,-0.0196629643917509,-2.3344690381389168e-07
186,11297,1130830.8308308308,car,19.97197929464408,20.25074037093709,0.010623966112449769,2.944109765931566e-05,-3.1391815393289386,-3.1384032877196995,4.433484169082805,1.8570066790228152,-0.0002829633242280097,-7.345537853905285e-06,-0.010624006217181722,-3.82544070054638e-06,0.00028298021264264276,6.663260257078113e-06
186,11298,1130930.9309309311,car,19.972004685124755,20.24846708901631,0.006694856463898917,1.7740998201595213e-05,-3.1391896784791125,-3.1383190991298,4.433484169082805,1.8570066790228152,-0.015411763102923696,-4.987144514240494e-05,-0.006694879766025009,-1.653389010841256e-06,0.01541183844668116,1.283725364927062e-05
186,11299,1131031.0310310312,car,19.96904450812404,20.245422315588304,0.00360384443929726,8.794972885690482e-06,-3.139205012246146,-3.1382591705734364,4.433484169082805,1.8570066790228152,-0.021416660777510158,-6.520620214415113e-05,-0.0036038551660686822,-1.9026801267809912e-07,0.02141675542003151,1.40707601498199e-05
186,11300,1131131.1311311312,car,19.967427094435177,20.24278875123903,0.002100347088681684,5.077653278935395e-06,-3.1392014308392584,-3.1381783551642917,4.433484169082805,1.8570066790228152,-0.018933273410712145,-5.4308569587813495e-05,-0.0021003532256371423,-5.5245805891492805e-08,0.018933349144781546,9.03478334474902e-06
186,11301,1131231.2312312312,car,19.964783606372478,20.24133503406642,0.002727946097703774,8.532600860429272e-06,-3.1392021160162953,-3.1381238286976227,4.433484169082805,1.8570066790228152,-0.009148765283871454,-1.982479192544672e-05,-0.0027279587005353016,-2.011325046041624e-06,0.009148786534661998,-2.0457110523946865e-06
186,11302,1131331.3313313315,car,19.964095650990885,20.241390681622523,0.005159907333975356,1.8147175897309702e-05,-3.139199084190191,-3.138062906839546,4.433484169082805,1.8570066790228152,0.003835158050202063,2.516090567045831e-05,-0.005159935989461169,-5.79653940689574e-06,-0.003835207288378885,-1.5981125408645404e-05
186,11303,1131431.4314314316,car,19.96511447698697,20.240409144460244,0.00865211685901476,3.140872413880039e-05,-3.139194794038364,-3.1380061147366045,4.433484169082805,1.8570066790228152,0.015890423086474564,6.682630750842913e-05,-0.008652167298993893,-1.066209267370972e-05,-0.015890537643618072,-2.8723149131398226e-05
186,11304,1131531.5315315316,car,19.96699625610378,20.238433425541164,0.012452316715144943,4.567998171784495e-05,-3.139191653989961,-3.13796011027048,4.433484169082805,1.8570066790228152,0.024460004727302777,9.623208474195503e-05,-0.012452390500122671,-1.578187132589707e-05,-0.024460165276805255,-3.750340222690692e-05
186,11305,1131631.6316316316,car,19.969630531705832,20.23591268539958,0.01590512737426071,5.8590536411467246e-05,-3.1391894765189945,-3.1379312162742727,4.433484169082805,1.8570066790228152,0.028355320071445117,0.00010894436433126892,-0.015905222249457725,-2.036756660092715e-05,-0.028355500004157496,-4.080126029997963e-05
186,11306,1131731.731731732,car,19.971976395506324,20.23357030566706,0.018605080879358478,6.864798240640004e-05,-3.139190701708215,-3.137921043078116,4.433484169082805,1.8570066790228152,0.027818484241355565,0.00010565588636685355,-0.01860519209855207,-2.3959318324264313e-05,-0.027818657773901443,-3.883698526699079e-05
186,11307,1131831.831831832,car,19.974673243765306,20.232072143586848,0.020090710709122966,7.417072639349359e-05,-3.139191736347027,-3.1379211649431507,4.433484169082805,1.8570066790228152,0.022780431699980078,8.605670521084598e-05,-0.02009083088127297,-2.5934425199714393e-05,-0.022780572657039186,-3.1362578458338476e-05
186,11308,1131931.931931932,car,19.97830072688361,20.23197014984331,0.019779747712000154,7.30543364903422e-05,-3.1391932382604293,-3.1379220221195845,4.433484169082805,1.8570066790228152,0.012730389318393025,4.831726822402855e-05,-0.019779866061632467,-2.55943418645549e-05,-0.012730468605833404,-1.7771667168208134e-05
186,11309,1132032.032032032,car,19.982112028416598,20.231267390618466,0.01727813928707795,6.388620379820908e-05,-3.139194242762804,-3.1379280373003082,4.433484169082805,1.8570066790228152,-0.0019141407058127537,-5.99852805483752e-06,-0.01727824281715388,-2.244598344304982e-05,0.0019141495873091442,1.4076194101776158e-06
186,11310,1132132.1321321323,car,19.985287724853375,20.22894688490746,0.012587909528935523,4.672653122954132e-05,-3.13919618482964,-3.1379509350890915,4.433484169082805,1.8570066790228152,-0.01936159888750324,-7.02217841376944e-05,-0.012587985360942302,-1.6559893985887785e-05,0.019361711574244305,2.3822160025719838e-05
186,11311,1132232.2322322323,car,19.987042992672436,20.227921855040286,0.006168131591023307,2.3346047806356357e-05,-3.1391978260606686,-3.1379800808291605,4.433484169082805,1.8570066790228152,-0.036743340973204794,-0.00013363855237088145,-0.006168169813005561,-8.57438364151241e-06,0.036743555649049145,4.5644288785036925e-05
186,11312,1132332.3323323324,car,19.98716161834151,20.22838643637078,-0.0011853743544359679,-3.2943121768706703e-06,-3.13919649342875,-3.1380040802511258,4.433484169082805,1.8570066790228152,-0.050998371807946974,-0.00018507825002978228,0.0011853788451667109,4.539586335830348e-07,0.05099866887901655,6.287756884178561e-05
186,11313,1132432.4324324324,car,19.985598455981133,20.22959750596005,-0.008536394466166225,-2.9795603322690552e-05,-3.139193405417554,-3.138019692971371,4.433484169082805,1.8570066790228152,-0.05970955795493497,-0.00021600824684232009,0.00853644138374072,9.314608394054373e-06,0.059709904356106965,7.274971478150608e-05
186,11314,1132532.5325325327,car,19.983000487991294,20.22995797545799,-0.015076360812411607,-5.3263025371833935e-05,-3.139193188860866,-3.1380374909386197,4.433484169082805,1.8570066790228152,-0.06189322685603477,-0.0002231637953252183,0.015076445214507087,1.7087710745540494e-05,0.061893584156271046,7.465268060647659e-05
186,11315,1132632.6326326327,car,19.97987746173556,20.230214908817516,-0.02022640150649584,-7.167261755178251e-05,-3.1391934616626447,-3.1380548433077107,4.433484169082805,1.8570066790228152,-0.057838448150641736,-0.00020792507753874636,0.020226515249907855,2.3145438618628935e-05,0.057838780539831366,6.915907436135375e-05
186,11316,1132732.7327327328,car,19.976741691776017,20.23177894697906,-0.023620045505366366,-8.379796741808875e-05,-3.139193226341366,-3.1380615824941316,4.433484169082805,1.8570066790228152,-0.048545841693554505,-0.00017422966054293342,0.023620178579065714,2.7123199782187956e-05,0.04854611999931466,5.77470554134092e-05
186,11317,1132832.8328328328,car,19.973331771381524,20.234430429908492,-0.024891428659287854,-8.84061548933809e-05,-3.1391927532516153,-3.138048792730503,4.433484169082805,1.8570066790228152,-0.03462991236202993,-0.00012446119799708794,0.024891569143718695,2.8669009590455925e-05,0.034630111330397534,4.135258096742614e-05
186,11318,1132932.932932933,car,19.968728428049506,20.235978376483178,-0.023585524642934966,-8.386756938594364e-05,-3.1391927303657314,-3.138023214028734,4.433484169082805,1.8570066790228152,-0.01612079049457145,-5.85394182035305e-05,0.02358565799653675,2.7263933856469638e-05,0.01612088455966192,1.985062726144276e-05
186,11319,1133033.0330330331,car,19.964177197838882,20.236736083584063,-0.01970659468575528,-7.010639141312729e-05,-3.1391939604666335,-3.137995129458485,4.433484169082805,1.8570066790228152,0.005181790719343691,1.755856525377556e-05,0.01970670615614047,2.2836161902877338e-05,-0.005181817929611188,-5.1290008953962495e-06
186,11320,1133133.1331331332,car,19.962199218165225,20.236985122963734,-0.0141468393325,-5.022192568612681e-05,-3.1391934104457677,-3.137965692688134,4.433484169082805,1.8570066790228152,0.02473302233584691,8.786172446013484e-05,0.014146919109810571,1.6280106423612097e-05,-0.024733161951133845,-2.852099423872298e-05
186,11321,1133233.2332332332,car,19.96305943589579,20.23737830719294,-0.008155862695363031,-2.8654465729824576e-05,-3.1391919163777464,-3.137929606318204,4.433484169082805,1.8570066790228152,0.03836636442069291,0.0001373985440435093,0.008155907983833388,9.074318893617863e-06,-0.03836658371520482,-4.529067781460964e-05
186,11322,1133333.3333333335,car,19.96421114718282,20.23723473525306,-0.002455270105530322,-7.989217649020513e-06,-3.1391906786439754,-3.1378897655555966,4.433484169082805,1.8570066790228152,0.04558063478190345,0.0001642046405001108,0.002455282212595551,2.0917029944193163e-06,-0.04558089770865653,-5.472072932896025e-05
186,11323,1133433.4334334335,car,19.964647987944513,20.236068327332198,0.0027597991916338254,1.1069650612958369e-05,-3.1391909899534567,-3.1378595322915315,4.433484169082805,1.8570066790228152,0.04811106966961997,0.0001743736753383218,-0.002759817817944821,-4.441515697836192e-06,-0.04811134970415766,-5.882667699367573e-05
186,11324,1133533.5335335336,car,19.96475340386558,20.235584158734817,0.00735215041775822,2.800292638764959e-05,-3.139191788521907,-3.137833598133352,4.433484169082805,1.8570066790228152,0.0472439696002454,0.00017235090970935016,-0.0073521964594913565,-1.0351341526944938e-05,-0.047244247230455505,-5.892412566739547e-05
186,11325,1133633.6336336336,car,19.966222030588025,20.23604934879923,0.010758707542802608,4.0662952860054245e-05,-3.1391912893695215,-3.137802133244813,4.433484169082805,1.8570066790228152,0.04211451974611696,0.00015454007364108858,-0.010758774168970628,-1.4827285098328658e-05,-0.04211476942507767,-5.3407424384896256e-05
186,11326,1133733.7337337339,car,19.969241123023643,20.237676573720147,0.01217596546972977,4.5926320263716053e-05,-3.139191288467702,-3.137759271063057,4.433484169082805,1.8570066790228152,0.0312611709010759,0.00011495671118101351,-0.012176040648820382,-1.6687277139984282e-05,-0.0312613568192686,-3.988696640022057e-05
186,11327,1133833.833833834,car,19.973752886586364,20.24014734240678,0.01100304525779471,4.133907281600547e-05,-3.1391906068863125,-3.1376984422376992,4.433484169082805,1.8570066790228152,0.014575653379002476,5.2536109899958166e-05,-0.011003112813256747,-1.4909150382571551e-05,-0.014575737523581782,-1.752459185603638e-05
186,11328,1133933.933933934,car,19.97593703942678,20.24176081960603,0.007746228348232232,2.864308756103037e-05,-3.139188953383989,-3.137631030266639,4.433484169082805,1.8570066790228152,-0.0037142596886353546,-1.7099978395533272e-05,-0.007746274819591167,-1.0023412069545073e-05,0.0037142900617447377,8.171970814956857e-06
186,11329,1134034.034034034,car,19.975996012112393,20.24286432924823,0.003538795409531904,1.212560532986778e-05,-3.139188776982713,-3.137552081836039,4.433484169082805,1.8570066790228152,-0.01859038248680322,-7.452266920406619e-05,-0.0035388143332859374,-3.6187509859745804e-06,0.018590507916554238,2.983351134839563e-05
186,11330,1134134.1341341343,car,19.97396856563451,20.241462370361614,-0.00025905848085412567,-2.827321852009275e-06,-3.1391953776875856,-3.137483729221003,4.433484169082805,1.8570066790228152,-0.026102665410528598,-0.00010358428906797902,0.00025906451432282927,2.2062796692266497e-06,0.02610283872532838,4.100876058612316e-05
186,11331,1134234.2342342343,car,19.970668721937166,20.238193820817127,-0.0026375110540396984,-1.2058619932891062e-05,-3.1392032163867665,-3.13743286805617,4.433484169082805,1.8570066790228152,-0.02519346461040113,-9.917261190768832e-05,0.00263753233801476,5.7564244701281625e-06,0.02519362965702703,3.89741844687214e-05
186,11332,1134334.3343343344,car,19.967790580334324,20.23403589796292,-0.003515435145634745,-1.5164673192336325e-05,-3.1392040528073286,-3.1374024745238835,4.433484169082805,1.8570066790228152,-0.01881759327296156,-7.271752973447666e-05,0.003515461339449405,6.767666777119776e-06,0.018817713284893126,2.7769647017758657e-05
186,11333,1134434.4344344344,car,19.967621618954052,20.23074576779511,-0.003984040474895104,-1.6653520369937473e-05,-3.139197059857027,-3.1373907802052172,4.433484169082805,1.8570066790228152,-0.01332951300273116,-5.0260883922484954e-05,0.003984068937987589,7.10933931978816e-06,0.013329595159126122,1.832867243441147e-05
186,11334,1134534.5345345347,car,19.97115981770301,20.22802455065185,-0.005658499738632636,-2.3255291563261158e-05,-3.139190395138781,-3.137397376684312,4.433484169082805,1.8570066790228152,-0.014648842182333992,-5.635249749883517e-05,0.0056585392766431,9.662058718782185e-06,0.014648935287383763,2.1162063814366672e-05
186,11335,1134634.6346346347,car,19.97437894795944,20.226424145183586,-0.009090456092283624,-3.720603844121934e-05,-3.1391922605448306,-3.1374170494772047,4.433484169082805,1.8570066790228152,-0.022272245273722513,-8.858143384903036e-05,0.009090519212236992,1.5385284628021052e-05,0.022272393738729163,3.5119087340765026e-05
186,11336,1134734.7347347348,car,19.973776254657693,20.22444466178382,-0.0132617938744503,-5.4159494760939637e-05,-3.139194825396594,-3.137451821534331,4.433484169082805,1.8570066790228152,-0.02980364505100516,-0.00011994389591226861,0.013261885614634884,2.2359866291574676e-05,0.029803846976404418,4.847959921684678e-05
186,11337,1134834.8348348348,car,19.96907681862709,20.222486101394644,-0.016436034601125082,-6.687682563305021e-05,-3.1391937836962014,-3.137498752217106,4.433484169082805,1.8570066790228152,-0.03054400374086405,-0.0001227011849073884,0.01643614773858606,2.744876244969968e-05,0.030544210200895133,4.9429811131147645e-05
186,11338,1134934.934934935,car,19.963869248564386,20.22041670279603,-0.017536952573036217,-7.101078912380169e-05,-3.1391903050684986,-3.1375634610507803,4.433484169082805,1.8570066790228152,-0.022955761921381337,-9.10982951770751e-05,0.017537072560242763,2.888075265439387e-05,0.022955914529010732,3.5950344638846093e-05
186,11339,1135035.035035035,car,19.959929146389534,20.22018115388249,-0.016457785292142348,-6.631575566118962e-05,-3.1391867589998395,-3.1376298123690125,4.433484169082805,1.8570066790228152,-0.00985824885764153,-3.752216442286501e-05,0.016457897209193065,2.67199053344048e-05,0.009858310600547811,1.3804171115755383e-05
186,11340,1135135.1351351351,car,19.958844688275477,20.220604631594078,-0.013869314634046576,-5.5653278765284786e-05,-3.1391911483980484,-3.1376983807403085,4.433484169082805,1.8570066790228152,0.004008121892810905,1.8398331891689176e-05,0.01386940829183102,2.2345919198256902e-05,-0.004008154518588774,-8.77276255539913e-06
186,11341,1135235.2352352352,car,19.95697093198485,20.22125497515385,-0.01022580963618413,-4.09613507875241e-05,-3.1391885545493516,-3.1377637731359025,4.433484169082805,1.8570066790228152,0.016583021682177183,6.823673797872262e-05,0.01022587856023155,1.6377396962675597e-05,-0.016583137807538034,-2.8369352674774095e-05
186,11342,1135335.3353353355,car,19.956498076604827,20.22292668249064,-0.006455719166085018,-2.5914345631447626e-05,-3.1391897349371547,-3.1378183260183636,4.433484169082805,1.8570066790228152,0.02476694087517311,0.00010010360492266953,0.00645576279837905,1.0401717744455704e-05,-0.024767109913413653,-4.059042899650076e-05
186,11343,1135435.4354354355,car,19.95831765072698,20.226029383857718,-0.0038598021241773054,-1.54571009207686e-05,-3.13919803798872,-3.1378594345915185,4.433484169082805,1.8570066790228152,0.025219719814279673,0.000101797937100195,0.003859828071554677,6.2143230535116575e-06,-0.025219891273754225,-4.140616843033297e-05
186,11344,1135535.5355355355,car,19.962533523101047,20.227301248769493,-0.00344480124225105,-1.3314485567482764e-05,-3.1392029327303046,-3.1378937977005705,4.433484169082805,1.8570066790228152,0.01703825465396079,7.058703349131448e-05,0.0034448232239028035,5.082341999423157e-06,-0.017038374686388868,-2.9870198136438643e-05
186,11345,1135635.6356356356,car,19.96388515888542,20.227862642238357,-0.004555513955733445,-1.7004904777861057e-05,-3.1392003154435377,-3.137918756389984,4.433484169082805,1.8570066790228152,0.006115738466099734,2.8870245726392806e-05,0.004555541600938161,6.106536699551877e-06,-0.006115790032384995,-1.4239262641320646e-05
186,11346,1135735.7357357359,car,19.960601904426785,20.228378047043858,-0.005378354624716554,-1.984106169194724e-05,-3.1391933726571897,-3.1379307649757786,4.433484169082805,1.8570066790228152,0.0005501326474132567,6.662257350489121e-06,0.005378386748578356,6.936833264680865e-06,-0.0005501470485929405,-5.342316669717869e-06
186,11347,1135835.835835836,car,19.95646460510802,20.228301623409216,-0.004526308483595965,-1.675099141120331e-05,-3.1391906658349904,-3.1379539137143264,4.433484169082805,1.8570066790228152,0.0036411304112893457,1.6060306620469865e-05,0.004526335661869169,5.878815990913116e-06,-0.003641158484083945,-7.314318038626447e-06
186,11348,1135935.935935936,car,19.953515810152517,20.227905694121212,-0.001457341013141331,-5.825629027274393e-06,-3.139189807418278,-3.1379814787995537,4.433484169082805,1.8570066790228152,0.01413022095943544,5.219815640246055e-05,0.0014573508041174474,2.323849305307442e-06,-0.014130305591860171,-1.8245291052014025e-05
186,11349,1136036.036036036,car,19.95197408925587,20.226362414624614,0.003743234927464036,1.2530134514408439e-05,-3.139188208938611,-3.138017518532905,4.433484169082805,1.8570066790228152,0.028814379446782418,0.00010312433601611689,-0.0037432542349718693,-3.5297057668101246e-06,-0.02881454411027667,-3.38415241369992e-05
186,11350,1136136.1361361363,car,19.951497273223776,20.22566873371591,0.01053454977498083,3.627476909776633e-05,-3.1391871204280832,-3.138060597301958,4.433484169082805,1.8570066790228152,0.04396725473151682,0.00015517973224274926,-0.010534606555512274,-1.0933479756667907e-05,-0.04396750081097637,-4.9414695979006047e-05
186,11351,1136236.2362362363,car,19.953096925341494,20.22518028411197,0.01776748030473165,6.127812442854678e-05,-3.1391867760233807,-3.1381075763180744,4.433484169082805,1.8570066790228152,0.0549501196582335,0.00019190758156379322,-0.01776757631099802,-1.8531606043102946e-05,-0.0549504223315812,-5.970389353988456e-05
186,11352,1136336.3363363363,car,19.957437858089108,20.226341168566954,0.023829844323149964,8.194063712460805e-05,-3.139192889818143,-3.1381542758123047,4.433484169082805,1.8570066790228152,0.05712920398981437,0.00019754112866796625,-0.023829972344724525,-2.475445897911814e-05,-0.05712951354176252,-6.04440974105993e-05
186,11353,1136436.4364364364,car,19.963924609360827,20.22800107655321,0.027221806287194717,9.323588865058972e-05,-3.1391996040241206,-3.138197161842372,4.433484169082805,1.8570066790228152,0.04810542244871232,0.00016465760008718748,-0.027221951459750277,-2.8092552147675456e-05,-0.04810567873987033,-4.953857819352581e-05
186,11354,1136536.5365365366,car,19.969845290829085,20.229917416663714,0.027285608495605268,9.313872593538352e-05,-3.139200230274838,-3.1382282127123697,4.433484169082805,1.8570066790228152,0.029676995772712433,0.00010035605597961619,-0.027285753235516463,-2.7859795731827197e-05,-0.029677150935740183,-2.9355899902091138e-05
186,11355,1136636.6366366367,car,19.97439478762132,20.230718067158556,0.024116278542883514,8.2154706715667e-05,-3.1391979697553447,-3.138246029172525,4.433484169082805,1.8570066790228152,0.005863626444821551,1.879460754499883e-05,-0.02411640612974835,-2.440366397903102e-05,-0.005863654639415235,-4.753035617641589e-06
186,11356,1136736.7367367367,car,19.97755291082916,20.231398441036315,0.018311221522833123,6.240206715153645e-05,-3.139195969742376,-3.1382569450303097,4.433484169082805,1.8570066790228152,-0.01892712425296445,-6.511060068277631e-05,-0.01831131849005757,-1.851572109412081e-05,0.01892722594278067,1.9748124134609087e-05
186,11357,1136836.8368368368,car,19.979184294653418,20.230355039466374,0.010857164168604286,3.724602855510049e-05,-3.139197540096754,-3.138278480771658,4.433484169082805,1.8570066790228152,-0.0404888896369919,-0.00013739798502206124,-0.010857222235565667,-1.124180618899874e-05,0.04048910258685325,4.042219775574719e-05
186,11358,1136936.936936937,car,19.978491596326997,20.22997582815354,0.003076203840509929,1.113254984018839e-05,-3.1391972884781425,-3.1383011195856425,4.433484169082805,1.8570066790228152,-0.054947631764141275,-0.0001853347095883338,-0.0030762216817289034,-3.7638935928807873e-06,0.05494791806954249,5.371466365584722e-05
186,11359,1137037.037037037,car,19.975257026216877,20.231260587528105,-0.0038060350314822093,-1.1890825645770268e-05,-3.1391913694095357,-3.1383109676806638,4.433484169082805,1.8570066790228152,-0.060307483603606146,-0.0002026763977160027,0.003806052611597202,2.751428436133006e-06,0.06030779641537739,5.7860546226519926e-05
186,11360,1137137.1371371371,car,19.972809836675463,20.232543196764844,-0.00959095104227848,-3.118923895578979e-05,-3.139190873861044,-3.138321107416527,4.433484169082805,1.8570066790228152,-0.0593306346571009,-0.00019883866630905064,0.009590998288981146,8.153819351526457e-06,0.059330941097658435,5.633911419317266e-05
186,11361,1137237.2372372372,car,19.9733431158854,20.23364638324272,-0.01486050002866844,-4.870624960412939e-05,-3.139194151879345,-3.138326580951235,4.433484169082805,1.8570066790228152,-0.056734227085477665,-0.00018958186017863966,0.014860574105779942,1.3063208942905126e-05,0.05673451860690846,5.3504304630127935e-05
186,11362,1137337.3373373374,car,19.972842017122876,20.23415897982271,-0.019450603036160266,-6.395458274895569e-05,-3.1391949562702868,-3.1383222021909374,4.433484169082805,1.8570066790228152,-0.05251065544955558,-0.00017511997028979258,0.019450700469475897,1.731778483584016e-05,0.052510924393278646,4.9214929731530404e-05
186,11363,1137437.4374374375,car,19.968256305840832,20.23500181163365,-0.022279948866587206,-7.343602226943282e-05,-3.1391938416196714,-3.1383073925275524,4.433484169082805,1.8570066790228152,-0.043097874534276784,-0.00014390627929654096,0.022280060922915988,1.9990454205046312e-05,0.0430980957390852,4.052226708732447e-05
186,11364,1137537.5375375375,car,19.96344353575698,20.236500574293434,-0.02280061407446407,-7.534349533206303e-05,-3.1391931145045007,-3.138289126126255,4.433484169082805,1.8570066790228152,-0.028385415607655815,-9.543575814181292e-05,0.022800729223434922,2.0632366288228e-05,0.02838556289070691,2.7323634551984114e-05
186,11365,1137637.6376376376,car,19.959662738832268,20.237593750065827,-0.02120386222118117,-7.027271020045988e-05,-3.13919419270667,-3.1382642666527776,4.433484169082805,1.8570066790228152,-0.011172558995109275,-3.8718387535348624e-05,0.0212039697785716,1.9415922725764736e-05,0.011172619723860565,1.1921356147340982e-05
186,11366,1137737.7377377378,car,19.957801191287455,20.238223778296177,-0.018319792145987515,-6.092470877385294e-05,-3.139194692852319,-3.138233615683789,4.433484169082805,1.8570066790228152,0.004350516312416893,1.2568456147992695e-05,0.018319885569554127,1.699443342534634e-05,-0.004350533942854778,-2.136062705483192e-06
186,11367,1137837.8378378379,car,19.95741812701431,20.237831892399537,-0.01518509785502192,-5.0719302169595484e-05,-3.1391933222426087,-3.13820088010742,4.433484169082805,1.8570066790228152,0.014819118136116631,4.726966480564855e-05,0.015185175838621053,1.4285109843059381e-05,-0.014819188896334498,-1.1713588178018986e-05
186,11368,1137937.937937938,car,19.958057899355357,20.236131510138286,-0.01270566403202649,-4.268727772840732e-05,-3.1391904758610374,-3.1381761812193947,4.433484169082805,1.8570066790228152,0.0186821530889925,6.0069646178127875e-05,0.01270572991562404,1.2165920752711945e-05,-0.018682243484557482,-1.519166394889218e-05
186,11369,1138038.038038038,car,19.959277130824933,20.233830925115065,-0.011327369047966976,-3.833786970400583e-05,-3.139187930099547,-3.138166625312327,4.433484169082805,1.8570066790228152,0.01677479375855551,5.361765997208386e-05,0.011327428488509206,1.1098594676266395e-05,-0.016774874192342505,-1.3278803227394831e-05
186,11370,1138138.1381381382,car,19.958996343949824,20.22976624474844,-0.010566623268257807,-3.6018215486875745e-05,-3.1391892630557137,-3.13818939399196,4.433484169082805,1.8570066790228152,0.013212822844971783,4.179832145212893e-05,0.010566679316107976,1.062241356987112e-05,-0.013212885142061356,-1.004265795011786e-05
186,11371,1138238.2382382383,car,19.955591259430253,20.224989353622664,-0.009257653483247573,-3.181191389053339e-05,-3.139194960349991,-3.1382514557825045,4.433484169082805,1.8570066790228152,0.013159940472700754,4.1884753256068035e-05,0.009257703147583906,9.614830543266882e-06,-0.013160003071605194,-1.0331162785363063e-05
186,11372,1138338.3383383383,car,19.952624473192362,20.22162243039322,-0.006776361489438432,-2.3807782711372615e-05,-3.1391918194722264,-3.1383248316105767,4.433484169082805,1.8570066790228152,0.017674321556106008,5.6667127451075645e-05,0.006776399118440976,7.5388098695292286e-06,-0.017674406666938567,-1.4233890703717607e-05
186,11373,1138438.4384384383,car,19.950823286160027,20.219801312423673,-0.0030349439679516815,-1.1957766662868479e-05,-3.1391892102285617,-3.1384124251035033,4.433484169082805,1.8570066790228152,0.02532336233599035,8.062644371010143e-05,0.0030349639420055325,4.6634232167924515e-06,-0.025323482976222254,-1.976300234527709e-05
186,11374,1138538.5385385386,car,19.949884891636422,20.218797577539153,0.0017061436050748004,2.6535992268450456e-06,-3.1391880484909604,-3.138511826812087,4.433484169082805,1.8570066790228152,0.033879949610269716,0.00010599369585207594,-0.0017061450533608817,1.4490061033519873e-06,-0.03388010653398943,-2.4525568346318616e-05
186,11375,1138638.6386386387,car,19.950644301490975,20.21860709075673,0.006803869637510596,1.7833969108721118e-05,-3.1391910633596773,-3.1386179356406307,4.433484169082805,1.8570066790228152,0.04049781537477237,0.00012371949211337124,-0.006803892846244348,-1.493826537692934e-06,-0.040497995709744904,-2.6460071076513653e-05
186,11376,1138738.7387387387,car,19.95258441387318,20.218906132386962,0.011571889693631165,3.1439655275947105e-05,-3.139194852113002,-3.1387296048615956,4.433484169082805,1.8570066790228152,0.04326770838395853,0.00012845638464218455,-0.011571931813614994,-3.692497287368393e-06,-0.043267892013827206,-2.4708739720100123e-05
186,11377,1138838.8388388387,car,19.955273859233877,20.219885778858494,0.015501614251091082,4.20460208063792e-05,-3.139198536954037,-3.13883870359375,4.433484169082805,1.8570066790228152,0.04171100682914159,0.00011972172083333354,-0.01550167048806063,-4.933263200943213e-06,-0.04171117391722933,-1.9860457776674467e-05
186,11378,1138938.938938939,car,19.95749894341022,20.220780257295008,0.018452583221988242,4.940515763637734e-05,-3.1391967804770684,-3.138940259826347,4.433484169082805,1.8570066790228152,0.03696265609224072,0.00010178405116606024,-0.018452648629556482,-5.1950101324258095e-06,-0.03696279386706307,-1.322600985246773e-05
186,11379,1139039.039039039,car,19.959884199978,20.222462227525583,0.020351171624273016,5.3514399002319604e-05,-3.1391962248418133,-3.1390309962589407,4.433484169082805,1.8570066790228152,0.029976197051697625,7.820589840878061e-05,-0.02035124143054837,-4.744159283854133e-06,-0.029976298391710107,-6.369922233189832e-06
186,11380,1139139.139139139,car,19.962280277644993,20.22423512940157,0.021172859449006882,5.452466000719971e-05,-3.13919560011243,-3.139112146144284,4.433484169082805,1.8570066790228152,0.021525427884110236,5.1762365585289516e-05,-0.021172929319236738,-3.7720755964323365e-06,-0.021525490120074084,-1.646645263604597e-07
186,11381,1139239.2392392391,car,19.96483365174144,20.224855102460126,0.020886360154866772,5.256880684808642e-05,-3.1391956048519845,-3.1391918014377,4.433484169082805,1.8570066790228152,0.012057493253945268,2.4081181871457295e-05,-0.020886426159897428,-2.503080520321225e-06,-0.012057516337443683,4.821258619259753e-06
186,11382,1139339.3393393394,car,19.967657383041473,20.22515733410967,0.01950172919359006,4.7881615533922373e-05,-3.1391968461021795,-3.139272835036958,4.433484169082805,1.8570066790228152,0.0020062844348530326,-3.4466068824238184e-06,-0.01950178793971561,-1.1591339897927991e-06,-0.0020062704195275994,8.253263663858477e-06
186,11383,1139439.4394394394,car,19.97022881338785,20.225892549873212,0.01730641796891648,4.132884604364318e-05,-3.139197805202664,-3.139350576315637,4.433484169082805,1.8570066790228152,-0.007286903963515079,-2.7522790459237218e-05,-0.017306467316426797,1.1748001502941255e-07,0.007286948980086632,1.0071698010511548e-05
186,11384,1139539.5395395395,car,19.97162899099414,20.226947336398382,0.015067459192051155,3.4771491183892126e-05,-3.139195969348769,-3.139419537784079,4.433484169082805,1.8570066790228152,-0.013141498037391815,-4.226970675864176e-05,-0.015067499253815895,1.3405161075723734e-06,0.013141561601444066,1.0773594261104558e-05
186,11385,1139639.6396396395,car,19.969946459704794,20.22753845702935,0.01395021016349502,3.078436012938067e-05,-3.139187550624025,-3.139476571357893,4.433484169082805,1.8570066790228152,-0.012372736410887184,-4.1323102773924005e-05,-0.013950243855362164,2.7673883975322646e-06,0.012372800011953336,1.1565306909327622e-05
186,11386,1139739.7397397398,car,19.96907511533111,20.228612095175208,0.01423565988811246,2.990639484047926e-05,-3.139185591046036,-3.139541922558832,4.433484169082805,1.8570066790228152,-0.006462204512585907,-2.8685412328607432e-05,-0.014235690634274255,4.359782410542398e-06,0.006462254839264631,1.3130413816123466e-05
186,11387,1139839.8398398398,car,19.970316090770044,20.229898668309108,0.015343777468634806,3.088506005502295e-05,-3.139189812210939,-3.1396021889768306,4.433484169082805,1.8570066790228152,0.0003443267910282063,-1.3753275026904691e-05,-0.015343807385709982,5.983657036451755e-06,-0.00034429275011153636,1.4580597188829328e-05
186,11388,1139939.9399399399,car,19.97319009276621,20.23138630944336,0.0163817954128198,3.1919552838763914e-05,-3.139194787288658,-3.1396560677594927,4.433484169082805,1.8570066790228152,0.004236496988289281,-4.401691543554335e-06,-0.016381824855870204,7.361856455543617e-06,-0.0042364742542110225,1.4560222517422795e-05
186,11389,1140040.04004004,car,19.976590127353646,20.232971314544823,0.01663933408862667,3.165635839024969e-05,-3.1391970309675354,-3.139699994081374,4.433484169082805,1.8570066790228152,0.0035906074709131305,-3.713604198746986e-06,-0.016639362178631635,8.205259482141693e-06,-0.0035905882712702905,1.231532579994428e-05
186,11390,1140140.1401401402,car,19.979851576661414,20.23522980263532,0.015799629108281935,2.953476109581416e-05,-3.1391974962064055,-3.13972735369075,4.433484169082805,1.8570066790228152,-0.0010600780468360393,-1.0500279044227684e-05,-0.01579965452914769,8.307885752404938e-06,0.0010601001559176458,7.961197592170248e-06
186,11391,1140240.2402402402,car,19.981231738024054,20.23738836931324,0.014050916885314175,2.5917131622527198e-05,-3.139193240178934,-3.1397348465859767,4.433484169082805,1.8570066790228152,-0.007430729317773884,-2.045438535058456e-05,-0.014050938624325127,7.79686904221093e-06,0.007430757006222946,2.6249520010905225e-06
186,11392,1140340.3403403403,car,19.983272823768957,20.238119968257354,0.011368211492408301,2.0721768705855318e-05,-3.139193168183057,-3.139743552538601,4.433484169082805,1.8570066790228152,-0.014950512683979943,-3.266310728361891e-05,-0.011368228487547311,6.556122348439092e-06,0.01495054801956038,-3.21048933036644e-06
186,11393,1140440.4404404403,car,19.985214915287376,20.239444894382398,0.007926847891353037,1.42438908428265e-05,-3.1391929130475926,-3.1397427462212915,4.433484169082805,1.8570066790228152,-0.022493283864559815,-4.510616462631183e-05,-0.007926859248587362,4.778510169897915e-06,0.022493327340927214,-8.871958660599922e-06
186,11394,1140540.5405405406,car,19.98569759216219,20.24066777458855,0.004405815701232967,7.70038925964004e-06,-3.1391915297337816,-3.139732436636371,4.433484169082805,1.8570066790228152,-0.02741672582891626,-5.29729923307935e-05,-0.004405821490174047,2.8785319584029308e-06,0.027416773989410035,-1.2858051558908711e-05
186,11395,1140640.6406406406,car,19.984508460936134,20.24035538871876,0.0018037659082823895,2.913824834733887e-06,-3.1391928315797517,-3.1397266081264212,4.433484169082805,1.8570066790228152,-0.026864569026228066,-5.09715934658527e-05,-0.001803767706863823,1.4148965285406775e-06,0.02686461399041634,-1.3498675467735935e-05
186,11396,1140740.7407407407,car,19.981547906824513,20.239888958777417,0.0010529090477264203,1.604148624003355e-06,-3.139194377684039,-3.1397241429949196,4.433484169082805,1.8570066790228152,-0.019347110590469313,-3.626243486130061e-05,-0.0010529098668923102,9.210199687427104e-07,0.019347141918084152,-1.0137334119820774e-05
186,11397,1140840.840840841,car,19.979883803830383,20.23947166090705,0.002213885748276652,3.873053953372413e-06,-3.139194281682832,-3.1397222380614336,4.433484169082805,1.8570066790228152,-0.007333287847053973,-1.3384618750521047e-05,-0.0022138886699512943,1.436673479360079e-06,0.007333298857102446,-4.203354441386907e-06
186,11398,1140940.940940941,car,19.980112301673085,20.239600508300864,0.0047262417985708205,8.66606664992244e-06,-3.139194305173927,-3.1397199835614344,4.433484169082805,1.8570066790228152,0.005257619267974564,1.0400881074794394e-05,-0.004726248989955693,2.669121937809938e-06,-0.005257629091784046,2.208739592531061e-06
186,11399,1141041.0410410413,car,19.981327809196042,20.23911566804782,0.00792302338525451,1.4730971259841969e-05,-3.139193440503143,-3.1397200408379433,4.433484169082805,1.8570066790228152,0.015614857520964667,2.98850853876441e-05,-0.007923035924624124,4.278074292566909e-06,-0.015614884280300995,7.578335194161951e-06
186,11400,1141141.1411411413,car,19.98331993324743,20.23923089440074,0.011222296481518105,2.097923210395519e-05,-3.139193590782275,-3.1397201967000434,4.433484169082805,1.8570066790228152,0.022348627721818965,4.251610254402413e-05,-0.011222314517003874,5.94379654689587e-06,-0.022348665406762565,1.1099729942247701e-05
186,11401,1141241.2412412413,car,19.984400706032538,20.239428308061996,0.014329408747086816,2.6864282935074077e-05,-3.139193471383866,-3.139718526331945,4.433484169082805,1.8570066790228152,0.025722882733374662,4.8834730549153785e-05,-0.014329431958776789,7.514623887566615e-06,-0.025722925865289917,1.287923333309881e-05
186,11402,1141341.3413413414,car,19.986626149884895,20.2406853733902,0.01657818635251274,3.1141693539362535e-05,-3.1391943865610012,-3.1397100755794285,4.433484169082805,1.8570066790228152,0.024458193005348378,4.6465219660892635e-05,-0.016578213362310093,8.617275632147839e-06,-0.024458234103371813,1.219213560456981e-05
186,11403,1141441.4414414417,car,19.990195571315777,20.240701710943632,0.017074055684429518,3.2108999678135354e-05,-3.139193513002499,-3.139699814180349,4.433484169082805,1.8570066790228152,0.016886014054670252,3.2177714355390976e-05,-0.01707408358031364,8.854113415395307e-06,-0.016886042656582237,8.334261062622243e-06
186,11404,1141541.5415415417,car,19.994389603472786,20.24044429540488,0.015066166754783998,2.8307008708447776e-05,-3.1391924526861668,-3.1396902302732004,4.433484169082805,1.8570066790228152,0.0025429947980879636,4.93978406583098e-06,-0.015066191299422486,7.854865167211045e-06,-0.0025429993295030522,1.1639227148805484e-06
186,11405,1141641.6416416417,car,19.997969892392433,20.24034063833744,0.0102654062740326,1.9137930382399072e-05,-3.1391920645162945,-3.1396816285184808,4.433484169082805,1.8570066790228152,-0.017063530882474507,-3.253932120632393e-05,-0.010265422637424405,5.505123229432862e-06,0.017063559828866124,-8.423259001341733e-06
186,11406,1141741.7417417418,car,20.00063593050152,20.240738298087912,0.0028799167300553805,4.949047219693995e-06,-3.1391913858864657,-3.13967015626153,4.433484169082805,1.8570066790228152,-0.03908286228046056,-7.493678938313582e-05,-0.0028799203111105915,1.9664114349247534e-06,0.03908292954605,-1.8911751420779897e-05
186,11407,1141841.841841842,car,20.001747242288257,20.241666227764142,-0.00620872498797733,-1.261780908305057e-05,-3.1391894864466696,-3.1396511406690406,4.433484169082805,1.8570066790228152,-0.05915917366266153,-0.00011397549568523699,0.006208737382308464,-2.3028168823877364e-06,0.059159276736252236,-2.819407894837843e-05
186,11408,1141941.941941942,car,19.99910733703281,20.241284056922307,-0.015235738411726985,-3.0164182581422862e-05,-3.139192391831874,-3.1396408040672004,4.433484169082805,1.8570066790228152,-0.07120227758379831,-0.00013777883846443107,0.015235766925113916,-6.405629459042768e-06,0.07120240318156375,-3.31254982824487e-05
186,11409,1142042.0420420421,car,19.994101152845627,20.240732130877902,-0.022313080804867776,-4.400527647390675e-05,-3.1391954239786926,-3.1396299857751107,4.433484169082805,1.8570066790228152,-0.07100830830985502,-0.0001379705026127051,0.022313122182149092,-9.484376757621872e-06,0.07100843502453935,-3.225295010268262e-05
186,11410,1142142.1421421422,car,19.986379383915615,20.24077497176513,-0.025823105532938564,-5.093724689247326e-05,-3.1391966356900443,-3.139618188477843,4.433484169082805,1.8570066790228152,-0.05705416285538287,-0.00011129142125209415,0.025823153455456358,-1.0935463203591826e-05,0.05705426574027105,-2.541156286148678e-05
186,11411,1142242.2422422424,car,19.980476156658618,20.242726183505994,-0.025563855209245773,-5.05060804125587e-05,-3.1391961391308385,-3.13958976589169,4.433484169082805,1.8570066790228152,-0.033898657084526156,-6.641272792456263e-05,0.02556390283750801,-1.075815461541572e-05,0.033898718898717185,-1.4826006868368257e-05
186,11412,1142342.3423423425,car,19.977189040049883,20.244381086161603,-0.022389709962059152,-4.427180775071496e-05,-3.139197715677879,-3.1395532341750156,4.433484169082805,1.8570066790228152,-0.008427644545819894,-1.6450444766907948e-05,0.022389751779580584,-9.350233179489515e-06,0.008427659774250904,-3.7332685469446843e-06
186,11413,1142442.4424424425,car,19.97618582268128,20.24472906139588,-0.017586850954563797,-3.468468131011399e-05,-3.139195530802027,-3.1395099903458124,4.433484169082805,1.8570066790228152,0.013471606489018711,2.711877981746713e-05,0.017586883569187424,-7.473219156049266e-06,-0.013471632790763225,5.1743620729984905e-06
186,11414,1142542.5425425426,car,19.976333976223156,20.244086606848835,-0.012320271307912946,-2.4014799201881246e-05,-3.1391920110204943,-3.1394661119070713,4.433484169082805,1.8570066790228152,0.028667446318776067,5.797256509485118e-05,0.012320293457440061,-5.561809356132505e-06,-0.028667502883628394,1.0847827838574566e-05
186,11415,1142642.6426426428,car,19.9769411378893,20.241823664725153,-0.0074376865859661166,-1.394659230976854e-05,-3.1391875586939646,-3.1394353993413024,4.433484169082805,1.8570066790228152,0.03647454857018055,7.451450729834623e-05,0.007437698617242054,-3.941772826002429e-06,-0.03647462229134484,1.3210374235563509e-05
186,11416,1142742.7427427429,car,19.977817315320966,20.23927820045796,-0.0034814177467619844,-5.55985881235516e-06,-3.139182991519033,-3.1394226184350904,4.433484169082805,1.8570066790228152,0.0376580918991176,7.811297822338584e-05,0.003481421036758702,-2.8291895076099418e-06,-0.03765817079455438,1.2630436447048349e-05
186,11417,1142842.842842843,car,19.97878970833053,20.237204901596176,-0.0006831560686908285,7.468269867470175e-07,-3.139175317883889,-3.139422013825738,4.433484169082805,1.8570066790228152,0.03389093687324944,7.224716712412375e-05,0.0006831522673467039,-2.398240753907624e-06,-0.03389101249773759,9.678735985609111e-06
186,11418,1142942.942942943,car,19.97932284645901,20.233994517286323,0.0010642608189160392,5.372429843193023e-06,-3.1391592054806994,-3.1394385015198805,4.433484169082805,1.8570066790228152,0.027510702150558723,6.213871871733096e-05,-0.0010642707413334126,-2.7825930149618907e-06,-0.027510771907151576,4.807265321318758e-06
186,11419,1143043.0430430432,car,19.97923605782104,20.231413512205343,0.002044415138285666,9.218234198404341e-06,-3.139124245355324,-3.139455819989296,4.433484169082805,1.8570066790228152,0.020631703661298326,5.2930284536934544e-05,-0.002044431664280122,-4.171760077571768e-06,-0.020631771459858058,-2.002707792346067e-06
186,11420,1143143.1431431433,car,19.979254521250546,20.230988363336568,0.002485232369114824,1.3262822891933638e-05,-3.139049433304081,-3.1394161686286015,4.433484169082805,1.8570066790228152,0.014331561422249013,4.806778826149114e-05,-0.002485258062159535,-6.942293437806333e-06,-0.014331637321065887,-1.1619354367176579e-05
186,11421,1143243.2432432433,car,19.97958759579788,20.232055237458162,0.0026224800302100957,1.8830736013913788e-05,-3.1388943773364284,-3.139277027212439,4.433484169082805,1.8570066790228152,0.009299947626205406,5.100110932463458e-05,-0.0026225212939437717,-1.175450045967159e-05,-0.009300051386101264,-2.590712627573858e-05
186,11422,1143343.3433433434,car,19.97956794670125,20.23349169306393,0.002911101033274727,2.8317943260294512e-05,-3.1385692585869256,-3.139036454588769,4.433484169082805,1.8570066790228152,0.006808833914164804,6.799621828221673e-05,-0.0029111733444156097,-1.9516418926376303e-05,-0.006809008373807874,-4.7410144439266234e-05
186,11423,1143443.4434434436,car,19.978830186240756,20.23501634269596,0.003955464478420866,4.5526406940472365e-05,-3.137890690428347,-3.138516836234651,4.433484169082805,1.8570066790228152,0.008215911132896058,0.00010833945985029274,-0.00395560591125496,-3.0883144642120745e-05,-0.008216255903128146,-7.792378659919307e-05
186,11424,1143543.5435435437,car,19.977238478256634,20.236419516426743,0.006189506655468599,7.551351097838999e-05,-3.136476820344412,-3.137393257172261,4.433484169082805,1.8570066790228152,0.01369076997744123,0.00018258098438362963,-0.006189811973380331,-4.38481770186104e-05,-0.013691524871924378,-0.00011253920446129333
186,11425,1143643.6436436437,car,19.978453852571445,20.23575747130311,0.009018722664418138,0.00012131576478569155,-3.133536519322153,-3.13172959268446,4.433484169082805,1.8570066790228152,0.01934845620542932,0.00028933732008150977,-0.009019407328109541,-4.865657323379716e-05,-0.01935015925393694,-0.0001334558559485874
186,11426,1143743.7437437437,car,19.98157531511877,20.235150057165132,0.010705063595246566,0.00016629480872875193,-3.1273924316674515,-3.1220559866245283,4.433484169082805,1.8570066790228152,0.01837714430379199,0.0003514551095445394,-0.01070634563896362,-1.4268872699910065e-05,-0.01838028206615123,-9.046891808108974e-05
186,11427,1143843.843843844,car,19.98016605356378,20.236491631262748,0.010933143259360026,0.0001838117135199452,-3.124451846294298,-3.1228123709754323,4.433484169082805,1.8570066790228152,0.012127204255089539,0.0002829479000352285,-0.010934687707051248,3.6090135831416226e-06,-0.012130272486232411,-7.504644261460355e-05
186,11428,1143943.943943944,car,19.980979641816923,20.23629179791731,0.011542918074232411,0.00020983047249883136,-3.1230400399695095,-3.120854334751602,4.433484169082805,1.8570066790228152,0.009784032608710278,0.0002740106957428801,-0.0115448242784213,4.34465240021096e-06,-0.0097874321505192,-9.245457625580599e-05
186,11429,1144044.044044044,car,19.98224877829819,20.23559625096111,0.012356223975783485,0.00023915083653948171,-3.1223633606462884,-3.1202683977059786,4.433484169082805,1.8570066790228152,0.009139920774155357,0.00028134810641917925,-0.012358538010319279,-1.5198150475807066e-06,-0.009143640803340836,-0.00010555270864785686
186,11430,1144144.1441441441,car,19.9841283770156,20.23528530212182,0.012963469989267699,0.00026215674252605186,-3.122040803645873,-3.1200639837939366,4.433484169082805,1.8570066790228152,0.007946688837794461,0.0002613469415832819,-0.01296611758674676,-8.662964419906883e-06,-0.007950279467225907,-0.00010593442126225275
186,11431,1144244.2442442444,car,19.985909908433626,20.23486590612041,0.01303238918590039,0.00027133562197864214,-3.1218849782024525,-3.1200895189018625,4.433484169082805,1.8570066790228152,0.005128857003643333,0.00019548406817008674,-0.01303520547512281,-1.4461461071577086e-05,-0.005131713318342841,-9.437480104506702e-05
186,11432,1144344.3443443445,car,19.988004772430003,20.234334279318503,0.01207916537721114,0.00025652664505344146,-3.121810990471313,-3.120150783479682,4.433484169082805,1.8570066790228152,-0.0005592915041079186,6.215654033515081e-05,-0.012081876272560589,-1.7546058707609125e-05,0.0005579525987713628,-7.320737393197286e-05
186,11433,1144444.4444444445,car,19.99067824058103,20.236072275487167,0.009506612293794778,0.0002054399551539846,-3.121780297238515,-3.12023922934454,4.433484169082805,1.8570066790228152,-0.010319545580160091,-0.00016010893177432063,-0.00950881652543459,-1.7063567203982888e-05,0.010320692211251127,-4.436362987747278e-05
186,11434,1144544.5445445445,car,19.993252978843564,20.236503657134755,0.004894729551991503,0.00010981511879576023,-3.1217660631663966,-3.120352735177506,4.433484169082805,1.8570066790228152,-0.024199928367538162,-0.00046882139363585266,-0.004895944656601278,-1.2754095517289587e-05,0.02420446662459172,-1.1041382820139512e-05
186,11435,1144644.6446446448,car,19.995755069365877,20.23670282874781,-0.0019068071597806695,-3.274652952114262e-05,-3.1217630496407907,-3.1204755485185274,4.433484169082805,1.8570066790228152,-0.041183907724578334,-0.0008397226754450465,0.0019070815893555946,-5.068661306769314e-06,0.041192461238818985,2.2950525820381257e-05
186,11436,1144744.7447447449,car,19.996915764159308,20.23787918182408,-0.010315469438906561,-0.00020922787015628525,-3.1217611039295075,-3.120592090488114,4.433484169082805,1.8570066790228152,-0.05780730278078391,-0.0011981837483481838,0.010317590058955063,4.628392491042011e-06,0.05781969590881189,5.16148869370652e-05
186,11437,1144844.844844845,car,19.99446293328719,20.238681491966062,-0.018738125504941323,-0.0003857060609914937,-3.121750920581983,-3.120685232275064,4.433484169082805,1.8570066790228152,-0.06803130213203215,-0.0014174679413792208,0.018742089653236323,1.3857650237413378e-05,0.0680460339761402,6.741856311591335e-05
186,11438,1144944.944944945,car,19.98773248872638,20.240624137898156,-0.025221481462876734,-0.000521171590429356,-3.1217272788166333,-3.120760883289323,4.433484169082805,1.8570066790228152,-0.0667646783847045,-0.0013925563910912897,0.025226857598661577,2.0067529895823858e-05,0.0667791668765741,6.606350025382783e-05
186,11439,1145045.0450450452,car,19.98165836879828,20.24460088670818,-0.028926691738181576,-0.0005981901895802444,-3.1217213380392113,-3.1208746486585826,4.433484169082805,1.8570066790228152,-0.05521503673160377,-0.0011506357012886015,0.028932866840301705,2.329849913958583e-05,0.055226998872506906,5.328532212815697e-05
186,11440,1145145.1451451452,car,19.977160499651443,20.247322140839486,-0.02986682762564278,-0.0006174552394892721,-3.1217292123597047,-3.120961011341242,4.433484169082805,1.8570066790228152,-0.03742522944024194,-0.0007786441275657516,0.02987319972625968,2.4114469305329834e-05,0.037433312037831096,3.5145561791627205e-05
186,11441,1145245.2452452453,car,19.97389764539559,20.248422808827527,-0.028320268707032335,-0.000585110014098278,-3.1217358405950626,-3.121030892742385,4.433484169082805,1.8570066790228152,-0.016897531234659556,-0.00035090490913917776,0.028326303304948192,2.2681340217808985e-05,0.016901167450059526,1.5326663096121437e-05
186,11442,1145345.3453453453,car,19.970521465995652,20.247850447484243,-0.02438980206787187,-0.0005036290711537966,-3.121736685643749,-3.1210981000662725,4.433484169082805,1.8570066790228152,0.00490648237112095,0.000101341829667517,0.024394993656305628,1.9278487655692317e-05,-0.00490752729724564,-3.905297674955578e-06
186,11443,1145445.4454454456,car,19.966116477151388,20.24785885861418,-0.01816741879580643,-0.0003752488982776685,-3.121733077172952,-3.1211632155308333,4.433484169082805,1.8570066790228152,0.02713453174288716,0.0005599075897356302,0.018171288067670596,1.4401375338784887e-05,-0.027140299748089878,-2.0952294077362585e-05
186,11444,1145545.5455455456,car,19.964206010219918,20.246555527284205,-0.010674130244843092,-0.0002211301557739755,-3.121732758011444,-3.1212370683965767,4.433484169082805,1.8570066790228152,0.04566210508125383,0.0009402696701516962,0.010676416626196597,9.11337147042589e-06,-0.045671772887266114,-3.329922008212167e-05
186,11445,1145645.6456456457,car,19.965130717662515,20.246494537629662,-0.003593865115564054,-7.573430568210657e-05,-3.1217389785592515,-3.121321259755472,4.433484169082805,1.8570066790228152,0.055394884161411896,0.0011391336448444511,0.0035946603502929157,4.372637349800125e-06,-0.0554065815667284,-3.918936759588366e-05
186,11446,1145745.7457457457,car,19.968737340165294,20.245670954708967,0.0012189984950851437,2.3371334288390104e-05,-3.1217445987751398,-3.1214178000804678,4.433484169082805,1.8570066790228152,0.05255523754629103,0.001081261140355169,-0.0012192222386835667,8.264294867606515e-07,-0.05256634546358327,-3.7997420170540405e-05
186,11447,1145845.845845846,car,19.9736497335887,20.245387008011257,0.0024290524470887837,4.952086254670897e-05,-3.1217523928320046,-3.121524459447474,4.433484169082805,1.8570066790228152,0.03684488895116303,0.0007629034735610375,-0.0024295568239598,-1.321244015555703e-06,-0.03685277266350491,-3.1789078824294914e-05
186,11448,1145945.945945946,car,19.977630365014146,20.24388790228504,-0.0001283805975422058,-1.2354201695756028e-07,-3.12175516722649,-3.1216360401188035,4.433484169082805,1.8570066790228152,0.012621922250932588,0.00027418210392152155,0.00012835778843006253,-2.4230636118528397e-06,-0.012624877532956547,-2.3757368268451117e-05
186,11449,1146046.046046046,car,19.97873016022652,20.24325136126644,-0.0052784377351322975,-0.00010163709053508482,-3.1217517384059312,-3.121739519232613,4.433484169082805,1.8570066790228152,-0.012252238083277973,-0.00022597311862209161,0.005279415249848162,-3.105078370369403e-06,0.012254309761956468,-1.7151025779876686e-05
186,11450,1146146.146146146,car,19.976220790554247,20.24261969470374,-0.010838786780568625,-0.00021139992423599581,-3.1217415198063225,-3.1218446361633676,4.433484169082805,1.8570066790228152,-0.029060825880540896,-0.0005639480436607216,0.01084084749639032,-3.789802621429253e-06,0.029066294377701595,-1.3015523693998441e-05
186,11451,1146246.2462462464,car,19.9696170435893,20.241213210360424,-0.014295111700424098,-0.00027976545550843356,-3.1217262186888464,-3.1219607755409213,4.433484169082805,1.8570066790228152,-0.031183602843260525,-0.0006101563558908076,0.01429784840653315,-4.2639764633841185e-06,0.03118957018193803,-9.430312938084459e-06
186,11452,1146346.3463463464,car,19.962964306170207,20.238869079557805,-0.014223321526356995,-0.00027916140098550716,-3.12171903903751,-3.122117777274441,4.433484169082805,1.8570066790228152,-0.01879882082445357,-0.0003709337446672358,0.014226060374204033,-3.543928934815791e-06,0.01880247985929709,-2.7154316975894904e-06
186,11453,1146446.4464464465,car,19.95858687660304,20.23496950357657,-0.010578742016818674,-0.0002095210216184258,-3.121717795779179,-3.1222936168123256,4.433484169082805,1.8570066790228152,0.0026345425425327446,4.316632362352053e-05,0.010580816657663198,-7.575102655843632e-07,-0.00263488009243525,9.199912960313825e-06
186,11454,1146546.5465465465,car,19.957105840934695,20.232515999416986,-0.004333611664943561,-9.052773734972237e-05,-3.121723689676633,-3.1224916545019092,4.433484169082805,1.8570066790228152,0.02583284505943565,0.00048791135287740454,0.004334554864738652,4.4111602841288605e-06,-0.02583743979231948,2.5423047448251115e-05
186,11455,1146646.6466466468,car,19.95787817155974,20.23221088623876,0.0031466022135724653,5.093833342993047e-05,-3.1217362492480034,-3.122719353333285,4.433484169082805,1.8570066790228152,0.04481506096079708,0.0008471522893601265,-0.0031469933035191797,1.1547808328718342e-05,-0.044823046774843715,4.282220800551405e-05
186,11456,1146746.7467467468,car,19.960218183897382,20.232592220015857,0.010452792074072998,0.0001878161836903078,-3.1217459589409096,-3.122960697883761,4.433484169082805,1.8570066790228152,0.055752912579699075,0.00104913084829416,-0.010454460795521718,1.966055845276389e-05,-0.05576275305952821,5.751415901767147e-05
186,11457,1146846.8468468469,car,19.964403208962413,20.232616424635204,0.01624609012436627,0.00029516775864138906,-3.1217567128573065,-3.123203789136919,4.433484169082805,1.8570066790228152,0.05657678501087354,0.0010581809833407638,-0.016248748645157435,2.712565698590792e-05,-0.05658664353516992,6.420734943059767e-05
186,11458,1146946.946946947,car,19.96879719379588,20.23205005095208,0.019718547569989146,0.00035862890071870985,-3.1217590482511364,-3.1234543039238503,4.433484169082805,1.8570066790228152,0.04807966162222148,0.0008934929999799542,-0.01972178177360835,3.2505884465290776e-05,-0.048087925363995664,6.0213246989401846e-05
186,11459,1147047.0470470472,car,19.972665547230626,20.232995434476717,0.020587095005851215,0.0003739518024584324,-3.1217571313243546,-3.1236914272343466,4.433484169082805,1.8570066790228152,0.032782358936993446,0.0006060422276841321,-0.020590462206452047,3.44507645190589e-05,-0.032787930448417345,4.428956262560288e-05
186,11460,1147147.1471471472,car,19.97601007580124,20.233672408939963,0.018947148209547307,0.0003438943077607786,-3.1217542721804206,-3.123925926133095,4.433484169082805,1.8570066790228152,0.013694958125416545,0.00025418465002300826,-0.018950241757908336,3.202945970678153e-05,-0.013697305591790212,1.753334915530468e-05
186,11461,1147247.2472472473,car,19.978564580317745,20.233837404319036,0.01523939355060051,0.0002773474728581262,-3.121751478558283,-3.1241658349536072,4.433484169082805,1.8570066790228152,-0.0060019607114193164,-0.0001025921391864191,-0.0152418965247146,2.5054753605400408e-05,0.006002814762593809,-1.6506193678312125e-05
186,11462,1147347.3473473473,car,19.97982332639269,20.233483156618902,0.01025262608949849,0.00018910079504887465,-3.1217466531517375,-3.124412384512124,4.433484169082805,1.8570066790228152,-0.02301250373884098,-0.00040501879537755987,-0.010254359735084524,1.4396709014466457e-05,0.023016009467820762,-5.173714298534475e-05
186,11463,1147447.4474474476,car,19.97856619271997,20.23332127788907,0.004994163146006102,9.730863645498669e-05,-3.1217284176746047,-3.1246478304860394,4.433484169082805,1.8570066790228152,-0.03447281928051717,-0.0006037857117660887,-0.004995110694902971,1.9092721803459003e-06,0.034478011179087734,-8.106458924926597e-05
186,11464,1147547.5475475476,car,19.977631916641297,20.23219318538392,-0.00019770828495187373,8.2841493569968e-06,-3.121727210265991,-3.124937271174463,4.433484169082805,1.8570066790228152,-0.04122564977477993,-0.000714651590740092,0.00019750471737173803,-1.2209819207925038e-05,0.04123171141978473,-0.00010440136279494226
186,11465,1147647.6476476477,car,19.978069600224153,20.230726647475407,-0.005523398835590927,-8.089396025329382e-05,-3.1217414130452,-3.1252526130593914,4.433484169082805,1.8570066790228152,-0.04587584558219583,-0.0007830720287775142,0.005523916303599937,-2.8761095867025626e-05,0.04588235062188649,-0.0001277148934279909
186,11466,1147747.7477477477,car,19.978281192850964,20.230014444841522,-0.010978609931312769,-0.00016988254150784542,-3.1217515156611677,-3.1255680549169482,4.433484169082805,1.8570066790228152,-0.049223037000007665,-0.000824194663144808,0.010979819465165096,-4.796471838939089e-05,0.049229700369867575,-0.00015254455067390752
186,11467,1147847.847847848,car,19.976940370009412,20.229852258860785,-0.01604020750858951,-0.0002503081514147211,-3.1217485313201903,-3.125873699915206,4.433484169082805,1.8570066790228152,-0.04974416443818507,-0.0008161417173386974,0.016042016201644395,-6.802407996308533e-05,0.0497505649556191,-0.00017108346706014928
186,11468,1147947.947947948,car,19.97320566264525,20.232018317134195,-0.0198364382629111,-0.0003089102864038452,-3.1217249269742657,-3.126151349612004,4.433484169082805,1.8570066790228152,-0.04515537840656779,-0.000726575012791062,0.019838660348525505,-8.522968480245138e-05,0.04516090113016938,-0.00017064407580392592
186,11469,1148048.048048048,car,19.969771950641668,20.233431069090003,-0.021886820592118973,-0.0003391071718068029,-3.121724907455749,-3.126467304965085,4.433484169082805,1.8570066790228152,-0.03557699167448869,-0.000561613734846312,0.021889237922988063,-9.5772941873322e-05,0.03558112756493532,-0.00014528524221498384
186,11470,1148148.148148148,car,19.966604070268456,20.235177782129934,-0.021817563734003995,-0.0003365602752578637,-3.121731755538359,-3.126777785838372,4.433484169082805,1.8570066790228152,-0.021496397836847793,-0.0003337016173328365,0.021819944798810956,-9.67940238375066e-05,0.02149878547058207,-9.327389417367065e-05
186,11471,1148248.2482482484,car,19.96310020985714,20.23786392945245,-0.01909958890461059,-0.00029503915638036664,-3.121733737085614,-3.127071433702679,4.433484169082805,1.8570066790228152,-0.0026095017207803106,-4.311381311897168e-05,0.019101681586115176,-8.429123080059978e-05,0.002609843311867823,-8.713158775749102e-06
186,11472,1148348.3483483484,car,19.95777424281496,20.24069446842676,-0.01305656309908938,-0.00020651925798578273,-3.1217113611412293,-3.1273310266616567,4.433484169082805,1.8570066790228152,0.021840844145006186,0.00031693964747071877,0.013058088377008163,-5.308580474819766e-05,-0.02184282857265432,0.00011731859283927592
186,11473,1148448.4484484484,car,19.95453861127383,20.243742764074355,-0.003979197420451469,-7.694314956556344e-05,-3.1217181252453683,-3.1275820341283964,4.433484169082805,1.8570066790228152,0.048567258607702175,0.0006964425898679401,0.003979940669179618,-2.151511743375486e-06,-0.04857150752248347,0.00026888276578139025
186,11474,1148548.5485485485,car,19.954311569647114,20.245446658529243,0.007039544230716545,7.683525166102959e-05,-3.121736456668781,-3.1278430501398704,4.433484169082805,1.8570066790228152,0.07244715799889104,0.0010224779664755569,-0.007039682096477437,6.29492863139464e-05,-0.07245317783970116,0.0004161541022833868
186,11475,1148648.6486486488,car,19.956597850006485,20.245948137225138,0.01853476123972424,0.00023363314823592304,-3.1217492008504197,-3.1281283682480887,4.433484169082805,1.8570066790228152,0.08890417070886328,0.0012336480531713006,-0.0185357479955104,0.00013418237019364323,-0.08891114594409763,0.000530644756091273
186,11476,1148748.7487487488,car,19.961117325905416,20.24614333201897,0.028921043854057967,0.0003718208886087311,-3.1217592253109956,-3.128425021479954,4.433484169082805,1.8570066790228152,0.09467121871998575,0.0012906583696607103,-0.028922729778544858,0.0002018180834918245,-0.09467819566618961,0.0005871272002473131
186,11477,1148848.8488488488,car,19.96727179116742,20.24648407229687,0.036746492086500396,0.00047289999329200224,-3.12176678012555,-3.1287251182207156,4.433484169082805,1.8570066790228152,0.08826739963991155,0.0011816135912717368,-0.03674864547957853,0.00025567652051844143,-0.08827347777087538,0.0005684822826674553
186,11478,1148948.9489489489,car,19.97449583047576,20.246427698215346,0.040869378828261464,0.0005236732085319978,-3.1217714077447716,-3.1290228968657114,4.433484169082805,1.8570066790228152,0.0699897131238256,0.0009197967601639063,-0.04087172984956496,0.00028645862085232437,-0.06999419505611117,0.00046757639212785095
186,11479,1149049.0490490492,car,19.981707218860066,20.244405913748835,0.0406528146275472,0.0005183296832958354,-3.1217684883064756,-3.1293240123082873,4.433484169082805,1.8570066790228152,0.04197781696951397,0.0005419814835384899,-0.04065510144159334,0.00028762749530708434,-0.0419803122772501,0.0002902456874415241
186,11480,1149149.1491491492,car,19.98826025817722,20.243914824929814,0.03595307159845637,0.0004577959516886997,-3.1217657230484024,-3.1296325083731515,4.433484169082805,1.8570066790228152,0.007453370897626273,9.67950870391361e-05,-0.035955081218614966,0.00025508637735939185,-0.007453824982560666,5.099172297221581e-05
186,11481,1149249.2492492492,car,19.99352913320105,20.245418556510455,0.027151418824266395,0.0003495627753068329,-3.121759331921324,-3.1299385033429137,4.433484169082805,1.8570066790228152,-0.02957655661689998,-0.0003605549063255593,-0.027153011385904875,0.00018897349424754664,0.0295778902134641,-0.00022607890974218295
186,11482,1149349.3493493493,car,19.996774657107427,20.246146170777806,0.015189229729942098,0.00020738903411422389,-3.121749932345491,-3.130250488424893,4.433484169082805,1.8570066790228152,-0.06448824570762694,-0.0007719838230119879,-0.015190354465858579,9.402766613141698e-05,0.06449086778465345,-0.000507706463032974
186,11483,1149449.4494494495,car,19.997156693614567,20.246429801044346,0.0015587092261409065,5.054900237119339e-05,-3.1217342861124306,-3.1305685057924104,4.433484169082805,1.8570066790228152,-0.0923166903523303,-0.0010805661937721043,-0.001559405648729513,-1.9587649373860945e-05,0.0923199450576612,-0.0007527851337366634
186,11484,1149549.5495495496,car,19.994663192218674,20.24645331294431,-0.012029242027012737,-0.00010048535660277824,-3.121716054683522,-3.130914105362324,4.433484169082805,1.8570066790228152,-0.10917625008758249,-0.0012468315007182122,0.012028863029299095,-0.00013861916787538542,0.10917946530353059,-0.0009233244352325155
186,11485,1149649.6496496496,car,19.99018495444003,20.24601389963431,-0.024061099100476584,-0.0002288991368168097,-3.1217042146150944,-3.131294897147582,4.433484169082805,1.8570066790228152,-0.11345530108673074,-0.0012608163171029514,0.024060892719799526,-0.00024965228636792227,0.11345793721920676,-0.0009957331111983226
186,11486,1149749.7497497497,car,19.98461835455496,20.243835100975925,-0.0334478179692288,-0.0003239402262806212,-3.1217031523752814,-3.1317004377244286,4.433484169082805,1.8570066790228152,-0.10581420341339991,-0.0011399392313791257,0.03344764492312859,-0.00034134040074090214,0.10581594579139066,-0.0009647392067710773
186,11487,1149849.84984985,car,19.978868210777183,20.242295988793426,-0.03960139655758078,-0.0003813163510435466,-3.121707976891748,-3.1321162284630906,4.433484169082805,1.8570066790228152,-0.08860018728236929,-0.0009199102743976215,0.039601149464868514,-0.00040616810742368566,0.08860096249919219,-0.0008419415660211388
186,11488,1149949.94994995,car,19.97309613636606,20.23972528092588,-0.042228068158354636,-0.0004005696129245693,-3.121714638367406,-3.13255228774384,4.433484169082805,1.8570066790228152,-0.06439038426221039,-0.0006374470776719468,0.04222768753337542,-0.0004388644267350054,0.06439033356636223,-0.000642547604889209
186,11489,1150050.05005005,car,19.966955656485563,20.237681154353517,-0.04122428055373351,-0.00038374364265502536,-3.1217120377662817,-3.1330086250020557,4.433484169082805,1.8570066790228152,-0.03549913865645376,-0.0003247143828461752,0.04122376266009783,-0.00043584228814251563,0.03549857866417213,-0.000381048033901688
186,11490,1150150.15015015,car,19.961368371341617,20.23610421395534,-0.0368880114044885,-0.0003367685045840887,-3.121711231013028,-3.1334787219467684,4.433484169082805,1.8570066790228152,-0.004899594255205919,-1.646281423905321e-05,0.03688741626059058,-0.0003966358799587151,0.004898953236035053,-8.094492597562788e-05
186,11491,1150250.2502502503,car,19.957244287439188,20.23560705371736,-0.03005932860326369,-0.0002697584449379118,-3.1217194054068056,-3.1339677215293733,4.433484169082805,1.8570066790228152,0.02348692103861899,0.00024982024700413675,0.030058753516577393,-0.00032763199973147484,-0.02348724757156023,0.00021695977132828918
186,11492,1150350.3503503504,car,19.95537073676975,20.23571406126176,-0.022064071025734062,-0.0001955681310008493,-3.121740365435909,-3.1344866742192683,4.433484169082805,1.8570066790228152,0.04537743543869098,0.0004405726290411419,0.022063605515983714,-0.0002424639304175132,-0.045377239606217215,0.0004603009384962812
186,11493,1150450.4504504504,car,19.955725727811043,20.23497272011807,-0.014412052699110656,-0.0001267036856650994,-3.1217631149674685,-3.13505450238184,4.433484169082805,1.8570066790228152,0.05743821818220229,0.0005366137326115628,0.014411731616973462,-0.00015908685122070055,-0.05743756599946003,0.0006023904896110784
186,11494,1150550.5505505505,car,19.957967829405877,20.233749320771665,-0.008412043736291897,-7.228810477530395e-05,-3.1217891013362085,-3.1356615029722366,4.433484169082805,1.8570066790228152,0.058409514962318956,0.0005393305220300162,0.008411825737366483,-9.430352887653181e-05,-0.05840874175699692,0.0006174155082278227
186,11495,1150650.6506506507,car,19.95938580509455,20.2327680839124,-0.004541510507298795,-3.450932437664854e-05,-3.1217802353464665,-3.1362767834998437,4.433484169082805,1.8570066790228152,0.05074477092965475,0.0004764684305940333,0.004541302860982053,-5.546986759056037e-05,-0.050744251158594,0.000528935933755609
186,11496,1150750.7507507508,car,19.960444690921648,20.231581117973708,-0.0028043923460127724,-1.199913144535939e-05,-3.121770359451484,-3.1368810572405836,4.433484169082805,1.8570066790228152,0.037781461551388354,0.00037879349879483886,0.002804079243179365,-4.358907547890297e-05,-0.03778154724975006,0.00037014711760268153
186,11497,1150850.8508508508,car,19.960802944685554,20.230969427717934,-0.0028077605984596805,-1.1521019226231176e-06,-3.1217593352835067,-3.137498445282196,4.433484169082805,1.8570066790228152,0.02310057283525045,0.0002738043220344921,0.002807231233990178,-5.453168355631036e-05,-0.02310145964982703,0.00018438050571926122
186,11498,1150950.9509509508,car,19.959996628955768,20.23160011336159,-0.0038509115880179965,2.6548344109949144e-06,-3.1217397526545287,-3.1381172989557964,4.433484169082805,1.8570066790228152,0.010086525645200689,0.00018227060571746778,0.0038501000155700196,-7.910105552249086e-05,-0.010088156333179651,1.799895349924679e-05
186,11499,1151051.0510510511,car,19.958361562887426,20.23149708701949,-0.005222201805330779,3.3372512861602407e-06,-3.121722083340198,-3.1387594319641177,4.433484169082805,1.8570066790228152,0.0008522425746053663,0.00011415471831668632,0.00522110456459328,-0.00010709789180659323,-0.0008543425006810135,-9.719875109309774e-05
186,11500,1151151.1511511512,car,19.956686947565263,20.232419776174325,-0.006476263622984235,3.149585745212323e-06,-3.121718185387624,-3.13942726631108,4.433484169082805,1.8570066790228152,-0.0043423737788867425,6.910880633685944e-05,0.006474922028652495,-0.00013185278590122765,0.004340142789910492,-0.00015539184619665854
186,11501,1151251.2512512512,car,19.955207273049933,20.235316940486936,-0.007436046834071526,3.05466133764974e-06,-3.1217225142972143,-3.140097106608484,4.433484169082805,1.8570066790228152,-0.006378964269248143,4.1910670582898255e-05,0.007434518230756414,-0.0001507996220538181,0.0063768723155118645,-0.00016864496527185644
186,11502,1151351.3513513512,car,19.954144838116733,20.23933635500528,-0.008133241401222315,3.277963035414513e-06,-3.1217335315341606,-3.140762414349599,4.433484169082805,1.8570066790228152,-0.006606469611140933,2.6505823321819136e-05,0.008131572547640154,-0.00016478573379814448,0.006604640560810898,-0.00015769065948909624
186,11503,1151451.4514514515,car,19.953524580505114,20.24303551705368,-0.008649880725355451,3.7860418387315554e-06,-3.121747326261505,-3.141424514116189,4.433484169082805,1.8570066790228152,-0.006045385749385933,1.818604992902803e-05,0.008648102329339352,-0.00017543374323039814,0.00604383445568698,-0.00013814725310845092
186,11504,1151551.5515515516,car,19.952677415492353,20.244611279538958,-0.008884046168799209,4.365579059064251e-06,-3.1217473421604565,3.1411011496344976,4.433484169082805,1.8570066790228152,-0.004606584056848261,1.3373390647323624e-05,0.008882210165307998,-0.00018065980996249568,0.0046054115847295645,-0.0001047838519272259
186,11505,1151651.6516516516,car,19.951500793561657,20.245063048837128,-0.008579907714450592,4.269419023588494e-06,-3.1217430869981917,3.1404340522160616,4.433484169082805,1.8570066790228152,-0.0016386084372974619,7.808517549983258e-06,0.008578132764865149,-0.00017456484403967435,0.0016381306521858552,-4.033051075678779e-05
186,11506,1151751.7517517516,car,19.94987321628485,20.24494062747992,-0.007358037356165042,1.959708715534226e-06,-3.121734827679013,3.1397533482652373,4.433484169082805,1.8570066790228152,0.0037364459293555054,-4.180946092045476e-06,0.007356547731449246,-0.00014806434441634519,-0.0037356262320876452,7.837293822621332e-05
186,11507,1151851.851851852,car,19.948050513648962,20.245240942849936,-0.004857070766530855,-4.826294558202053e-06,-3.1217282909458137,3.1390565925760794,4.433484169082805,1.8570066790228152,0.011985598387269219,-2.8876612170577372e-05,0.004856208380174311,-9.165092761443906e-05,-0.011982660171221394,0.00026694153042459355
186,11508,1151951.951951952,car,19.946364337629618,20.24451529938454,-0.0008588484590473858,-1.8621185996380512e-05,-3.121723600943342,3.138335952470905,4.433484169082805,1.8570066790228152,0.02283915276352331,-7.116798991563323e-05,0.0008590488978295295,1.5541280034921839e-06,-0.022833230752498157,0.0005249164138368796
186,11509,1152052.052052052,car,19.945222093012685,20.242379168290203,0.004528466991332337,-4.117542139751824e-05,-3.121719452827855,3.137582472864813,4.433484169082805,1.8570066790228152,0.03486650943255397,-0.00013101289514466741,-0.004526754541529946,0.00013115650060830424,-0.034857021023724295,0.000823850557268537
186,11510,1152152.152152152,car,19.945909692373974,20.239965416765354,0.010667599871008215,-7.171136118520644e-05,-3.1217395588755323,3.1367811803452796,4.433484169082805,1.8570066790228152,0.045140355997970644,-0.00019858055872529857,-0.010664074048586472,0.0002834681878483459,-0.04512751817934172,0.0010946583188422322
186,11511,1152252.2522522523,car,19.948143120613942,20.238314360058265,0.016712040499794165,-0.00010697638847736523,-3.1217642071837157,3.135924293585516,4.433484169082805,1.8570066790228152,0.05105835225084698,-0.0002582578434339162,-0.016706634257029597,0.00043830744494845306,-0.05104319482653312,0.0012705485373841075
186,11512,1152352.3523523523,car,19.951279789116676,20.23804719764936,0.021854530891910473,-0.00014176868029907422,-3.121778033800215,3.1350448505764525,4.433484169082805,1.8570066790228152,0.05118069331876473,-0.00029293327220651796,-0.0218474318698416,0.0005747517349364939,-0.05116484240554351,0.0013069353875805587
186,11513,1152452.4524524524,car,19.95508467319325,20.237998443879224,0.02535894062889555,-0.00016900555508554064,-3.121781914873875,3.1341591635391435,4.433484169082805,1.8570066790228152,0.04490240811987307,-0.00028484380465087226,-0.02535061663276124,0.0006713188782302494,-0.044887954490888914,0.0011742796006814578
186,11514,1152552.5525525524,car,19.95915676619983,20.23981061659814,0.02653984373207463,-0.00017960849862219035,-3.1217772630624547,3.1332787474953503,4.433484169082805,1.8570066790228152,0.03205004438784941,-0.00021538187698942135,-0.02653107469205969,0.0007054361913513868,-0.032039484776834416,0.0008503821794044055
186,11515,1152652.6526526527,car,19.96408579700879,20.239917913328377,0.024671975670026026,-0.00016182203146688292,-3.121788994187541,3.132351160688535,4.433484169082805,1.8570066790228152,0.0123629791067007,-6.278156601094084e-05,-0.02466393338073809,0.0006503537673740341,-0.012359311675425028,0.00030758547990996293
186,11516,1152752.7527527527,car,19.968950402771217,20.2397180607005,0.01929301762246439,-0.00010358319966771612,-3.1217963020480846,3.131419431898045,4.433484169082805,1.8570066790228152,-0.013298421232401162,0.00018746541710056567,-0.01928718688669617,0.00048546931687835237,0.013292104632644883,-0.00045067171178934343
186,11517,1152852.8528528528,car,19.972356069172253,20.240108948980755,0.010405832038987872,4.58578936792729e-06,-3.1217743372209266,3.1305243754132706,4.433484169082805,1.8570066790228152,-0.04260365011951635,0.0005342085489815961,-0.010403879455784387,0.00020162768311465665,0.042584697346897016,-0.0013783809898400457
186,11518,1152952.9529529528,car,19.97372455729393,20.241084434226536,-0.0017288113838898958,0.00017073598690100337,-3.1217300759800723,3.1296115827539284,4.433484169082805,1.8570066790228152,-0.07312670202136803,0.0009712104999260133,0.0017250793342410578,-0.00020503870089518453,0.07309298797411726,-0.002423408214203201
186,11519,1153053.053053053,car,19.97365406677503,20.242131441051242,-0.01700923738175878,0.00040651142466758427,-3.121700299632746,3.1285980481641893,4.433484169082805,1.8570066790228152,-0.10400044659239593,0.001508590458046809,0.016997786230400217,-0.0007447624540901736,0.10394986304751011,-0.0035769692466948986
186,11520,1153153.1531531531,car,19.970947676301325,20.242681600217658,-0.035672690564199264,0.0007305379828890994,-3.121627085766012,3.127642645405158,4.433484169082805,1.8570066790228152,-0.13600886428756434,0.002179617450909199,0.035650996170252726,-0.0014425705882834027,0.13593824258726092,-0.004894496839554036
186,11521,1153253.2532532534,car,19.969446340285092,20.24313588562472,-0.05931406175384947,0.0011849740409509498,-3.1216575452175426,3.1265114446152342,4.433484169082805,1.8570066790228152,-0.17489706573974337,0.0030959129507011117,0.05927865516533088,-0.0023670925218475447,0.1748006008239381,-0.006581658830467572
186,11522,1153353.3533533535,car,19.968688709792712,20.24348270591692,-0.09027699134746522,0.0018308445590398265,-3.1217272950652144,3.1253671088417154,4.433484169082805,1.8570066790228152,-0.22708369759740776,0.004398935960877401,0.09022281082579209,-0.003623750162885095,0.2269515110782464,-0.008908870377294417
186,11523,1153453.4534534535,car,19.965948794181948,20.243131218206543,-0.1307558702641715,0.0027372801847914776,-3.1217497798239426,3.124212989550174,4.433484169082805,1.8570066790228152,-0.2959166584795452,0.006206664212161978,0.13067581728331998,-0.005331143281442416,0.2957352533592517,-0.012076893925240827
186,11524,1153553.5535535538,car,19.960150378596733,20.24276022045226,-0.18249007728068892,0.003977331123870295,-3.1217703486275163,3.123038702517047,4.433484169082805,1.8570066790228152,-0.38167938012145747,0.008606474773339468,0.18237539140210232,-0.007593686832540712,0.38143380812978833,-0.01617005360324872
186,11525,1153653.6536536538,car,19.947174858058197,20.24096595592734,-0.24610236902511465,0.005616407187578398,-3.121710003526601,3.121897817433401,4.433484169082805,1.8570066790228152,-0.48021455210585057,0.01162218998297748,0.2459420643598414,-0.01050814198086512,0.4798885713671451,-0.021167201643665656
186,11526,1153753.7537537538,car,19.92848728423593,20.237996580420937,-0.3216804990326729,0.007725854135236639,-3.121773120406667,3.1206171469990087,4.433484169082805,1.8570066790228152,-0.5869038934217223,0.01529140565183685,0.32146420801803616,-0.014099476705366917,0.5864855765121502,-0.026919802072013048
186,11527,1153853.853853854,car,19.90064158104145,20.237719734449758,-0.40785071780255544,0.010362321961745578,-3.1218634004772414,3.1192575083829057,4.433484169082805,1.8570066790228152,-0.6932537779496759,0.019580125805343858,0.4075669161612276,-0.01840637333440431,0.6927325838898464,-0.03325280717997387
186,11528,1153953.9539539542,car,19.8591049474882,20.23882527819951,-0.5012267682577659,0.013558100422398184,-3.12196174871962,3.1178642450608267,4.433484169082805,1.8570066790228152,-0.7862627370164261,0.024373073938030558,0.5008640511865166,-0.0233943910845858,0.7856328051272986,-0.03980243537225368
186,11529,1154054.0540540542,car,19.80213147070627,20.238325591181727,-0.59741213624314,0.01735418082385538,-3.122331469997907,3.1160083730366863,4.433484169082805,1.8570066790228152,-0.8540586576908584,0.029633475210173663,0.5969670803559067,-0.02885711513653933,0.853329497099493,-0.04607714194336768
186,11530,1154154.1541541542,car,19.731478388212555,20.23934928256078,-0.6929665356159806,0.021828598901723895,-3.123388630931182,3.112378474273405,4.433484169082805,1.8570066790228152,-0.893087148532235,0.03548250487673633,0.6924543725674901,-0.03443906395055121,0.8922932854846299,-0.05173350659689245
186,11531,1154254.2542542543,car,19.65219836939191,20.243658254767638,-0.7880550675715936,0.027021626420899055,-3.1262673659600106,3.1025070875887453,4.433484169082805,1.8570066790228152,-0.9151568626375,0.04184783081466341,0.7875484283392011,-0.03909515110795482,0.9144080908984713,-0.055867409782606486
186,11532,1154354.3543543546,car,19.564228524813544,20.251499454669403,-0.8879156497816858,0.03232464423924211,-3.1330304241492595,3.08334182275892,4.433484169082805,1.8570066790228152,-0.9471664073360098,0.046168544557452694,0.8876063350064406,-0.0399259039830185,0.9467363874824387,-0.054276609225881435
186,11533,1154454.4544544546,car,19.46712668466823,20.256339607682328,-1.003774630261058,0.0355903436526315,-3.1382517489759953,3.0767248235137434,4.433484169082805,1.8570066790228152,-1.02879711553611,0.04091030255368207,1.0036501246567886,-0.03894365408444865,1.0286546968437644,-0.044347180876773626
186,11534,1154554.5545545546,car,19.311359964185673,20.253899712982157,-1.1526194282153819,0.03504660276580291,-3.140697645334934,3.092604991263391,4.433484169082805,1.8570066790228152,-1.2066686429138018,0.02291892924913476,1.152587599573816,-0.03607819249418063,1.2066476469909124,-0.02399889832175203
186,11535,1154654.6546546547,car,19.13192628494175,20.248687608602065,-1.3433464876693684,0.030334673521502147,-3.1411025478115255,3.1149203477483325,4.433484169082805,1.8570066790228152,-1.477921556156393,-0.004253583927793826,1.3433314591328112,-0.03099305172771696,1.4779234633612806,0.003529245551430053
186,11536,1154754.754754755,car,18.93990421511176,20.24941359306505,-1.5871005000789182,0.022683289672173583,-3.140620272031822,3.1316246626117596,4.433484169082805,1.8570066790228152,-1.8495261344423475,-0.03227734093140959,1.587077692947592,-0.02422654596207914,1.8495566459411061,0.030478880851175387
186,11537,1154854.854854855,car,18.63665056521328,20.267504307366753,-1.903151179593025,0.013710950968812328,-3.139976178813886,-3.1379273123049387,4.433484169082805,1.8570066790228152,-2.3572586768169095,-0.05454467751167756,1.903126529738656,-0.01678732759230769,2.357343767127038,0.050734158717406524
186,11538,1154954.954954955,car,18.39849609807605,20.271369757855044,-2.198523223871861,0.006191139336695007,-3.13960316072243,-3.1380954834838057,4.433484169082805,1.8570066790228152,-2.5876751816983914,-0.0625337289371012,2.1985065556864143,-0.010565070471400314,2.5877944709105893,0.05738544725943128
186,11539,1155055.055055055,car,18.142388827969658,20.274575283746277,-2.4645515555424473,0.0003491642749675764,-3.139316354220314,-3.1384667085672486,4.433484169082805,1.8570066790228152,-2.6148309037344712,-0.06091388673342954,2.464544375658693,-0.005959215677507383,2.6149627874356995,0.054961596122401916
186,11540,1155155.1551551553,car,17.87191439600702,20.276341723742387,-2.698422153169237,-0.003890482199013107,-3.139169021195018,-3.1388318856368347,4.433484169082805,1.8570066790228152,-2.5067234945125016,-0.053708443550934015,2.6984236570048257,-0.0026495061698805075,2.5068463016729683,0.04763291549121504
186,11541,1155255.2552552554,car,17.586768735793413,20.2772665370686,-2.9004574051765903,-0.0067625215468245506,-3.139127025006634,-3.139092293035527,4.433484169082805,1.8570066790228152,-2.3171162542735,-0.04399623011475025,2.900465262619976,-0.0003889424453896971,2.3172176892790906,0.03828295410278068
186,11542,1155355.3553553554,car,17.28485567633701,20.2783603193595,-3.0724891960230702,-0.008553861763003927,-3.1391354558618465,-3.1392473136965804,4.433484169082805,1.8570066790228152,-2.084754486578834,-0.03386318871258189,3.072500938966881,0.0010041300653668254,2.0848314013617633,0.028740437649897407
186,11543,1155455.4554554555,car,16.971439375435327,20.282338607130356,-3.218408605988565,-0.009546979920635803,-3.139166106544842,-3.1393353824201053,4.433484169082805,1.8570066790228152,-1.841327861716476,-0.024568255326513383,3.2184222969613585,0.001737339585418881,1.841382056698566,0.02010011869912787
186,11544,1155555.5555555557,car,16.64895431518044,20.288720705190865,-3.343617204873605,-0.009995155027499286,-3.139195788047695,-3.139364935467898,4.433484169082805,1.8570066790228152,-1.6120815099980432,-0.016768369864672863,3.343631557416988,0.001980933125827424,1.6121170708142385,0.012904382775184912
186,11545,1155655.6556556558,car,16.317759196477027,20.29564815320361,-3.4542433323705626,-0.010102120897607932,-3.1392161383844783,-3.1393652300211605,4.433484169082805,1.8570066790228152,-1.4152783960553965,-0.01067327367898497,3.454257585716377,0.0018930382951032505,1.415299764608575,0.007309816076641508
186,11546,1155755.7557557558,car,15.9803359632019,20.30241332255327,-3.5568320280511148,-0.010022982607984088,-3.1392282850964954,-3.139356887034696,4.433484169082805,1.8570066790228152,-1.2637074166433344,-0.00622267899884772,3.5568457842885106,0.0016133008448228365,1.2637185971245948,0.0032347943888849083
186,11547,1155855.8558558559,car,15.635267806804796,20.309295548187762,-3.657039608714415,-0.009869217809444334,-3.1392352476521657,-3.139350579357065,4.433484169082805,1.8570066790228152,-1.1617456380187765,-0.0032104989038326684,3.657052712702378,0.001248071483442064,1.1617499783414704,0.00047178645446802406
186,11548,1155955.9559559561,car,15.278678757637351,20.317294308482285,-3.7584722920818847,-0.009715581731809104,-3.139237920901327,-3.1393434827783353,4.433484169082805,1.8570066790228152,-1.1041197245164092,-0.0013682310154221626,3.758484749738696,0.000865365410357392,1.1041198852903706,-0.0012316771824906962
186,11549,1156056.0560560562,car,14.908771913739267,20.324763876409154,-3.8627453662290394,-0.009605519485590295,-3.1392400822707516,-3.1393387921046445,4.433484169082805,1.8570066790228152,-1.0798819784693516,-0.0004101799964371835,3.862757274523335,0.0005181173254274439,1.0798799550945575,-0.0021303181657114944
186,11550,1156156.1561561562,car,14.52460527078263,20.333184598938377,-3.9701215355440924,-0.009560686864515756,-3.1392396199769648,-3.139329635029906,4.433484169082805,1.8570066790228152,-1.0770890472177193,-7.705780978943563e-05,3.9701330413266422,0.00021883959731660609,1.0770862467428992,-0.002457366796894248
186,11551,1156256.2562562563,car,14.128195881123768,20.340147596396644,-4.080719699755937,-0.009585677950420137,-3.1392405039972644,-3.1393250442216365,4.433484169082805,1.8570066790228152,-1.087876591477273,-0.00014406719943503348,4.080730958178209,-1.2802894718048907e-05,1.087873920948746,-0.002414779320946545
186,11552,1156356.3563563565,car,13.7223597326141,20.347314215065033,-4.1951152495806285,-0.009678447399545532,-3.139241707827636,-3.139321757471727,4.433484169082805,1.8570066790228152,-1.1092038836060836,-0.0004479331822925028,4.195126409982232,-0.00018405867942952042,1.1092018714181713,-0.002159743823008424
186,11553,1156456.4564564566,car,13.304842027827517,20.35453650515862,-4.313550136645562,-0.009831043928859211,-3.1392430744673665,-3.1393216048923582,4.433484169082805,1.8570066790228152,-1.137917482140967,-0.0008658631251299098,4.313561328921026,-0.00030400122687470124,1.1379163756051849,-0.0018077639639911087
186,11554,1156556.5565565566,car,12.875726418401168,20.36156213283927,-4.435791083227053,-0.010033334634667865,-3.1392461097321744,-3.139324045612009,4.433484169082805,1.8570066790228152,-1.1702450712891737,-0.0013142747513195867,4.435802414543392,-0.00037546175620990427,1.1702449334496283,-0.0014317577309321265
186,11555,1156656.6566566566,car,12.430874764919988,20.369202616813453,-4.560482225549595,-0.010273810580722544,-3.139249312128363,-3.139325732152181,4.433484169082805,1.8570066790228152,-1.1995250178948655,-0.0017366979702559638,4.560493779207395,-0.0004129749299229546,1.1995257941236075,-0.001074200933963268
186,11556,1156756.756756757,car,11.972528796204603,20.377727931810035,-4.6862208523773194,-0.010541646252695772,-3.139250909244721,-3.139321965033695,4.433484169082805,1.8570066790228152,-1.2215002288969983,-0.002101236550450779,4.686232689130486,-0.0004323038023257477,1.2215018002417763,-0.0007592078500847236
186,11557,1156856.856856857,car,11.500437086590985,20.38564719371603,-4.811789355096482,-0.010824173960185045,-3.139251661384717,-3.139321288682949,4.433484169082805,1.8570066790228152,-1.2342842361991562,-0.002381232580525705,4.811801509495142,-0.00044020678353805763,1.2342864285528177,-0.0005082210809825719
186,11558,1156956.956956957,car,11.018002708728693,20.392240696428765,-4.936750518063499,-0.011113058382128508,-3.1392571678332346,-3.139328427218862,4.433484169082805,1.8570066790228152,-1.2397496267912511,-0.0025771801555628374,4.93676300869824,-0.00041667196307929033,1.2397522646515853,-0.0003182418359381693
186,11559,1157057.057057057,car,10.522738113941053,20.400614085777782,-5.060504028803642,-0.011406859462803542,-3.1392626144492333,-3.1393317718006966,4.433484169082805,1.8570066790228152,-1.2384094422092484,-0.002716124137772695,5.060516870268157,-0.0003843332904413972,1.2384124091671431,-0.00016942309666749793
186,11560,1157157.1571571573,car,10.013402641111865,20.409503683023274,-5.182309156281989,-0.011704787305834413,-3.139267228511715,-3.139329867141691,4.433484169082805,1.8570066790228152,-1.2300329476713958,-0.0028171313909335694,5.182322362937562,-0.00034630515470778986,1.230036172930788,-4.32231114649898e-05
186,11561,1157257.2572572574,car,9.494652715375206,20.418934564784916,-5.302149280161126,-0.012006691395334147,-3.1392691171326046,-3.139321485038376,4.433484169082805,1.8570066790228152,-1.2172873761741885,-0.002894346258908598,5.30216286544844,-0.0003130670842140318,1.2172908153299364,6.592939348050962e-05
186,11562,1157357.3573573574,car,8.962462288415466,20.427535616344436,-5.419492880367611,-0.012307700192932586,-3.1392684842610086,-3.139313408968483,4.433484169082805,1.8570066790228152,-1.199807479385959,-0.0029381118458496097,5.419506848119497,-0.0002881408388745194,1.1998110675128406,0.00014955067684476126
186,11563,1157457.4574574574,car,8.417515432758607,20.4359076941604,-5.533799814789383,-0.012602772776109852,-3.139266126920154,-3.1393042245857843,4.433484169082805,1.8570066790228152,-1.1773363689392369,-0.0029418633950202854,5.533814158984641,-0.0002717825707227034,1.1773400269583563,0.00020275344280297784
186,11564,1157557.5575575577,car,7.861858978222624,20.443980317465748,-5.6450710693141035,-0.012886345503404733,-3.1392612097062966,-3.1392966760182306,4.433484169082805,1.8570066790228152,-1.151815597928768,-0.002899557460255674,5.645085770824769,-0.0002748440125390824,1.151819227657523,0.00021415858189107297
186,11565,1157657.6576576577,car,7.296509835557449,20.450276190754703,-5.753791322081388,-0.013153355130405213,-3.1392594438854804,-3.1392982730393655,4.433484169082805,1.8570066790228152,-1.1263089054102617,-0.0028094375703624523,5.753806350157623,-0.00027147024094088985,1.1263123946744718,0.00018151743944183098
186,11566,1157757.7577577578,car,6.721392713276988,20.45663010494875,-5.860498701877319,-0.013404640272370915,-3.1392609682708876,-3.1393045261278445,4.433484169082805,1.8570066790228152,-1.102897903748556,-0.0026933189310240197,5.860514026207153,-0.000260222569064052,1.1029011856228015,0.00012170308934855798
186,11567,1157857.8578578578,car,6.13477792299179,20.462867636714975,-5.965265585213408,-0.013644405522166553,-3.1392670412686363,-3.1393110891086495,4.433484169082805,1.8570066790228152,-1.0810496918243402,-0.0025776020753821697,5.965281185301733,-0.00022851401426732948,1.081052762909544,6.349488809235908e-05
186,11568,1157957.957957958,car,5.537513986770423,20.47050409185415,-6.067921899480945,-0.013878422240432134,-3.139272059847759,-3.1393096142279426,4.433484169082805,1.8570066790228152,-1.0594979413372128,-0.0024845146578177267,6.067937767288236,-0.0002027840771483061,1.059500854102,2.5845882420829584e-05
186,11569,1158058.0580580581,car,4.928315825256612,20.47872984691383,-6.167928733482334,-0.014106145157681363,-3.139271329247828,-3.1393035497480892,4.433484169082805,1.8570066790228152,-1.03603744508974,-0.0024031565219139813,6.167944860312501,-0.0002116430979993006,1.036040232223637,-1.8267334282958715e-06
186,11570,1158158.1581581582,car,4.308973754205842,20.485930517508958,-6.265042925596001,-0.014322344512911098,-3.1392692809461047,-3.139302333715198,4.433484169082805,1.8570066790228152,-1.0104661540966826,-0.0023086909321276463,6.265059292176914,-0.00023371039265890695,1.010468790763751,-3.9002606736562254e-05
186,11571,1158258.2582582582,car,3.680249707023832,20.492453521974895,-6.359545014113232,-0.01452456551807092,-3.1392698423245187,-3.1393083874270604,4.433484169082805,1.8570066790228152,-0.9846915775745413,-0.0021966859234676976,6.35956159560453,-0.0002474831823935427,0.9846940236298002,-9.057063500449852e-05
186,11572,1158358.3583583585,car,3.044178207395031,20.498882215801306,-6.452471618199828,-0.01471748050354998,-3.1392756630669916,-3.139318285112966,4.433484169082805,1.8570066790228152,-0.9628130591944782,-0.002092071951830743,6.452488398570147,-0.0002328612127865514,0.9628153220976662,-0.0001387604011236659
186,11573,1158458.4584584585,car,2.3998718067437737,20.506010709809217,-6.545054507765272,-0.014911091226277907,-3.139284435328027,-3.139323720545658,4.433484169082805,1.8570066790228152,-0.9480953346026643,-0.002030770410848391,6.545071490190689,-0.00019634941991659473,0.9480974963958939,-0.00015764402095489686
186,11574,1158558.5585585586,car,1.747826433497555,20.514557761019134,-6.638479229572004,-0.015113864281982275,-3.139289071065776,-3.13932007801072,4.433484169082805,1.8570066790228152,-0.9423564055087682,-0.0020288030321656235,6.638496432062693,-0.00017844703336715624,0.9423585787173769,-0.00014199617798684155
186,11575,1158658.6586586586,car,1.0857524061187744,20.523199610991558,-6.7331294293862225,-0.015325058772569173,-3.139287406926637,-3.139313521421272,4.433484169082805,1.8570066790228152,-0.9435983824095581,-0.0020602611280161657,6.733146866932577,-0.00019649234971442185,0.9436006245991349,-0.00011496944208699757
186,11576,1158758.758758759,car,0.41187010725451073,20.53106935787903,-6.8285037122475165,-0.015537354215892,-3.1392837067206343,-3.1393114500662933,4.433484169082805,1.8570066790228152,-0.9471664717808321,-0.0020837762406267844,6.828521384967904,-0.00022932545888610344,0.9471687583224777,-0.00010318443031580044
186,11577,1158858.858858859,car,-0.2722588468697663,20.538045737681834,-6.9239071271133765,-0.01574466331960952,-3.139284165640994,-3.139314142086124,4.433484169082805,1.8570066790228152,-0.9494623141018016,-0.0020788231121115107,6.923925024300581,-0.0002391205979438496,0.9494645831390705,-0.00011300279022866252
186,11578,1158958.958958959,car,-0.9669332320225488,20.54549327676788,-7.018532488220554,-0.015943962464127964,-3.139285640947211,-3.1393177112113526,4.433484169082805,1.8570066790228152,-0.9478492431512242,-0.002044727111261993,7.018550593725723,-0.00024790878489616697,0.9478514379869661,-0.0001419765775659992
186,11579,1159059.059059059,car,-1.6715452421992525,20.5528438197976,-7.1117997607019845,-0.016133353972749134,-3.1392888302969197,-3.1393237969566234,4.433484169082805,1.8570066790228152,-0.9415952024033749,-0.001985442373226901,7.1118180557736475,-0.00025100429131909296,0.9415972777026409,-0.00018382993655887076
186,11580,1159159.1591591593,car,-2.383870026306354,20.560435999106627,-7.203677473221187,-0.016314693960574785,-3.139293886002986,-3.1393335667868403,4.433484169082805,1.8570066790228152,-0.9323798883830987,-0.0019179466283151556,7.203695943573003,-0.00024491484240985253,0.9323818337912079,-0.00022538121754958618
186,11581,1159259.2592592593,car,-3.1054288711590217,20.567887172996215,-7.294039281815623,-0.016494703077013315,-3.139303847215395,-3.139342882179338,4.433484169082805,1.8570066790228152,-0.9208629383356117,-0.001871492978693769,7.294057929569199,-0.00019996915497309808,0.9208648097857497,-0.00023618704632313273
186,11582,1159359.3593593594,car,-3.836637169283404,20.57673704280366,-7.382631599457523,-0.016682684347292427,-3.139312301353884,-3.13934273822433,4.433484169082805,1.8570066790228152,-0.9069544004374112,-0.0018739931333023995,7.382650446963935,-0.00015234491209064477,0.906956315714854,-0.00019418544156830182
186,11583,1159459.4594594594,car,-4.57705585919828,20.58653788156119,-7.469336186848532,-0.016881761843904535,-3.1393126677491594,-3.1393364883027406,4.433484169082805,1.8570066790228152,-0.8911241771607215,-0.001918558248369167,7.469355262944082,-0.00014824802496720552,0.8911262352623828,-0.00011319548416994065
186,11584,1159559.5595595597,car,-5.3252081504976525,20.59530766086494,-7.554473219945545,-0.017090244121254695,-3.139311490894197,-3.1393292277967335,4.433484169082805,1.8570066790228152,-0.8753600908246724,-0.001982297423389674,7.554492549929205,-0.00014276789334180875,0.8753623352076,-1.4544786829179084e-05
186,11585,1159659.6596596597,car,-6.081273331980044,20.604249570589253,-7.638597518890283,-0.01730493570441719,-3.139305709885963,-3.1393214517156673,4.433484169082805,1.8570066790228152,-0.8617882789745851,-0.0020453734232932495,7.638617118919865,-0.00016413682335040744,0.861790703000966,7.45085138647958e-05
186,11586,1159759.7597597598,car,-6.844587105718138,20.612299026430883,-7.722425119882292,-0.017521097875118567,-3.1392993756628984,-3.1393213071694457,4.433484169082805,1.8570066790228152,-0.8523347129648733,-0.0020896650720969735,7.7224449940086926,-0.0001885997443115163,0.8523372638776162,0.0001350209069094217
186,11587,1159859.8598598598,car,-7.6157738939183,20.6188618959108,-7.806368783931559,-0.017740927208363334,-3.1393025649287583,-3.1393224092557794,4.433484169082805,1.8570066790228152,-0.8470014258100085,-0.00213098417669841,7.806388941926972,-0.00013638032251216126,0.8470040848973517,0.00019127192306142658
186,11588,1159959.95995996,car,-8.396826851901421,20.62690204549832,-7.890081607527619,-0.0179686438151054,-3.139301525721688,-3.1393149608354176,4.433484169082805,1.8570066790228152,-0.8428433792965854,-0.0021868520355095918,7.8901020673891145,-0.00010857338328336755,0.8428461774958818,0.000255786030515584
186,11589,1160060.0600600601,car,-9.187412903035808,20.634537129002283,-7.9727511102551905,-0.018200099818183917,-3.1392953361261493,-3.1393085133615113,4.433484169082805,1.8570066790228152,-0.8362531889183773,-0.0022355332914788294,7.972771882869994,-0.00011587245680565184,0.836256117911351,0.00031439002720566405
186,11590,1160160.1601601602,car,-9.986936854005226,20.64088177429422,-8.053279788338514,-0.018431258268187617,-3.139291868014109,-3.139306492993453,4.433484169082805,1.8570066790228152,-0.8239185239709859,-0.002264161086122479,8.053300879205283,-9.764414229059687e-05,0.8239215525630939,0.0003684969103175562
186,11591,1160260.2602602602,car,-10.79544171403915,20.64703842174629,-8.130230137021409,-0.01866325270457964,-3.1392907418454152,-3.1393036133232846,4.433484169082805,1.8570066790228152,-0.8024943342384465,-0.002284917054844287,8.13025155793128,-5.1852450811649964e-05,0.802497467784586,0.0004376414997956451
186,11592,1160360.3603603605,car,-11.612750393553714,20.65318680690048,-8.201841008260397,-0.018898738442191216,-3.1392886663612614,-3.139297120949374,4.433484169082805,1.8570066790228152,-0.7686789942844527,-0.0023111556315390533,8.201862781532833,1.7680667163677555e-06,0.7686822789423849,0.0005401244785230891
186,11593,1160460.4604604605,car,-12.439465949259198,20.65880426360355,-8.266118902697926,-0.019139542154530117,-3.1392853690329643,-3.1392820925146077,4.433484169082805,1.8570066790228152,-0.7195515114105239,-0.002347832882009663,8.266141060440196,6.721964225665789e-05,0.7195550132365668,0.0006876180155131909
186,11594,1160560.5605605606,car,-13.273256959727183,20.664668184098876,-8.321699575667548,-0.01938191856911352,-3.139272045499258,-3.1392614111553896,4.433484169082805,1.8570066790228152,-0.6557654050140774,-0.0023763705594448924,8.321722146374835,7.048035156866084e-05,0.6557691539135532,0.0008545910222862415
186,11595,1160660.6606606606,car,-14.110798887480968,20.668746012071427,-8.368460463192546,-0.01961849759714842,-3.1392553843813,-3.1392459180547734,4.433484169082805,1.8570066790228152,-0.5825362127748319,-0.0023713445314405427,8.368483459144194,5.911685604332098e-05,0.5825401640936875,0.001009795341015996
186,11596,1160760.7607607609,car,-14.951964016927095,20.670892370679223,-8.407314357164234,-0.019849897289774515,-3.139244600659897,-3.1392302707392905,4.433484169082805,1.8570066790228152,-0.5070701769957278,-0.0023481822206068044,8.40733778949747,0.00010904160083868158,0.507074292819117,0.0011575492267317641
186,11597,1160860.860860861,car,-15.796053146323729,20.672779548791016,-8.440606515675418,-0.020081795170632025,-3.139231234850526,-3.139203558706403,4.433484169082805,1.8570066790228152,-0.43933154935142954,-0.0023359443424893285,8.440630403499148,0.00014995130699588938,0.43933584056769487,0.0012984930403253266
186,11598,1160960.960960961,car,-16.639556305329386,20.674140477220043,-8.473160329296281,-0.020313076254983426,-3.1392053208636086,-3.139177434401234,4.433484169082805,1.8570066790228152,-0.39502736494728025,-0.0023260653698035107,8.47318467754827,8.478463559911595e-05,0.3950317923334241,0.001382997880997858
187,11170,1118118.1181181183,motorcycle,-28.13952861519503,15.063713031460932,6.493167315312647,0.016668373923575786,0.0023992084884518743,0.0023992084884518743,2.2470487061246915,0.955019878567401,-1.0839440052493976,-0.011998621252708909,6.4931886181981495,0.001089878755960564,-1.0839696727172512,-0.009397981556020719
187,11171,1118218.2182182183,motorcycle,-27.48511740534921,15.044189565148912,6.384836652639804,0.015502704182198573,0.0021333009490323855,0.0022517413957733484,2.2470487061246915,0.955019878567401,-1.0825674571312318,-0.01171575682362845,6.38485519594436,0.0018819011468214856,-1.0825899869807583,-0.009406289732603875
187,11172,1118318.3183183183,motorcycle,-26.843882387861346,15.030751598337343,6.277112772350601,0.014461721075643006,0.002241571345979079,0.0022519881358126297,2.2470487061246915,0.955019878567401,-1.0780988237784062,-0.010797505288911519,6.277129419187085,0.00039110040047352426,-1.0781203186073665,-0.008380844754395145
187,11173,1118418.4184184186,motorcycle,-26.217098036136683,15.016759714157383,6.171535289148937,0.013638768657831672,0.0022540545932666616,0.002239521494749623,2.2470487061246915,0.955019878567401,-1.0643865994937192,-0.009286558723654489,6.171550353607355,-0.0002722316761117477,-1.064404827939933,-0.006887351660280949
187,11174,1118518.5185185187,motorcycle,-25.604703108166746,15.002486067533932,6.071583070210409,0.013072192961115095,0.0022531373452200757,0.0022334877818655885,2.2470487061246915,0.955019878567401,-1.031114084594459,-0.007454574355828681,6.0715971120541585,-0.0006079392054954193,-1.0311282634699657,-0.005131315748309497
187,11175,1118618.6186186187,motorcycle,-25.005500058725662,14.989160819708058,5.981829707741179,0.012726736153246813,0.002250018261012788,0.0022236060273102603,2.2470487061246915,0.955019878567401,-0.9705896024529763,-0.00565273757885038,5.9818432013599265,-0.0007325107820963725,-0.970599864361248,-0.0034688807833119202
187,11176,1118718.7187187187,motorcycle,-24.418797316913476,14.975720718826375,5.905353121360991,0.012532593472118403,0.0022412981106251103,0.0022119257526721997,2.2470487061246915,0.955019878567401,-0.8847891522532528,-0.0041105476553073015,5.90536637809547,-0.0007030837182035819,-0.8847961428766311,-0.002127462735869694
187,11177,1118818.818818819,motorcycle,-23.82955136388142,14.960816915132355,5.840221419212675,0.012423855773602652,0.002236293631742451,0.0022044061359115076,2.2470487061246915,0.955019878567401,-0.792145675183453,-0.0029138380404192983,5.840234599084606,-0.0006366143741417581,-0.7921502106123933,-0.0011423619020546883
187,11178,1118918.918918919,motorcycle,-23.24494795215386,14.944648015367772,5.783662471667757,0.012357214225589889,0.002229166032267251,0.002199866289881491,2.2470487061246915,0.955019878567401,-0.7043562581647781,-0.0020448838935017686,5.78367564789969,-0.0005355497232288481,-0.7043590665105051,-0.00047475306786276344
187,11179,1119019.019019019,motorcycle,-22.66115391993242,14.927550494231193,5.7333778003511355,0.012307906915767958,0.0022270069525841575,0.0021979100666257244,2.2470487061246915,0.955019878567401,-0.6268434159954879,-0.0014492596165501309,5.7333909926131215,-0.0004603852741282676,-0.6268450890709489,-5.327253101438116e-05
187,11180,1119119.1191191191,motorcycle,-22.088584288021273,14.909963060864301,5.690248108031294,0.012266247304282808,0.0022237398629448234,0.0021925802842555388,2.2470487061246915,0.955019878567401,-0.5515818961301314,-0.0010525249742466738,5.690261315765268,-0.00038740414325431904,-0.5515828728790342,0.00017405126732793403
187,11181,1119219.2192192194,motorcycle,-21.524028594521766,14.892689260749982,5.656155943000712,0.012232145648962644,0.002218440563370239,0.0021853951506101005,2.2470487061246915,0.955019878567401,-0.47025798860336654,-0.0007781645120317796,5.65616916094722,-0.00031571993552347716,-0.4702585577318456,0.00026507594428084105
187,11182,1119319.3193193194,motorcycle,-20.96627581684216,14.874222333411247,5.632660717274694,0.012209470017948629,0.002213285951185009,0.0021827542793374424,2.2470487061246915,0.955019878567401,-0.37915658691863524,-0.0005648055409092839,5.6326739441331,-0.000257238541951749,-0.37915690831935556,0.0002743771044636357
187,11183,1119419.4194194195,motorcycle,-20.40792039786036,14.854907057308044,5.618965982362482,0.012195572683154368,0.002213789827039937,0.0021860564810466886,2.2470487061246915,0.955019878567401,-0.28519694032450754,-0.00039965295052640375,5.618979211882816,-0.00024365677102143948,-0.2851971262157983,0.00023171359828259158
187,11184,1119519.5195195195,motorcycle,-19.842405444702017,14.83480621440399,5.6119037789649875,0.012177665265441924,0.002220970342980076,0.002181557479014372,2.2470487061246915,0.955019878567401,-0.20187069565210852,-0.00031395387932162583,5.611916984236962,-0.00028622638295241164,-0.20187089504926964,0.0001343953545641049
187,11185,1119619.6196196198,motorcycle,-19.276513069945633,14.81629115161235,5.60887114097653,0.012148182013692128,0.0022146401410525836,0.0021680689311718163,2.2470487061246915,0.955019878567401,-0.13523268225760116,-0.0003064128079699113,5.608884290090179,-0.0002734687983515227,-0.13523302921808653,-6.9205748554593445e-06
187,11186,1119719.7197197198,motorcycle,-18.712182946431128,14.796068668363066,5.608252523535592,0.012108174921953782,0.002204361400429658,0.002151248451724833,2.2470487061246915,0.955019878567401,-0.0851074236339672,-0.00034263509169482,5.608265588476838,-0.0002544598707691706,-0.08510797214762254,-0.00015502689161595967
187,11187,1119819.8198198199,motorcycle,-18.151760350418282,14.775298406790643,5.609002310337852,0.012063842704553962,0.0021878353988527507,0.0021357895577486688,2.2470487061246915,0.955019878567401,-0.04914604263701393,-0.00038156586858580733,5.609015279932478,-0.00020775018487770476,-0.04914675981790213,-0.00027404158936429536
187,11188,1119919.91991992,motorcycle,-17.584401549577017,14.752060578324452,5.608448895612545,0.012019043370194132,0.002179276468629839,0.002126376533017706,2.2470487061246915,0.955019878567401,-0.03220924642092858,-0.0004071859256932276,5.608461770463939,-0.00020333619971521846,-0.0322100573061465,-0.0003369921615436381
187,11189,1120020.0200200202,motorcycle,-17.0126256264281,14.727556466413446,5.605073963578925,0.011977502915472563,0.002171437229403361,0.0021195373128387626,2.2470487061246915,0.955019878567401,-0.032794091535420206,-0.00041021560026711305,5.605086757606205,-0.00019358203567988383,-0.032794904977816584,-0.00033900437785218125
187,11190,1120120.1201201202,motorcycle,-16.446563622599506,14.702444163487476,5.601939047166803,0.01195237973484517,0.002161238457098139,0.0021184996986505214,2.2470487061246915,0.955019878567401,-0.03222095038614159,-0.00034839510739184145,5.601951795901253,-0.00015476485739665188,-0.03222162809923808,-0.00027875719083697695
187,11191,1120220.2202202203,motorcycle,-15.898358668430047,14.67672863903913,5.607319887937232,0.0119653578436688,0.002153519939363201,0.0021296409808859657,2.2470487061246915,0.955019878567401,0.0011567495670387062,-0.00016280641564064531,5.607332653170743,-0.00011013575330885879,0.00115639627814967,-0.00016529711945336353
187,11192,1120320.3203203203,motorcycle,-15.357795496751944,14.650614114979073,5.62922463127903,0.012028915274637796,0.0021660973922447563,0.0021455590076202057,2.2470487061246915,0.955019878567401,0.08566136751992111,0.00014689470261382932,5.629237480967008,-0.0001645522039971821,0.08566148474736095,-3.86563617003476e-05
187,11193,1120420.4204204206,motorcycle,-14.812011082612203,14.626190741381153,5.671945308986541,0.012141896751310098,0.002183715620832171,0.0021479238380561214,2.2470487061246915,0.955019878567401,0.21809094292038744,0.0005280472321295701,5.671958299761789,-0.0002440379264877432,0.21809157602891466,5.179775279363967e-05
187,11194,1120520.5205205206,motorcycle,-14.25835081558804,14.603712445872578,5.736250065773838,0.012304137117690532,0.002186334571593215,0.002148138595113945,2.2470487061246915,0.955019878567401,0.382819781692146,0.0009522731280580244,5.73626325691175,-0.00023724412824719862,0.38282094872796885,0.00011529939549066682
187,11195,1120620.6206206207,motorcycle,-13.6878733944042,14.579449088484957,5.819019283563466,0.012510086415839184,0.002193160674476162,0.0021542683333063894,2.2470487061246915,0.955019878567401,0.5552096106400133,0.0013813254369133229,5.819032725569847,-0.00025197769654246825,0.5552113048404741,0.00016365920686295192
187,11196,1120720.7207207207,motorcycle,-13.104572771692709,14.555980739411096,5.916046926137268,0.012748283981465876,0.0021985727134177413,0.0021547223067662456,2.2470487061246915,0.955019878567401,0.7159733012055547,0.0017688806856138676,5.916060655886732,-0.00025859569386845783,0.7159754598079872,0.0001947583150529674
187,11197,1120820.820820821,motorcycle,-12.507976967332912,14.534347951679326,6.02286674523608,0.013011837013785355,0.0021969876516671283,0.00214439559233572,2.2470487061246915,0.955019878567401,0.8523022276399933,0.00210431531775141,6.0228807966138636,-0.00022034761086289247,0.8523047938649606,0.00023181427598034264
187,11198,1120920.920920921,motorcycle,-11.898540200345726,14.512444542244424,6.13569085238251,0.01330851484487387,0.0021869481792069793,0.002127984828929363,2.2470487061246915,0.955019878567401,0.9589915056208027,0.0024379961498158143,6.135705284683257,-0.00010994422235435439,0.9589945440840693,0.00034072726435112766
187,11199,1121021.021021021,motorcycle,-11.279457709960194,14.489667782290933,6.252407481974521,0.013665778896216054,0.0021694826179265753,0.002111316493817605,2.2470487061246915,0.955019878567401,1.039357739634008,0.002877110289796933,6.252422415664876,0.00010126802439780827,1.0393615355217722,0.0006222367378878758
187,11200,1121121.121121121,motorcycle,-10.653684221086278,14.465448802004406,6.372351862486406,0.014133681933776525,0.002150771184570612,0.0021026173200236775,2.2470487061246915,0.955019878567401,1.1010420212252705,0.003574850113192015,6.372367522118692,0.00042818904659440264,1.1010471632956589,0.0012067542183660462
187,11201,1121221.2212212214,motorcycle,-10.014842703217942,14.43957730361038,6.494171960307098,0.014783889213482358,0.0021443504340023334,0.002101667391793561,2.2470487061246915,0.955019878567401,1.146053492676473,0.004708756229848432,6.494188731251087,0.0008580854343402094,1.1460609549794003,0.002251206982841559
187,11202,1121321.3213213214,motorcycle,-9.361091057176283,14.41374279230207,6.615927807006646,0.015725652389123764,0.0021428504489047337,0.0020991413772516697,2.2470487061246915,0.955019878567401,1.1733410455964672,0.006533218040621002,6.615946315172681,0.0015486832630151569,1.1733523514175679,0.004018910578902843
187,11203,1121421.4214214215,motorcycle,-8.694123798504195,14.38810116105055,6.736113742137555,0.017144805087384203,0.0021397192836654306,0.0020847277591395544,2.2470487061246915,0.955019878567401,1.1839460579331562,0.009500879295561954,6.736135006878599,0.0027313843668813273,1.1839636768448234,0.00696754726826979
187,11204,1121521.5215215215,motorcycle,-8.017010887706238,14.362444904727273,6.854389100197746,0.019367540731893496,0.002126988399861285,0.0020359567937878026,2.2470487061246915,0.955019878567401,1.1830239265566362,0.014433026014833098,6.85441478980587,0.004788301810417759,1.1830519493661684,0.011916717095528143
187,11205,1121621.6216216218,motorcycle,-7.329039718527486,14.336289360950733,6.971234921306115,0.022975885723984964,0.002083226186737809,0.0019218462686838764,2.2470487061246915,0.955019878567401,1.176915478278265,0.02282432023841485,6.971267658251856,0.008453187230615432,1.1769604726590703,0.02037249134104195
187,11206,1121721.7217217218,motorcycle,-6.6322205016092,14.308701306745105,7.088156961772854,0.02900875560470721,0.001958569881718558,0.0018067502265208919,2.2470487061246915,0.955019878567401,1.1734741102720139,0.03736115250291584,7.088200182345098,0.015126058099398373,1.1735450339330031,0.0350627512643659
187,11207,1121821.8218218219,motorcycle,-5.926299365147425,14.281372364168396,7.207035451832041,0.03917906709999409,0.0017423238715311296,0.002360785604954672,2.2470487061246915,0.955019878567401,1.1789566696286649,0.0623010264396733,7.207092775252506,0.0266220240747038,1.17906342866484,0.06024680856660532
187,11208,1121921.921921922,motorcycle,-5.210613639807836,14.252223243100984,7.329227855786566,0.05551611778881474,0.002000627798880282,0.005820611500004968,2.2470487061246915,0.955019878567401,1.1951634249571097,0.101475614244673,7.329324255146184,0.040852959475792344,1.1953640479295158,0.09908433558895756
187,11209,1122022.0220220222,motorcycle,-4.4786267216258375,14.223317592197908,7.454158210742353,0.07790591873282633,0.005190849348274298,0.015104479662847996,2.2470487061246915,0.955019878567401,1.2156971282543139,0.1489165053995338,7.454462181202271,0.03921163062565834,1.2164537495355952,0.14260402682598627
187,11210,1122122.1221221222,motorcycle,-3.731982114878346,14.195621065633285,7.580467017802696,0.0992996127072667,0.01616084145148884,0.019519698228561592,2.2470487061246915,0.955019878567401,1.233605257803698,0.17407620921244712,7.581081828907172,-0.02321474729118117,1.2362572648054648,0.1541182465200486
187,11211,1122222.2222222222,motorcycle,-2.9757362901844,14.181526473910486,7.706262173071842,0.11511894949214478,0.019692413321332033,0.01995158288163117,2.2470487061246915,0.955019878567401,1.2425688016363856,0.16784862866017908,7.707034834670951,-0.03664846270486137,1.2456330117791354,0.14334848764192243
187,11212,1122322.3223223223,motorcycle,-2.2028059397800055,14.164038614264207,7.83366371691853,0.12393980776691893,0.019952621296975746,0.01976109346640541,2.2470487061246915,0.955019878567401,1.2542826613282998,0.13689587932815092,7.8345772100598605,-0.03237661696021196,1.2567642506040375,0.11184406416748996
187,11213,1122422.4224224226,motorcycle,-1.4150082052185258,14.143262740407888,7.960314633047911,0.1245196231113927,0.019853407568089693,0.019215736996321696,2.2470487061246915,0.955019878567401,1.2585376378114261,0.08599780636472887,7.9612178509861,-0.03353390518224389,1.2599968520910765,0.060996239294631854
187,11214,1122522.5225225226,motorcycle,-0.6107248984689285,14.120134183837195,8.084222682114282,0.11523892359295779,0.01954744200760403,0.01604801584707587,2.2470487061246915,0.955019878567401,1.2505027805351172,0.016616787036233843,8.084930713212072,-0.042798902813256795,1.2505886730257274,-0.007828961439265585
187,11215,1122622.6226226226,motorcycle,0.19872566697790056,14.097143271007099,8.205778450474634,0.09659024017520948,0.016478565342718913,0.006947214784857329,2.2470487061246915,0.955019878567401,1.236464198052109,-0.062161347887419685,8.206255960912095,-0.038636210550446526,1.2352720417051606,-0.08252714230718125
187,11216,1122722.7227227227,motorcycle,1.018561150725555,14.07124542948781,8.324611074041222,0.07658941480540768,0.004966944902889854,0.0020622844001127708,2.2470487061246915,0.955019878567401,1.2173143464055178,-0.1155997423312617,8.324888801759455,0.03524075552566754,1.2167251553441634,-0.12164462480713463
187,11217,1122822.822822823,motorcycle,1.8542169198865737,14.028595657334233,8.43827195367279,0.061054799217681414,0.001657423052817207,0.0015341164115984845,2.2470487061246915,0.955019878567401,1.1855409200068157,-0.13097010746930804,8.438361557078375,0.047068935298691085,1.1853222188604347,-0.13293486952979977
187,11218,1122922.922922923,motorcycle,2.7108513565495724,13.989595794523735,8.541393075983379,0.05192258212348522,0.001475188165972345,0.0015583503409717701,2.2470487061246915,0.955019878567401,1.1252254487790374,-0.1155422103002455,8.541460377731054,0.03932236821047754,1.1250537779931455,-0.11720200324398009
187,11219,1123023.023023023,motorcycle,3.580917309972015,13.95240653704949,8.630045633012454,0.05070394912241648,0.0015524576916751444,0.0019343058892920542,2.2470487061246915,0.955019878567401,1.0322112727211625,-0.07541182149502666,8.630113948974872,0.03730611268024646,1.032092955227079,-0.07701419430517112
187,11220,1123123.123123123,motorcycle,4.451714844950729,13.916217231376995,8.704946475742755,0.059115596642823856,0.0016673798670931777,0.004534085310643722,2.2470487061246915,0.955019878567401,0.9219731820844907,-0.01351110926872795,8.705032943302621,0.04460106869519174,0.9219493723291872,-0.015048369296734004
187,11221,1123223.2232232234,motorcycle,5.326942470786076,13.878824883013795,8.768697922863348,0.07697043839407024,0.004519594835469383,0.013624847841240984,2.2470487061246915,0.955019878567401,0.8112908142640949,0.06098247969033417,8.768956239082078,0.037338825343712634,0.8115581434278999,0.05731516356375759
187,11222,1123323.3233233234,motorcycle,6.198459461682408,13.842125629011472,8.826025546168315,0.09531897989384623,0.01666842653714202,0.019578001654068887,2.2470487061246915,0.955019878567401,0.7186643020637565,0.10847032814588538,8.826388222626198,-0.051803407506189544,0.7203724147830187,0.09647681155876173
187,11223,1123423.4234234234,motorcycle,7.068146141357934,13.824686368551639,8.880258347003515,0.10573179946947109,0.019864877544406825,0.01978789016353187,2.2470487061246915,0.955019878567401,0.6499950496212568,0.10674416481651128,8.880606481443472,-0.07068270431195318,0.6519871257784876,0.0938118813030688
187,11224,1123523.5235235235,motorcycle,7.947281758107837,13.805260613311118,8.93488791038915,0.10454295988192311,0.019888378702468304,0.016875629464947153,2.2470487061246915,0.955019878567401,0.6095239344436401,0.06069228578449537,8.93519993477765,-0.07316643512272124,0.6106103821400468,0.04855863915090389
187,11225,1123623.6236236237,motorcycle,8.844707680500704,13.786567429977943,8.985066173140227,0.09109214057711268,0.01674019799885961,0.00736623650372588,2.2470487061246915,0.955019878567401,0.567500924710221,-0.015037806696574785,8.985332070243187,-0.0593253844738562,0.5671696858708516,-0.024535333834267342
187,11226,1123723.7237237238,motorcycle,9.758127491257408,13.765230437475603,9.024043111937464,0.0741258495453833,0.004767906806628756,0.0022516384706333767,2.2470487061246915,0.955019878567401,0.4983492272535936,-0.07500175002736796,9.024293964441128,0.031099373438113087,0.49798596279437224,-0.07737697119417215
187,11227,1123823.8238238238,motorcycle,10.686149646824493,13.72817552759598,9.046011645871554,0.06002847253325003,0.0016814680154520463,0.0017076159244207286,2.2470487061246915,0.955019878567401,0.39007878559448983,-0.1005592125098277,9.046099793732331,0.044817815590604354,0.38990914713316244,-0.10121497504499277
187,11228,1123923.9239239239,motorcycle,11.630311850833964,13.697755031817481,9.052468253832739,0.05073388655162201,0.0017228192968406111,0.001841521090060005,2.2470487061246915,0.955019878567401,0.2636805376472089,-0.09756741081208002,9.052542224767418,0.03513805198309697,0.2635120553964314,-0.09802153971062877
187,11229,1124024.0240240241,motorcycle,12.48652261062965,13.673320645923502,9.067372590967686,0.04740817522127565,0.0019289070926520177,0.0018504868865307875,2.2470487061246915,0.955019878567401,0.21911730478154218,-0.07258743441693763,9.067447168474057,0.02991797856934292,0.2189768828184406,-0.07300995604079899
187,11230,1124124.1241241242,motorcycle,13.357581071052277,13.649112650928794,9.102716771156464,0.05169188039670717,0.0018582760298894623,0.001482135086092625,2.2470487061246915,0.955019878567401,0.27112863394728937,-0.02779303522072543,9.102797112183616,0.03477644049840616,0.27107651871668303,-0.02829681878493614
187,11231,1124224.2242242242,motorcycle,14.248834002774709,13.622609369803943,9.161215399506471,0.06680045175482982,0.0014355807932747466,0.0017370723201458197,2.2470487061246915,0.955019878567401,0.3927498869180459,0.04159406705144786,9.16130185678193,0.05364872256735202,0.39280919383378676,0.041030200190453836
187,11232,1124324.3243243243,motorcycle,15.156574598389485,13.595026894787853,9.240770111725407,0.09728143569045655,0.0014891543746055585,0.007036127223809084,2.2470487061246915,0.955019878567401,0.5488182412354115,0.1436634922643043,9.24090473267232,0.08352039967515287,0.5490315697500461,0.14284605818889937
187,11233,1124424.4244244245,motorcycle,16.078235076808365,13.56610959057128,9.336675674368516,0.14331731045411708,0.007283747572893488,0.02563575626136832,2.2470487061246915,0.955019878567401,0.7077115922751265,0.2664347674824968,9.33747188411759,0.07530812130219021,0.7096334456856498,0.2612729529215737
187,11234,1124524.5245245246,motorcycle,17.017390593196687,13.541751839779936,9.442263817476972,0.18560019047523846,0.03158487642740196,0.03618169258625803,2.2470487061246915,0.955019878567401,0.842470986789245,0.3269871726977478,9.443415571398075,-0.11267553157450078,0.8523769276773845,0.3002191663664626
187,11235,1124624.6246246246,motorcycle,17.958159967234515,13.553109974854024,9.550099958901809,0.2077206734257257,0.03768633344174382,0.03509294676492756,2.2470487061246915,0.955019878567401,0.933631630641802,0.2858336159357716,9.55114532801152,-0.15224988140723772,0.9437381806998639,0.25045383611176614
187,11236,1124724.7247247247,motorcycle,18.919910082560627,13.555160409599386,9.66036756984056,0.20440195188484445,0.03493924047341174,0.026079681166544084,2.2470487061246915,0.955019878567401,0.9988313587305616,0.16199364676542366,9.661611916276895,-0.1331800346067176,1.0038805422841146,0.12700347081577112
187,11237,1124824.824824825,motorcycle,19.89876011205734,13.55055930691893,9.763171805888144,0.18045476776548475,0.022620818253149762,0.020210200967493677,2.2470487061246915,0.955019878567401,1.009772775696331,0.006226430132255101,9.764755684354043,-0.040423500267157464,1.009655270564645,-0.016615101284611862
187,11238,1124924.924924925,motorcycle,20.897913163609005,13.527235436827272,9.840914625166294,0.13759510180160073,0.019559039712044243,0.01476781498864321,2.2470487061246915,0.955019878567401,0.9192682586724532,-0.16241772152932807,9.841723391009705,-0.054897784145207684,0.9159158963454457,-0.18036551358611064
187,11239,1125025.025025025,motorcycle,21.926841790724044,13.512144772565074,9.87482221109936,0.07606045075925139,0.014187775320201492,-0.003379092794652606,2.2470487061246915,0.955019878567401,0.693889623121894,-0.3380185129425948,9.87490745401544,-0.06404426298479468,0.6890242169161604,-0.3478289129316867
187,11240,1125125.125125125,motorcycle,22.976179067112774,13.498948189287491,9.844617330908056,0.015176547950261653,-0.01030414748401057,-0.015293073849020709,2.2470487061246915,0.955019878567401,0.30735559772358223,-0.4429222803954818,9.843938328547113,0.11661433609988416,0.3119031367962494,-0.43973178550045083
187,11241,1125225.2252252253,motorcycle,24.022177203162478,13.454184419038224,9.747386608519339,-0.02837842723426208,-0.016267173544772882,-0.01654229593770497,2.2470487061246915,0.955019878567401,-0.18906799984987332,-0.4398909649385768,9.746558572120295,0.1301807639508229,-0.18188751764941993,-0.44290823036511284
187,11242,1125325.3253253254,motorcycle,25.015196564016197,13.425563468441505,9.60577238604738,-0.049753308009843816,-0.01596378115373475,-0.012973334010701984,2.2470487061246915,0.955019878567401,-0.6649029168495939,-0.35201324009466417,9.605342650621035,0.10359096663703521,-0.6591989722999482,-0.3625823009410881
187,11243,1125425.4254254254,motorcycle,25.901295671373234,13.40540120328225,9.457153079212663,-0.05048263537618221,-0.012774181536970745,-0.002237308055390715,2.2470487061246915,0.955019878567401,-0.9831738555712615,-0.21818042869977866,9.457026338748594,0.07032558816983533,-0.9803066390422305,-0.23072152737923066
187,11244,1125525.5255255254,motorcycle,26.792259523682585,13.38963637889859,9.320712574243526,-0.04276093003498948,2.2981029290862747e-05,0.002293547809322463,2.2470487061246915,0.955019878567401,-1.1306488199252736,-0.10352880129885049,9.320711589092078,-0.042975129592359405,-1.1306511988251249,-0.10350281779786617
187,11245,1125625.6256256257,motorcycle,27.693785306934725,13.394261557699318,9.199908849961748,-0.0340946369960064,0.002563092639029897,0.0027800430980503936,2.2470487061246915,0.955019878567401,-1.1602241868207428,-0.029724670363233396,9.19979124321843,-0.0576747178396032,-1.1602965628093773,-0.02675081390913808
187,11246,1125725.7257257258,motorcycle,28.605441645677946,13.396002176118479,9.089348156770933,-0.027867134176969614,0.0027386481599751007,0.003048158677459679,2.2470487061246915,0.955019878567401,-1.138591005661816,0.005968021515382102,9.089237752675809,-0.05275952516104562,-1.138570391547205,0.009086195399507774
188,11301,1131231.2312312312,car,29.043833241375527,17.340034583510715,-4.404307604221946,-0.010391247308455956,-3.1391934451013412,-3.1391934451013412,4.762296992526071,1.9342784588963222,0.7667157720425596,0.00045569638039913543,4.404319858932121,-0.0001756246509034172,-0.766714658668004,0.0013838141548893988
188,11302,1131331.3313313315,car,28.58792251238941,17.337050341227393,-4.32589197462493,-0.010335995076240964,-3.139174893399522,-3.139161816083332,4.762296992526071,1.9342784588963222,0.7800408661478676,0.0005327151159442661,4.325904320924237,-0.00012299434750809649,-0.780039874235589,0.0013532363566140081
188,11303,1131431.4314314316,car,28.143972440469543,17.333529086958688,-4.241602643806188,-0.010246792986900408,-3.139173994367554,-3.139157530799481,4.762296992526071,1.9342784588963222,0.8232975886428884,0.0007827379708684822,4.241615020786407,-1.2218333657804115e-05,-0.8232970737092282,0.0012085386825583218
188,11304,1131531.5315315316,car,27.710638372152737,17.329384417388926,-4.145259642067473,-0.010091922005318619,-3.139173070239769,-3.1391599564640753,4.762296992526071,1.9342784588963222,0.9049201538795072,0.0012310718511641602,4.145271926326013,6.21010392493574e-05,-0.9049204836839982,0.0009584593534551016
188,11305,1131631.6316316316,car,27.289495052463575,17.325062428291268,-4.032101390435051,-0.009852383913678544,-3.1391749150534505,-3.139168865757903,4.762296992526071,1.9342784588963222,1.018851648304678,0.0018180363554774928,4.032113426162897,0.00010379770121324988,-1.0188530660103137,0.0006452834512023348
188,11306,1131731.731731732,car,26.88163186369574,17.321376941807618,-3.9016022021464156,-0.009534731488982241,-3.1391795816653465,-3.1391794821478802,4.762296992526071,1.9342784588963222,1.1470473858217365,0.0024280210562564047,3.9016138507712976,0.00011986613164027132,-1.1470499052267613,0.0003398911693430111
188,11307,1131831.831831832,car,26.491158482864112,17.318752729987793,-3.75783446372215,-0.009165691425347119,-3.1391851062027243,-3.1391867470305055,4.762296992526071,1.9342784588963222,1.2671548980839258,0.002950780531731672,3.757845639803855,0.00011850905769810079,-1.2671583298276983,9.99605367851728e-05
188,11308,1131931.931931932,car,26.118822325425242,17.31752762727116,-3.6065314786637406,-0.008773756664219968,-3.1391876997394252,-3.1391875531093087,4.762296992526071,1.9342784588963222,1.363849775898441,0.0033324950540350334,3.606542149394466,0.00010019788631338705,-1.3638538462701997,-5.249280872903633e-05
188,11309,1132032.032032032,car,25.763435044055658,17.31578906594264,-3.452175508699164,-0.0083764856280839,-3.139189301559918,-3.1391876493611344,4.762296992526071,1.9342784588963222,1.4327164455671966,0.0035784219942229267,3.452185670271151,7.967640724757495e-05,-1.4327209080112402,-0.0001350929967031374
188,11310,1132132.1321321323,car,25.42035972572087,17.314539351334357,-3.296993533288732,-0.007981983524333549,-3.139189896335572,-3.139186095575737,4.762296992526071,1.9342784588963222,1.4778213518533707,0.003717573576709317,3.2970031948722056,6.0092976633712575e-05,-1.4778260183632468,-0.0001667202885271223
188,11311,1132232.2322322323,car,25.093982569097363,17.313352112599596,-3.1429527501354833,-0.007595240109109042,-3.1391892514725406,-3.1391845258766793,4.762296992526071,1.9342784588963222,1.50126492755456,0.0037736394489006186,3.1429619271538636,4.14461508673478e-05,-1.501269661211327,-0.00016548871819233773
188,11312,1132332.3323323324,car,24.784472472974056,17.311136541630304,-2.9917403633043818,-0.007219761367831242,-3.1391907286433374,-3.139186813331717,4.762296992526071,1.9342784588963222,1.5048673705238504,0.0037649263443794746,2.9917490745775477,3.381163918788569e-05,-1.5048720726146414,-0.00015034048119055366
188,11313,1132432.4324324324,car,24.487147669205072,17.310625792105732,-2.844099823920107,-0.006858243209724024,-3.1391909732825782,-3.1391835874910683,4.762296992526071,1.9342784588963222,1.4932879332499618,0.0037056104515679296,2.8441080927348588,2.7611458040478244e-05,-1.4932925262417303,-0.00011920298994366448
188,11314,1132532.5325325327,car,24.205906930790917,17.30936824506745,-2.701109426137112,-0.006512146951541993,-3.139190178059325,-3.1391802330510017,4.762296992526071,1.9342784588963222,1.4681590568875704,0.003609416578377345,2.70111727614806,2.278509907828203e-05,-1.468163491390959,-8.219334591518142e-05
188,11315,1132632.6326326327,car,23.93973169391877,17.307628635674202,-2.563616086096403,-0.006182200092617207,-3.139190179313134,-3.1391786956531753,4.762296992526071,1.9342784588963222,1.4314347330317179,0.003487812674019024,2.5636235402167653,2.3166473938867997e-05,-1.431438981369225,-4.8820791811068735e-05
188,11316,1132732.7327327328,car,23.686659462241842,17.306382706569526,-2.4316372495451133,-0.005867834289225389,-3.139190230413265,-3.139175311696073,4.762296992526071,1.9342784588963222,1.3875597168012985,0.00335292520840623,2.4316443292921157,2.6001289989546587e-05,-1.3875637676951225,-1.9413116646644843e-05
188,11317,1132832.8328328328,car,23.44445228852632,17.305087616539282,-2.3040791363268944,-0.005565349319769949,-3.139189614920839,-3.1391701431243764,4.762296992526071,1.9342784588963222,1.3435707525144207,0.0032243227683053,2.304085857505095,2.8547318821230995e-05,-1.3435746213927535,4.3359066778515636e-06
188,11318,1132932.932932933,car,23.211606732847272,17.303412248259313,-2.1791012199827726,-0.005268628370308395,-3.1391887398679112,-3.1391655068445,4.762296992526071,1.9342784588963222,1.3066603822583567,0.0031233176259273113,2.1791075890052882,3.0246868301036373e-05,-1.3066641149737612,1.7787196037842654e-05
188,11319,1133033.0330330331,car,22.990388939537237,17.302051966459544,-2.055278595057165,-0.004972487173805524,-3.139186847126542,-3.1391605932579574,4.762296992526071,1.9342784588963222,1.2796063682272734,0.0030592991808752554,2.0552846100119146,2.7875025713988352e-05,-1.2796100251838207,1.9191974023028465e-05
188,11320,1133133.1331331332,car,22.781453267950656,17.299166232102348,-1.9321031942865197,-0.004673430315752355,-3.1391857112992727,-3.1391651026331155,4.762296992526071,1.9342784588963222,1.2605489853246894,0.003031452742339112,1.932108846259938,2.2960380628972606e-05,-1.2605526304371266,2.6217712927310323e-06
188,11321,1133233.2332332332,car,22.58750270188531,17.296460869161947,-1.8106282032213583,-0.004373870884334008,-3.139187175047876,-3.139179280096676,4.762296992526071,1.9342784588963222,1.2422966077895004,0.0030163682795651256,1.8106334860228512,1.8435140097079576e-05,-1.2423002694261953,-2.804460188491958e-05
188,11322,1133333.3333333335,car,22.410831778016014,17.295521830244816,-1.6931838635593657,-0.004081823926446714,-3.139190258020205,-3.1391942565800406,4.762296992526071,1.9342784588963222,1.215498473307261,0.002978004388587428,1.6931887835988788,1.4118647794215435e-05,-1.2155021200191776,-5.789045659605101e-05
188,11323,1133433.4334334335,car,22.247470529138578,17.294751403645268,-1.5816102215410297,-0.003804716900059133,-3.1391938266619284,-3.139209491256668,4.762296992526071,1.9342784588963222,1.1763356351642023,0.0028965925074833656,1.5816147978061081,1.0700403057968717e-05,-1.1763391990476524,-7.476128191929781e-05
188,11324,1133533.5335335336,car,22.092701380507577,17.295308861222672,-1.4763887133427978,-0.0035474190512536316,-3.1391977278803997,-3.139218077406657,4.762296992526071,1.9342784588963222,1.127740818417742,0.0027699595536192475,1.476392975103187,1.1570971272766017e-05,-1.1277442180861825,-6.909871214432189e-05
188,11325,1133633.6336336336,car,21.947663327318974,17.29733133310485,-1.377413251089735,-0.003312956875574665,-3.1392004517255248,-3.1392107705403816,4.762296992526071,1.9342784588963222,1.0737869782277576,0.002603922848854093,1.3774172351326386,1.789999176622474e-05,-1.0737901348897168,-3.520263703777346e-05
188,11326,1133733.7337337339,car,21.810230953468942,17.29910859839362,-1.2839631910771199,-0.003100719928447277,-3.1392007272465223,-3.1391870414259166,4.762296992526071,1.9342784588963222,1.019349546421607,0.0024161472070243105,1.283966934788709,2.9568606327256847e-05,-1.0193524096554318,2.2066412866765354e-05
188,11327,1133833.833833834,car,21.682639648256178,17.299620127585996,-1.195499441985059,-0.002908148752894811,-3.139199309283932,-3.1391532654686873,4.762296992526071,1.9342784588963222,0.9667071725834715,0.0022249990318932242,1.1955029782129436,4.6901373261992296e-05,-0.9667097290722615,8.866823873302475e-05
188,11328,1133933.933933934,car,21.56158281090723,17.298826743572295,-1.1112931947626656,-0.0027308966711804424,-3.1391974317193565,-3.1391147823432854,4.762296992526071,1.9342784588963222,0.9179896739048933,0.0020486460914706673,1.1112965480680481,6.909761808083495e-05,-0.9179919475697,0.00015014662648959922
188,11329,1134034.034034034,car,21.451937896503313,17.297362253131656,-1.0316075559673805,-0.002566654861789502,-3.139195200772768,-3.1390753785841694,4.762296992526071,1.9342784588963222,0.8706529309989055,0.00189029921649719,1.0316107446701905,9.341941365431563e-05,-0.870654960738188,0.00019705353848316863
188,11330,1134134.1341341343,car,21.351286779882592,17.295447849060295,-0.9565386649256142,-0.0024129669963168137,-3.1391928069355544,-3.1390329626221702,4.762296992526071,1.9342784588963222,0.8237880551831046,0.001752494665293368,0.9565417011928192,0.00011741613663338903,-0.8237898886922351,0.0002244734916336821
188,11331,1134234.2342342343,car,21.255757515260324,17.29241326252152,-0.8853028396427467,-0.002265011922613495,-3.1391906240763205,-3.1389937959470955,4.762296992526071,1.9342784588963222,0.7802512958258944,0.001645955707044542,0.8853057262780663,0.00013848388407820518,-0.7802529985315488,0.00022823387956239492
188,11332,1134334.3343343344,car,21.1667140095027,17.288628482119332,-0.8169900996784858,-0.0021180796828768425,-3.139188959710832,-3.1389669656927004,4.762296992526071,1.9342784588963222,0.7422798507406227,0.001576811242102474,0.8169928307099574,0.00015428135329878696,-0.7422814965579615,0.00020740512868179127
188,11333,1134434.4344344344,car,21.08410463470598,17.285486260811048,-0.7506676866538798,-0.0019688374529243766,-3.1391882890542315,-3.1389476409370425,4.762296992526071,1.9342784588963222,0.7113307129211935,0.0015434696793149045,0.7506702506600669,0.00016395473724122272,-0.711332367892031,0.0001668314733984516
188,11334,1134534.5345345347,car,21.006593402799343,17.282623758837826,-0.6854169735857183,-0.0018148138605493358,-3.1391879607618858,-3.138933656885151,4.762296992526071,1.9342784588963222,0.6882404231680369,0.0015416162816251175,0.6854193559242051,0.000166592921402505,-0.6882421403875364,0.00011339339005019163
188,11335,1134634.6346346347,car,20.937540992925985,17.28050864507919,-0.6211552152713111,-0.0016561848258586814,-3.139187587195495,-3.138925252298996,4.762296992526071,1.9342784588963222,0.6702788726106272,0.001558344166487895,0.621157402014971,0.0001622619422209893,-0.6702806819672256,5.3723977710546733e-05
188,11336,1134734.7347347348,car,20.87577058253059,17.277804179048676,-0.5580076030879159,-0.0014939433947776775,-3.1391862991425494,-3.1389224940325797,4.762296992526071,1.9342784588963222,0.6549693978174453,0.0015825881297594734,0.5580095824594035,0.0001511762880107132,-0.6549713097688556,-6.496545561061537e-06
188,11337,1134834.8348348348,car,20.82145642811025,17.274753629107597,-0.49600478075372384,-0.0013288962514588225,-3.1391848443867363,-3.138932601469419,4.762296992526071,1.9342784588963222,0.6411635397291224,0.0016083015761558122,0.49600654267489336,0.0001346086774200216,-0.6411655536223272,-6.449893414062864e-05
188,11338,1134934.934934935,car,20.769599397676068,17.271141851197385,-0.4343374257839112,-0.0011600608435390343,-3.139183970298754,-3.138959886526314,4.762296992526071,1.9342784588963222,0.6314164273862262,0.0016387247409537372,0.4343389600412804,0.00011387718980171717,-0.6314185428904279,-0.00011783925951375988
188,11339,1135035.035035035,car,20.723898224337976,17.26861407211052,-0.37301824163547054,-0.0009892634235396862,-3.1391842369173304,-3.139005719785392,4.762296992526071,1.9342784588963222,0.6241030726381065,0.0016649462435965948,0.37301954235149093,9.087807066408956e-05,-0.624105272473551,-0.0001618426225003754
188,11340,1135135.1351351351,car,20.688138568465718,17.267852480563253,-0.3134749494959164,-0.0008225561886615951,-3.139187017681781,-3.1390589017885246,4.762296992526071,1.9342784588963222,0.6127413503184576,0.0016651244530468505,0.3134760212121977,6.844794113831845e-05,-0.612743583005755,-0.00019108846201629855
188,11341,1135235.2352352352,car,20.66106612014155,17.269078564826728,-0.25746674283797755,-0.0006665821613060909,-3.139191863149338,-3.1391061229265005,4.762296992526071,1.9342784588963222,0.5920800966726891,0.0016236058175163365,0.2574676011681483,4.8457139134602616e-05,-0.5920822882930168,-0.00020214226787812917
188,11342,1135335.3353353355,car,20.63857293594031,17.271347350505216,-0.20601627745885642,-0.0005253152999408329,-3.1391949388552156,-3.1391378595117474,4.762296992526071,1.9342784588963222,0.5617633841452347,0.0015411656284498477,0.20601694481667568,3.134599919410008e-05,-0.5617654646190584,-0.00019421414544115224
188,11343,1135435.4354354355,car,20.621391586894365,17.274432841713327,-0.15978542916681449,-0.0004009018203123207,-3.139197428370225,-3.1391477410212802,4.762296992526071,1.9342784588963222,0.5229727149449461,0.0014253669026069522,0.15978593106346542,1.8178946597895433e-05,-0.5229746288427622,-0.0001727265756391544
188,11344,1135535.5355355355,car,20.608034130908045,17.277097523485004,-0.11880548844524719,-0.00029311691019312736,-3.1391978974792867,-3.1391369391558355,4.762296992526071,1.9342784588963222,0.4788765602693496,0.001290032273085605,0.11880584972201749,8.60617222323679e-06,-0.4788782764354659,-0.0001432371012436754
188,11345,1135635.6356356356,car,20.596058764956844,17.279162312873094,-0.08248304737668133,-0.00019970236210616488,-3.1391972640149914,-3.139109608735439,4.762296992526071,1.9342784588963222,0.4338361312505864,0.0011515043559380436,0.0824832891019168,2.1229463350165253e-06,-0.4338376448978101,-0.00011229550017499289
188,11346,1135735.7357357359,car,20.588216671307492,17.280849380667174,-0.050702790642026624,-0.00011939379521287515,-3.1391968482605495,-3.1390696742261555,4.762296992526071,1.9342784588963222,0.38866526051825107,0.0010159266482705578,0.05070293117206595,-2.0804472601349005e-06,-0.3886665790323393,-8.475832097764159e-05
188,11347,1135835.835835836,car,20.58446621046057,17.28157590243227,-0.023760985777439306,-5.2046230130018e-05,-3.1391955418916453,-3.1390226146369846,4.762296992526071,1.9342784588963222,0.34226554555425726,0.0008827160836906812,0.023761042270950807,-4.911601821234389e-06,-0.3422666781681121,-6.226559019966024e-05
188,11348,1135935.935935936,car,20.584397713620707,17.28156358257285,-0.002129878434957603,1.7461399527236247e-06,-3.139193805571811,-3.1389739695878847,4.762296992526071,1.9342784588963222,0.29328250126116373,0.0007486491525632608,0.002129868118077484,-6.855384690734704e-06,-0.2932834533124383,-4.510752641503088e-05
188,11349,1136036.036036036,car,20.58657614689244,17.280037468617742,0.013936860959271553,4.159758318128224e-05,-3.139191480869823,-3.1389342320755307,4.762296992526071,1.9342784588963222,0.24173521361887765,0.0006125622984920242,-0.013936920664781999,-8.132685083384048e-06,-0.24173598760772755,-3.211308996572536e-05
188,11350,1136136.1361361363,car,20.589509310415472,17.278891569202397,0.024551462785445448,6.78014663521077e-05,-3.1391914747272085,-3.138904534475963,4.762296992526071,1.9342784588963222,0.18905446813784815,0.0004763775057628688,-0.02455155481107826,-8.84887405610538e-06,-0.18905506699272248,-2.2422975901926513e-05
188,11351,1136236.2362362363,car,20.593277074725346,17.277409954056473,0.029947506636265907,8.081872109057314e-05,-3.1391916332638243,-3.138885974980671,4.762296992526071,1.9342784588963222,0.1365862198178171,0.0003419204735720834,-0.029947614361343362,-8.913985076130354e-06,-0.13658664707237025,-1.3973513070384541e-05
188,11352,1136336.3363363363,car,20.59799400560828,17.2767890404888,0.03049671667054355,8.14340490313533e-05,-3.139192284148153,-3.1388724725098927,4.762296992526071,1.9342784588963222,0.08568966581505873,0.00021156382258541114,-0.030496824284614518,-8.230497959729583e-06,-0.0856899267838033,-5.87655532758338e-06
188,11353,1136436.4364364364,car,20.60245312513934,17.275797791958006,0.027175131462873918,7.207834771687787e-05,-3.1391929591896788,-3.138865990978616,4.762296992526071,1.9342784588963222,0.039540097044212914,9.31436596510375e-05,-0.027175226184304287,-6.866191977935297e-06,-0.03954020671389044,1.7406669256812867e-06
188,11354,1136536.5365365366,car,20.60366520748926,17.276148538735736,0.022022926942994556,5.813956800796662e-05,-3.1391935749993065,-3.1388569083223365,4.762296992526071,1.9342784588963222,0.004207216266789701,2.9225266934232875e-06,-0.022023003046946203,-5.30471884823385e-06,-0.004207211170679134,7.17091450592737e-06
188,11355,1136636.6366366367,car,20.600632195637875,17.277204388946174,0.0175020851836968,4.622404886275335e-05,-3.1391930804778574,-3.1388392189011918,4.762296992526071,1.9342784588963222,-0.014959770534182171,-4.442521530763653e-05,-0.017502145713523824,-4.226423078579369e-06,0.014959834066838932,8.528058722947617e-06
188,11356,1136736.7367367367,car,20.59783386978083,17.278081590612675,0.014962275523861219,3.9981350622158235e-05,-3.139193370145036,-3.138816053539915,4.762296992526071,1.9342784588963222,-0.01900236184520151,-5.1389771356157244e-05,-0.014962328384756253,-4.0825300265798895e-06,0.019002430449609087,5.797614997799078e-06
188,11357,1136836.8368368368,car,20.596969381003717,17.278631615174913,0.014564284472676818,3.9853722908562086e-05,-3.139193363061264,-3.138788449148766,4.762296992526071,1.9342784588963222,-0.013168678891546149,-3.193380888185131e-05,-0.014564338172921206,-4.90969193399574e-06,0.013168717606600213,3.3826074288894573e-07
188,11358,1136936.936936937,car,20.59789913044497,17.279717456646758,0.015768628373860984,4.436615181248667e-05,-3.1391932389903308,-3.138752747443562,4.762296992526071,1.9342784588963222,-0.003385301691216293,-2.0352079284460505e-06,-0.01576868943507489,-6.530583270946136e-06,0.003385296829610666,-6.087532437553546e-06
188,11359,1137037.037037037,car,20.600375982357452,17.2818583157139,0.017765751172289082,5.127301897410253e-05,-3.1391936933047164,-3.1387022220803087,4.762296992526071,1.9342784588963222,0.005674606213907175,2.554250221490168e-05,-0.017765823053090015,-8.653580818019562e-06,-0.0056746511605955995,-1.1929286832944344e-05
188,11360,1137137.1371371371,car,20.602949979262714,17.283407119578627,0.01991911215352339,5.875781997446549e-05,-3.1391935743465553,-3.13863967179825,4.762296992526071,1.9342784588963222,0.01182315720396827,4.465522805871056e-05,-0.019919195795048073,-1.0970168211418527e-05,-0.011823230310741806,-1.6290435722003235e-05
188,11361,1137237.2372372372,car,20.60604352620436,17.28410878185907,0.021626161543968337,6.500993974590006e-05,-3.139193070612282,-3.1385709983895658,4.762296992526071,1.9342784588963222,0.013853693551367197,5.1567027149688255e-05,-0.021626255278890793,-1.3116033273299746e-05,-0.013853777405855028,-1.8323823369073877e-05
188,11362,1137337.3373373374,car,20.609754047021774,17.283517582122567,0.022385952669552626,6.842174581655249e-05,-3.1391917403755953,-3.138504640251167,4.762296992526071,1.9342784588963222,0.011422073311570864,4.4779602353652986e-05,-0.022386052423482836,-1.4674870671411042e-05,-0.011422147902812587,-1.7356092889511273e-05
188,11363,1137437.4374374375,car,20.612935442863694,17.282442589124372,0.022052705856932406,6.841364855129955e-05,-3.1391920060119802,-3.138446506157812,4.762296992526071,1.9342784588963222,0.005695239380391171,2.7363497687045827e-05,-0.022052806547793343,-1.547272736463649e-05,-0.005695288659308324,-1.369116934652768e-05
188,11364,1137537.5375375375,car,20.615710566966285,17.28098854191935,0.02069143807846735,6.507149031796506e-05,-3.139192612287374,-3.138397675962586,4.762296992526071,1.9342784588963222,-0.0017953519225661838,3.777996348946396e-06,-0.020691534659217657,-1.541104458646413e-05,0.0017953376844385886,-8.086900097780849e-06
188,11365,1137637.6376376376,car,20.617817390472496,17.279993469498102,0.018538642290388065,5.906364926357895e-05,-3.139193428068585,-3.1383550750808946,4.762296992526071,1.9342784588963222,-0.009447746417471205,-2.098953147622228e-05,-0.018538730640455726,-1.4585138230153178e-05,0.009447769584104006,-1.6777815107555622e-06
188,11366,1137737.7377377378,car,20.619695048300905,17.279888543222345,0.01586798751203171,5.122180670308554e-05,-3.1391933221372907,-3.138311079884551,4.762296992526071,1.9342784588963222,-0.016137729964844517,-4.325459808027834e-05,-0.015868064735680407,-1.314913427028185e-05,0.01613778729611217,4.5347476501010305e-06
188,11367,1137837.8378378379,car,20.620907089171247,17.280316789450275,0.013090834692401174,4.2858760377197894e-05,-3.139193093731247,-3.138263500975512,4.762296992526071,1.9342784588963222,-0.020643515739230695,-5.8897176080449675e-05,-0.013090899846704739,-1.1446425691228082e-05,0.02064359763490233,9.36170234822934e-06
188,11368,1137937.937937938,car,20.621255974659967,17.27900580671518,0.010700502739371745,3.559975966022109e-05,-3.1391942996918307,-3.138225415139797,4.762296992526071,1.9342784588963222,-0.0218997832530608,-6.418493648803594e-05,-0.010700557344938492,-9.936089421682703e-06,0.021899874206248858,1.1661371712815146e-05
188,11369,1138038.038038038,car,20.620856173747438,17.27802966807531,0.00906107899628368,3.069206215344147e-05,-3.139195198014173,-3.1381929517549536,4.762296992526071,1.9342784588963222,-0.019756010917897446,-5.8300548165461706e-05,-0.009061126538476913,-8.968460397285813e-06,0.019756093914032033,1.0936267461885144e-05
188,11370,1138138.1381381382,car,20.622424617528416,17.27695198657605,0.008071416496928937,2.783416226132439e-05,-3.139192644935505,-3.1381629774675486,4.762296992526071,1.9342784588963222,-0.0159244780383683,-4.675071219898818e-05,-0.008071460053259118,-8.46263125014242e-06,0.015924544377568968,8.531729139307217e-06
188,11371,1138238.2382382383,car,20.621877506650907,17.27513583778269,0.008162483375835444,2.8548632934234878e-05,-3.1391941529116534,-3.138150998905205,4.762296992526071,1.9342784588963222,-0.009388954405205395,-2.582976951794497e-05,-0.00816252837110686,-8.97084767579361e-06,0.009388989351464361,3.3103033048792325e-06
188,11372,1138338.3383383383,car,20.621734671153764,17.274217257170037,0.009438957637421405,3.326089565145492e-05,-3.1391936096021045,-3.138141546266749,4.762296992526071,1.9342784588963222,-0.0007932221841295689,2.4741070084722706e-06,-0.009439010269164343,-1.0616347087690228e-05,0.0007932139659845534,-4.377072975060162e-06
188,11373,1138438.4384384383,car,20.622315536326575,17.27432965566831,0.011726837732167894,4.14407801328131e-05,-3.1391930225368263,-3.1381312134934123,4.762296992526071,1.9342784588963222,0.008388040346612077,3.323844317945992e-05,-0.011726903411761856,-1.3300603851068752e-05,-0.008388095956418139,-1.3110164710077017e-05
188,11374,1138538.5385385386,car,20.623272592595526,17.274865943115437,0.014694045307274787,5.2010719880947976e-05,-3.1391927420111934,-3.1381176309138654,4.762296992526071,1.9342784588963222,0.01663958158278835,6.132878680924773e-05,-0.014694127812571832,-1.674619448311259e-05,-0.01663968084787171,-2.1395124025197604e-05
188,11375,1138638.6386386387,car,20.625493548694706,17.275862502120347,0.017735935993632806,6.293848275535875e-05,-3.1391928518680188,-3.138097023801582,4.762296992526071,1.9342784588963222,0.021977293474801603,7.990145029135944e-05,-0.01773603596233557,-2.037561264122049e-05,-0.021977421938138553,-2.716012411566307e-05
188,11376,1138738.7387387387,car,20.628511285623073,17.277174511342384,0.020254174712734135,7.218249985846978e-05,-3.1391929826244436,-3.138067667049113,4.762296992526071,1.9342784588963222,0.023211824429835097,8.473344623494559e-05,-0.020254289610815105,-2.3578983691114293e-05,-0.023211960930337117,-2.903251459061129e-05
188,11377,1138838.8388388387,car,20.631964095104795,17.27909455940655,0.021836913132314735,7.830695909103331e-05,-3.139193164572413,-3.138024924149627,4.762296992526071,1.9342784588963222,0.02033883254265761,7.559063608067605e-05,-0.021837038165320125,-2.590935070875365e-05,-0.020338955370515062,-2.6787659990732082e-05
188,11378,1138938.938938939,car,20.63466204477051,17.28102178691358,0.02242768088621809,8.106901893844747e-05,-3.1391931142509337,-3.1379686167374,4.762296992526071,1.9342784588963222,0.014733959030311494,5.695659610707887e-05,-0.022427810847434917,-2.725273462714994e-05,-0.01473405328227976,-2.1601751752236353e-05
188,11379,1139039.039039039,car,20.637324891655886,17.281701663215156,0.02200604403197439,8.029534580901629e-05,-3.139193094292462,-3.137905352192198,4.762296992526071,1.9342784588963222,0.00737854614643061,3.1843831706285975e-05,-0.022006173351130004,-2.749035776303054e-05,-0.007378601315120478,-1.4138498014119028e-05
188,11380,1139139.139139139,car,20.639787522688476,17.281798245219345,0.02057806431472491,7.58719056638016e-05,-3.1391933478096425,-3.1378403780990114,4.762296992526071,1.9342784588963222,-0.0010242876579068996,2.3252963188175418e-06,-0.020578187123935974,-2.6498665995295435e-05,0.0010242791305746608,-4.782866566083313e-06
188,11381,1139239.2392392391,car,20.64222169313567,17.280451568930015,0.01811497961603073,6.754379045019668e-05,-3.1391935552531818,-3.1377828171315745,4.762296992526071,1.9342784588963222,-0.010179455106998523,-3.0877201008198675e-05,-0.01811508952814762,-2.408402029561825e-05,0.010179499889576506,6.455621760930504e-06
188,11382,1139339.3393393394,car,20.64482863257581,17.280659607335764,0.014606760972060791,5.51585136338545e-05,-3.13919292464796,-3.1377212722653223,4.762296992526071,1.9342784588963222,-0.019833775455421147,-6.69248462953009e-05,-0.014606851279465628,-2.0106121404763284e-05,0.01983387894841361,1.932901429069824e-05
188,11383,1139439.4394394394,car,20.64705369294116,17.281873248798064,0.01036084725227,3.9820487809936645e-05,-3.139192184336066,-3.1376505936522934,4.762296992526071,1.9342784588963222,-0.02860109297974224,-0.00010042972066714125,-0.010360912989139484,-1.4949501695887374e-05,0.02860125165464517,3.1773452931261855e-05
188,11384,1139539.5395395395,car,20.647819741086856,17.283553763598427,0.006283892382377067,2.5085212119008015e-05,-3.1391918758240767,-3.1375682414823767,4.762296992526071,1.9342784588963222,-0.033309401621478815,-0.00011858935570873315,-0.006283934497005704,-9.998925205196745e-06,0.033309590334676537,3.8620619967458846e-05
188,11385,1139639.6396396395,car,20.645013764095243,17.28486487663935,0.003866356054832487,1.707339648230632e-05,-3.139197088098968,-3.1374823611914593,4.762296992526071,1.9342784588963222,-0.02975392565151535,-0.00010362265070032185,-0.0038663858612435834,-7.811247211083136e-06,0.029754088511232145,3.234494403542396e-05
188,11386,1139739.7397397398,car,20.64238907036715,17.28666864797142,0.003912385024187112,1.9418192950425022e-05,-3.1391986806526324,-3.137373092825529,4.762296992526071,1.9342784588963222,-0.018024096727287997,-5.4299369418996874e-05,-0.003912420299629003,-1.005200238532115e-05,0.018024175069401124,1.1150055254873119e-05
188,11387,1139839.8398398398,car,20.64112100032053,17.288750547072684,0.006503943079157167,3.2967810881528087e-05,-3.1391975004173616,-3.1372469642097878,4.762296992526071,1.9342784588963222,-0.0009755401617582773,1.93319937186501e-05,-0.006504003386271323,-1.7389791312502854e-05,0.0009754910604985374,-2.166850414640075e-05
188,11388,1139939.9399399399,car,20.64077683119381,17.29120688272394,0.011327009849093218,5.6946672584113444e-05,-3.1391964926280504,-3.137101513895407,4.762296992526071,1.9342784588963222,0.0181089682577741,0.00010482635853595927,-0.01132711378486369,-2.9805196260757984e-05,-0.018109167451275117,-6.143409632768884e-05
188,11389,1140040.04004004,car,20.64048580980869,17.294055831352747,0.01767456298206822,8.875469124191206e-05,-3.139199278530363,-3.1369351510058046,4.762296992526071,1.9342784588963222,0.03569690016551779,0.00018749400079603264,-0.017674724783047782,-4.645261919603204e-05,-0.03569724666832325,-0.00010205747480187532
188,11390,1140140.1401401402,car,20.64440455316838,17.297949105021004,0.023671684981606805,0.00012006939694140748,-3.139192587779748,-3.136738111031848,4.762296992526071,1.9342784588963222,0.045097590883534024,0.00023615447642948753,-0.023671904977625703,-6.325550387626235e-05,-0.04509802778115226,-0.00012791671418601003
188,11391,1140240.2402402402,car,20.652450621508613,17.302281010410997,0.027279698995208677,0.0001409405080943563,-3.1391748656073943,-3.1364909792927453,4.762296992526071,1.9342784588963222,0.041582755727238165,0.00022541916331244837,-0.027279960024731365,-7.49836320129212e-05,-0.0415831792023793,-0.00012488031532689324
188,11392,1140340.3403403403,car,20.65852659969945,17.305969822605864,0.02797334011013598,0.00014795577107335213,-3.1391705993811025,-3.136231449187307,4.762296992526071,1.9342784588963222,0.028129378054699953,0.00016511309573397553,-0.027973616416069567,-8.020245719244802e-05,-0.028129695458877207,-9.698179953685652e-05
188,11393,1140440.4404404403,car,20.662993287070197,17.309181550936,0.026218833573090718,0.00014269585379746456,-3.1391714874762635,-3.1359532611109002,4.762296992526071,1.9342784588963222,0.010404086842482545,8.061149439062595e-05,-0.026219102215160762,-7.921534619001254e-05,-0.010404251521510892,-5.54212602222194e-05
188,11394,1140540.5405405406,car,20.66502616089728,17.310660503077123,0.023291744436454567,0.00013151710873875118,-3.1391834011700643,-3.1356696852290704,4.762296992526071,1.9342784588963222,-0.004987491051815281,5.96021526520224e-06,-0.02329199369566026,-7.54010896875679e-05,0.004987462217234148,-1.7976311227555804e-05
188,11395,1140640.6406406406,car,20.66487014341837,17.31090173231856,0.020786215061617052,0.00012342366499915869,-3.1392019473753323,-3.135368512688062,4.762296992526071,1.9342784588963222,-0.01276864893092044,-2.7743310202592883e-05,-0.02078645072952842,-7.372962610109908e-05,0.01276867876752419,-2.782828351391723e-06
188,11396,1140740.7407407407,car,20.662794937751926,17.309774013231582,0.02005977886917478,0.0001268937548294072,-3.139228498588176,-3.1350685951494692,4.762296992526071,1.9342784588963222,-0.010628909777669398,-3.514185216797622e-06,-0.020060022806078978,-7.94690178432121e-05,0.010628888382049348,-2.1614191408556336e-05
188,11397,1140840.840840841,car,20.662208783689746,17.30690640115424,0.021321712135195604,0.00014370645552261494,-3.139227600194854,-3.1347460986181344,4.762296992526071,1.9342784588963222,-0.0016081878093946247,6.305647823088904e-05,-0.02132199237708787,-9.327911295247699e-05,0.0016080341799166232,-6.68597483710311e-05
188,11398,1140940.940940941,car,20.664013340599325,17.30234683059768,0.023834903499380448,0.00016919123365513765,-3.139205626111854,-3.1344446172971288,4.762296992526071,1.9342784588963222,0.008763314237198415,0.00013741631366052172,-0.023835239458702445,-0.00011229623608084783,-0.008763617287170506,-0.000116497670151511
188,11399,1141041.0410410413,car,20.66761705425355,17.298773662880304,0.02645239445088471,0.0001952480746267415,-3.1391874736665226,-3.1341571236308416,4.762296992526071,1.9342784588963222,0.015512823072580978,0.00018512625878103068,-0.026452787545115777,-0.00013162480316872125,-0.015513223464143074,-0.00014781462867976023
188,11400,1141141.1411411413,car,20.672951733068306,17.296436606778585,0.027980553392145214,0.00021271850115473618,-3.1391717001212363,-3.1338785398745883,4.762296992526071,1.9342784588963222,0.015417118924016473,0.00018101232287073544,-0.027980986376044084,-0.00014497832616542006,-0.015417511966033364,-0.00014368770133824733
188,11401,1141241.2412412413,car,20.6782229803813,17.294368253089942,0.027766319287230785,0.00021589220937694628,-3.1391686732552664,-3.133621422910248,4.762296992526071,1.9342784588963222,0.008600874739354884,0.00012304715757722039,-0.027766761032215512,-0.00014858662911641595,-0.008601147734968667,-0.0001021984652729399
188,11402,1141341.3413413414,car,20.68104521688103,17.293269348717217,0.0258057571293046,0.0002038819577116096,-3.1391895342064977,-3.133404559496485,4.762296992526071,1.9342784588963222,-0.00234206847231137,2.869624705800899e-05,-0.025806172567651962,-0.00014186711353503085,0.0023419927491709286,-3.432442892350721e-05
188,11403,1141441.4414414417,car,20.68446504263681,17.292721877572458,0.02168674475198978,0.00017249559531136644,-3.1391928678499466,-3.1331439570355606,4.762296992526071,1.9342784588963222,-0.01740798427053879,-0.00010417327246441257,-0.02168709625741871,-0.00012045160776633234,0.01740818413781314,6.239758018442677e-05
188,11404,1141541.5415415417,car,20.688968748614005,17.2921753374495,0.014768437772054072,0.00011512561388893829,-3.139183201236596,-3.132868095621223,4.762296992526071,1.9342784588963222,-0.03748166889218067,-0.0002862339464659652,-0.014768672292695597,-7.954146699765949e-05,0.0374822497594451,0.00019592290767450198
188,11405,1141641.6416416417,car,20.693690364910573,17.29151303613826,0.004863477587302692,2.8736030359416686e-05,-3.139169062484278,-3.132591846551522,4.762296992526071,1.9342784588963222,-0.06134561710312897,-0.0005101631392857138,-0.004863532948096729,-1.694887648138362e-05,0.06134667336309934,0.00036148509456574097
188,11406,1141741.7417417418,car,20.693933689217438,17.290815507724197,-0.006869167279497632,-7.750450835719236e-05,-3.1391883802790423,-3.132395739975151,4.762296992526071,1.9342784588963222,-0.08303339993316455,-0.0007241466460370425,0.006869333767634284,6.09889447027942e-05,0.08303490098952093,0.0005245097580346986
188,11407,1141841.841841842,car,20.691854039516045,17.289887782067307,-0.018904521506147826,-0.00019035057240210314,-3.139200356539013,-3.132129506007757,4.762296992526071,1.9342784588963222,-0.09747540350858766,-0.0008806746024973782,0.018904922784758815,0.00014512483979849022,0.09747723141194677,0.0006474821845012649
188,11408,1141941.941941942,car,20.686504580078303,17.289001887942895,-0.029421917187408796,-0.00029271169216371726,-3.1392175455509075,-3.1318767906101534,4.762296992526071,1.9342784588963222,-0.10042336679670813,-0.0009357692115725168,0.029422529422136873,0.00022283070021996207,0.1004253060966835,0.0006972504506517505
188,11409,1142042.0420420421,car,20.679676731753045,17.287708124324848,-0.03698967061849601,-0.0003701925852910226,-3.1392257821353797,-3.1316021282340887,4.762296992526071,1.9342784588963222,-0.09078695895386388,-0.0008729791040768249,0.03699044320643315,0.00028264183461557926,0.09078877088344976,0.0006580957978775656
188,11410,1142142.1421421422,car,20.67110054559544,17.286211320167183,-0.040817480563039,-0.0004137649791932003,-3.139240471850475,-3.131353405909313,4.762296992526071,1.9342784588963222,-0.07038668320301092,-0.0007030551988807091,0.04081834089598189,0.0003177537906708965,0.07038814219890112,0.0005374911357121642
188,11411,1142242.2422422424,car,20.665241194477712,17.285460043843976,-0.041741020256307146,-0.0004308068058057221,-3.1392254189994975,-3.1311135493204976,4.762296992526071,1.9342784588963222,-0.04664244966571035,-0.0004962044097068746,0.0417419231220253,0.0003319949040297642,0.04664349360944631,0.00038578950229029225
188,11412,1142342.3423423425,car,20.662610061216668,17.285093853431853,-0.041679231796401504,-0.0004406308868308851,-3.139201156701285,-3.130853516582023,4.762296992526071,1.9342784588963222,-0.028294899447904347,-0.0003416656150726258,0.041680166375721917,0.0003409539686461165,0.02829563562651334,0.0002739975385469562
188,11413,1142442.4424424425,car,20.66249219402049,17.284691073166112,-0.04281592965313444,-0.00046642635380301156,-3.139177781595528,-3.1305544172077653,4.762296992526071,1.9342784588963222,-0.021718591791941785,-0.0003090665279862358,0.04281693116920739,0.0003630301048614733,0.02171927482020672,0.00025661805871184204
188,11414,1142542.5425425426,car,20.663278937329974,17.284779849046444,-0.04674038385091514,-0.0005259727693961716,-3.139162995806614,-3.1302317611126913,4.762296992526071,1.9342784588963222,-0.028507422418098262,-0.00042002296094951016,0.04674152382377824,0.0004124081912454769,0.028508358786157196,0.00035075850859231426
188,11415,1142642.6426426428,car,20.66348755359725,17.284930558673093,-0.05374241136379119,-0.0006230338336857932,-3.1391512522309815,-3.1299113397674305,4.762296992526071,1.9342784588963222,-0.04459669479464744,-0.0006333997560006284,0.05374377227378266,0.000491825311120937,0.04459810826822721,0.0005245195452211283
188,11416,1142742.7427427429,car,20.657700146151257,17.284528067051,-0.06199026730620989,-0.0007364038942258822,-3.139182176030281,-3.1296488658494788,4.762296992526071,1.9342784588963222,-0.05927147888655173,-0.0008271904731482886,0.06199186229545129,0.0005869757512800675,0.0592733006132155,0.0006843156385775008
188,11417,1142842.842842843,car,20.64789838304584,17.28373390232554,-0.06890551605189833,-0.000835043536588382,-3.13920927003153,-3.1293726897613072,4.762296992526071,1.9342784588963222,-0.06308071719772229,-0.0008886157510740221,0.0689073105696582,0.0006708130463017422,0.06308265594242361,0.0007382678253042342
188,11418,1142942.942942943,car,20.634362089534626,17.282974864156415,-0.07197130201651401,-0.0008869688658780348,-3.1392339455894644,-3.1290919884810346,4.762296992526071,1.9342784588963222,-0.050481350350877766,-0.0007450172744910552,0.07197319390893409,0.0007172072701009343,0.05048296720093623,0.0006259445475073229
188,11419,1143043.0430430432,car,20.621676874975527,17.282779291916203,-0.07011445108533079,-0.0008766368197977183,-3.1392153624365084,-3.128800371620231,4.762296992526071,1.9342784588963222,-0.023681462876977463,-0.00041570883350256914,0.0701163369780436,0.000709952035355332,0.02368238421896,0.00035940997964473744
188,11420,1143143.1431431433,car,20.612243830744198,17.28426592695796,-0.06378604970571711,-0.0008070944421090887,-3.1391551841995162,-3.1284617089775395,4.762296992526071,1.9342784588963222,0.010056410855234559,1.539409316915507e-05,0.06378782748720256,0.0006516156548024443,-0.010056418503982248,9.11812192443822e-06
188,11421,1143243.2432432433,car,20.60630977619149,17.286761505077575,-0.05430731244682687,-0.0006923316670416794,-3.1390522249891326,-3.128009275346577,4.762296992526071,1.9342784588963222,0.04291455259356487,0.0004545134811214549,0.05430889602054248,0.0005543657315986398,-0.04291556877095775,-0.00034549077493112177
188,11422,1143343.3433433434,car,20.60277986343741,17.28925513464436,-0.043044773702516505,-0.0005465585166245126,-3.1388735083881976,-3.1274752448459964,4.762296992526071,1.9342784588963222,0.06993453368915656,0.0008434249825696832,0.043046100741589745,0.0004295116504336252,-0.06993656854223282,-0.0006532599471630743
188,11423,1143443.4434434436,car,20.600609044843363,17.29162431670621,-0.03092442170747392,-0.0003778204488559178,-3.1385354958958738,-3.1269240119419957,4.762296992526071,1.9342784588963222,0.08979154054943435,0.0011704172156969499,0.030925432249360733,0.0002832779967754476,-0.08979469908874432,-0.0008959052747770288
188,11424,1143543.5435435437,car,20.5988342309497,17.293812671970034,-0.018250877409343565,-0.00018485949464190776,-3.137858099606577,-3.126364167055094,4.762296992526071,1.9342784588963222,0.10408499958698053,0.0014644078866254736,0.018251440504127456,0.0001166994770433211,-0.10408974265421811,-0.0010756875284176218
188,11425,1143643.6436436437,car,20.595746655273214,17.295408741702705,-0.004883276308882149,4.169814358250917e-05,-3.13648117233682,-3.12619141176675,4.762296992526071,1.9342784588963222,0.11552116514303751,0.001774564454473126,0.0048829993774024425,-6.665826546836575e-05,-0.11552872663512803,-0.0011840595736211548
188,11426,1143743.7437437437,car,20.595008857688114,17.295043073957206,0.008258105473037401,0.0002975110912166021,-3.1335358748394584,-3.121812051658708,4.762296992526071,1.9342784588963222,0.1216401210657097,0.0020777732816996473,-0.008260234405827236,-0.00023096842640308842,-0.12165291313304456,-0.0010976889060981454
188,11427,1143843.843843844,car,20.598039705054774,17.292998224864238,0.01890025004684521,0.0005442876462068519,-3.127355673366096,-3.1129404019289453,4.762296992526071,1.9342784588963222,0.11569048775897933,0.0022282211857019463,-0.01890608336886319,-0.0002751590897649125,-0.11571048528094191,-0.0005809678234486677
188,11428,1143943.943943944,car,20.596676116513567,17.292272604568005,0.02428593034900988,0.0006729726024014242,-3.124429162923763,-3.111493853072028,4.762296992526071,1.9342784588963222,0.09166400467274992,0.0018622546712558723,-0.024293903288310343,-0.0002560626071218966,-0.09168246478630242,-0.000288783335652754
188,11429,1144044.044044044,car,20.598341186738782,17.290825280409504,0.028019156249843864,0.000778059038893265,-3.123022669691004,-3.1103010225728713,4.762296992526071,1.9342784588963222,0.07055640048250898,0.0015468421736759012,-0.028028772978907095,-0.00025763951182907645,-0.07057295852912182,-0.00023641955356544985
188,11430,1144144.1441441441,car,20.60107718319845,17.289689123156002,0.030858146488510065,0.000873355315969728,-3.1223486314793214,-3.1096523215744134,4.762296992526071,1.9342784588963222,0.054175158998650205,0.0013159115304902749,-0.030869238610996108,-0.00027939540380233173,-0.054190449767854976,-0.00027318426509320617
188,11431,1144244.2442442444,car,20.60381487494572,17.28838246091018,0.0331014853094231,0.0009602839242664155,-3.12202728586848,-3.109463724807262,4.762296992526071,1.9342784588963222,0.04184340214697313,0.0011421814972646196,-0.033113936936839686,-0.0003124987170562935,-0.04185773927493372,-0.00032333357029585555
188,11432,1144344.3443443445,car,20.606998319793895,17.28669048635137,0.034644837319271586,0.0010298743501754794,-3.121873879662003,-3.109331519494516,4.762296992526071,1.9342784588963222,0.03158435191239737,0.0009686539603926924,-0.034658408604144146,-0.00034656468967520675,-0.03159731106953472,-0.00034570131067502945
188,11433,1144444.4444444445,car,20.611195383114257,17.286790533643984,0.03501032361909403,0.001062645417264748,-3.121803955237331,-3.1092483057781486,4.762296992526071,1.9342784588963222,0.020739920387035135,0.0007196945340574443,-0.035024495948484176,-0.0003696738442772044,-0.020750100608616068,-0.00030916438219634424
188,11434,1144544.5445445445,car,20.61588335976431,17.287242850467475,0.033650225626617083,0.0010381931280086612,-3.121774238029472,-3.1092254668554116,4.762296992526071,1.9342784588963222,0.007413097956134047,0.00034545315864688243,-0.03366419144613565,-0.0003711387492682369,-0.007418488070132914,-0.00019847908039268168
188,11435,1144644.6446446448,car,20.621339284099065,17.287690107489137,0.02998047467658789,0.0009362016041868963,-3.1217643112486404,-3.109205161032991,4.762296992526071,1.9342784588963222,-0.009697632661486256,-0.00018422526937781497,-0.029993143370129566,-0.00034159340752218034,0.00969937899034506,-8.08632519691275e-06
188,11436,1144744.7447447449,car,20.626653720228653,17.28884127465494,0.02383414187386544,0.0007506362360981623,-3.1217631993172623,-3.1091939425414172,4.762296992526071,1.9342784588963222,-0.02977066877862619,-0.0008324003402995349,-0.023844339880111056,-0.00027790160891073135,0.029781320911699848,0.00024193926417313241
188,11437,1144844.844844845,car,20.629756904155016,17.289226221996394,0.0159100770058829,0.000504085710810169,-3.1217636019434534,-3.1091891335015944,4.762296992526071,1.9342784588963222,-0.048945541971693984,-0.0014654603902651314,-0.015916944143104076,-0.00018852554806060302,0.04896497659213647,0.0004946922172631744
188,11438,1144944.944944945,car,20.63017263352109,17.290166826891234,0.007533270446910104,0.0002397839727214034,-3.121761051555966,-3.109160191089218,4.762296992526071,1.9342784588963222,-0.06243210327213261,-0.0019215950177385492,-0.007536544094929635,-9.034979271952892e-05,0.06245793244716802,0.0006831696856746999
188,11439,1145045.0450450452,car,20.628390043111846,17.29232504417114,0.00026090806271468914,8.6905389739069e-06,-3.121752937412645,-3.109107026840385,4.762296992526071,1.9342784588963222,-0.06639932746416234,-0.0020718503150750018,-0.0002610291223376408,-3.5128263307626126e-06,0.06642736225482145,0.0007541851814133094
188,11440,1145145.1451451452,car,20.623796374717386,17.29443296146563,-0.004420971984911865,-0.00014032018179586307,-3.1217445187115165,-3.109036737564037,4.762296992526071,1.9342784588963222,-0.05877944016738698,-0.0018454227883565968,0.004422886106985233,5.255025624855096e-05,0.058804488308086364,0.0006784736423375713
188,11441,1145245.2452452453,car,20.62040216673722,17.29466412506307,-0.006144166702722283,-0.00019454468406372456,-3.121739786411998,-3.108980471845845,4.762296992526071,1.9342784588963222,-0.04264284569596858,-0.0013392820368134896,0.006146817938885012,7.253503388062646e-05,0.04266102926635155,0.0004924909743478565
188,11442,1145345.3453453453,car,20.618885683428847,17.294614772223547,-0.005386348584652095,-0.00016888540728874767,-3.1217346549486518,-3.1089173242542714,4.762296992526071,1.9342784588963222,-0.0231485735734144,-0.0007198181992833043,0.005388640098679511,6.18970361325123e-05,0.023158302727257253,0.00026002214618802804
188,11443,1145445.4454454456,car,20.619050044950598,17.294965419512582,-0.002973136864228256,-8.9706105515385e-05,-3.121731888278842,-3.108845633172779,4.762296992526071,1.9342784588963222,-0.004802249271156765,-0.00013327563459754799,0.002974332021369991,3.064352220076986e-05,0.0048039489607681635,3.787927451172231e-05
188,11444,1145545.5455455456,car,20.61998626673075,17.295416667996403,0.00044105841657950465,2.2087859509708856e-05,-3.121731020516614,-3.1087686966128385,4.762296992526071,1.9342784588963222,0.010303729706894207,0.0003520472910364049,-0.0004414100962099124,-1.332393850542612e-05,-0.010308689217442676,-0.0001473424108712603
188,11445,1145645.6456456457,car,20.62037580621092,17.29707249267558,0.004639213498082991,0.00015981047072320263,-3.1217323140914033,-3.1086832728371543,4.762296992526071,1.9342784588963222,0.022585651805014935,0.0007495158459905137,-0.004641472280070005,-6.764865623155514e-05,-0.022596082347878438,-0.00030083880843665735
188,11446,1145745.7457457457,car,20.61964573769368,17.299712028979126,0.009540413816912048,0.00032116131456475606,-3.1217348027699905,-3.1085811451964664,4.762296992526071,1.9342784588963222,0.03282607633476042,0.001084315645105543,-0.009544909977145698,-0.00013165833085590457,-0.03284113508772828,-0.0004322893745176638
188,11447,1145845.845845846,car,20.62123261871727,17.30119777266289,0.014329256475146535,0.00047947274909514534,-3.1217351378372307,-3.108452253367018,4.762296992526071,1.9342784588963222,0.038655112422031596,0.0012773487106705929,-0.014335951917047065,-0.0001948534828232507,-0.03867285471767434,-0.0005095528178769439
188,11448,1145945.945945946,car,20.625156343972122,17.3008354911399,0.017925181087356724,0.0005989453304802233,-3.121730742247874,-3.108323963754154,4.762296992526071,1.9342784588963222,0.03759454096220253,0.0012448083537214974,-0.017933540918655563,-0.0002428222443307095,-0.03761184841453445,-0.0004979124805636356
188,11449,1146046.046046046,car,20.6304723783119,17.301128782740964,0.019688798024430475,0.0006581059213781927,-3.1217281529054466,-3.1082001684034166,4.762296992526071,1.9342784588963222,0.02983929328794957,0.0009909871272071815,-0.01969798565397284,-0.00026689366131607935,-0.029853090382882422,-0.00039808793251701867
188,11450,1146146.146146146,car,20.632335327228926,17.30140046993738,0.02029700193102169,0.0006792614885749906,-3.121737802282983,-3.1081240816479796,4.762296992526071,1.9342784588963222,0.020613698240237892,0.0006883077971092191,-0.0203064871196832,-0.00027616012728062507,-0.020623300609023242,-0.0002789171077752745
188,11451,1146246.2462462464,car,20.633163732179728,17.300979799798366,0.020529946292346835,0.000688423694930904,-3.1217431502452597,-3.10799751468493,4.762296992526071,1.9342784588963222,0.013514332326815044,0.00045662205416471536,-0.020539565968270782,-0.0002808056007999809,-0.013520733197768848,-0.00018829693226150748
188,11452,1146346.3463463464,car,20.63373427490266,17.299809009494364,0.020874367727643648,0.0007017689773506572,-3.121745112843672,-3.10786509671691,4.762296992526071,1.9342784588963222,0.009603492349838504,0.000331106865705593,-0.020884183870208167,-0.0002873530960323461,-0.00960817211023603,-0.00014044846032107693
188,11453,1146446.4464464465,car,20.63512946804347,17.297336993186946,0.0212671849728177,0.0007169718168906428,-3.1217431398123665,-3.107738974000561,4.762296992526071,1.9342784588963222,0.007398648623407169,0.00026152454851723143,-0.021277226048370755,-0.00029471501623001497,-0.007402381919905055,-0.00011462309533724407
188,11454,1146546.5465465465,car,20.637808830346106,17.294434710442307,0.021165295714926737,0.0007153884805540367,-3.1217394234628117,-3.1076316591226063,4.762296992526071,1.9342784588963222,0.004131118101324976,0.00015385255844143817,-0.021175326532525154,-0.00029507561631178454,-0.004133358256022825,-7.181158821388611e-05
188,11455,1146646.6466466468,car,20.641210226659748,17.290971095989338,0.019862525007048003,0.0006727318961298801,-3.1217396975789433,-3.1075585023393666,4.762296992526071,1.9342784588963222,-0.002525362391070927,-7.131657432756953e-05,-0.019871965668596902,-0.00027829539303380365,0.0025262804862321415,2.1169905337171442e-05
188,11456,1146746.7467467468,car,20.644853635747264,17.28711364792239,0.016636900739737802,0.0005641700380394838,-3.121745074085209,-3.1075180719125,4.762296992526071,1.9342784588963222,-0.014055202976200795,-0.0004646756544080188,-0.01664482066453659,-0.00023387838960757805,0.01406165679073316,0.00018564068958926275
188,11457,1146846.8468468469,car,20.649106155220164,17.28425460931686,0.010803212696419293,0.00036618503033527264,-3.1217523954329764,-3.1074917856132966,4.762296992526071,1.9342784588963222,-0.0312239467642573,-0.0010521403185181628,-0.01080835122919739,-0.00015178849371394178,0.03123867489958483,0.00043248272228364444
188,11458,1146946.946946947,car,20.652342047004637,17.283005026349063,0.0022257031227527063,7.403044733420168e-05,-3.1217628838751112,-3.107483048510007,4.762296992526071,1.9342784588963222,-0.05236893575012155,-0.0017767618548633862,-0.0022267334523763697,-2.988360473010582e-05,0.05239387030658036,0.0007380166573274589
188,11459,1147047.0470470472,car,20.653625225027287,17.283559616458692,-0.008561528932931604,-0.0002941527462470716,-3.1217693955265564,-3.1074613074344426,4.762296992526071,1.9342784588963222,-0.07387503068740343,-0.002514934215052903,0.008565677496041903,0.00012438867050905365,0.07391036706394799,0.0010500922070537512
188,11460,1147147.1471471472,car,20.65259833578115,17.285543199938108,-0.020380296837113853,-0.0006982445185018194,-3.1217680605398814,-3.107417752332776,4.762296992526071,1.9342784588963222,-0.09103256248610286,-0.003105795105324602,0.020390133599031985,0.0002941026863489632,0.09107624160500748,0.001300619517300952
188,11461,1147247.2472472473,car,20.648474693910728,17.28715338454023,-0.03137308884968359,-0.0010747700421112952,-3.121762292033489,-3.1073571497083137,4.762296992526071,1.9342784588963222,-0.09832559430136761,-0.0033603542854846948,0.03138823210596481,0.00045245980555230314,0.09837289467038945,0.0014099892941341742
188,11462,1147347.3473473473,car,20.64044545257953,17.287923686284493,-0.0392547202894839,-0.0013452660973476893,-3.1217552466400265,-3.107286115811306,4.762296992526071,1.9342784588963222,-0.0907209447910828,-0.003104861875555824,0.03927368157149605,0.0005663406210256269,0.09076468336918389,0.0013047007108016638
188,11463,1147447.4474474476,car,20.631561085572624,17.28852342782163,-0.04230313986117172,-0.001450113454892379,-3.1217427589708153,-3.1072717122660527,4.762296992526071,1.9342784588963222,-0.06732351091710112,-0.0023061070920620663,0.042323588737870246,0.0006101700529675933,0.06735602098110403,0.0009693759426377601
188,11464,1147547.5475475476,car,20.621609906642888,17.28781653574668,-0.03946020668119332,-0.001352756465187664,-3.1217329574257895,-3.1072232544661054,4.762296992526071,1.9342784588963222,-0.03016060313482223,-0.0010332222708866901,0.03947928880202993,0.0005688735030880028,0.03017517367734504,0.000434077480834701
188,11465,1147647.6476476477,car,20.615020693629603,17.286434796530425,-0.031149361539499446,-0.0010672241878259474,-3.121717817828194,-3.107234039416149,4.762296992526071,1.9342784588963222,0.01378136243519014,0.00047531169336402523,0.031164419110494144,0.0004479657252464517,-0.013788086762952553,-0.00020133353722390175
188,11466,1147747.7477477477,car,20.611605267161927,17.285501466636767,-0.018604151655080007,-0.0006357628445954131,-3.1217067066408957,-3.1071845723819496,4.762296992526071,1.9342784588963222,0.05708637698451325,0.0019641614846743266,0.018613115175124883,0.0002657003525024601,-0.05711414656409785,-0.0008286312874804683
188,11467,1147847.847847848,car,20.61060927918331,17.284796738377917,-0.003354372752972786,-0.00011061983579482729,-3.1217010594530645,-3.1071164251223036,4.762296992526071,1.9342784588963222,0.09406856491790866,0.0032383327983036706,0.0033559094130391903,4.3878530427317983e-05,-0.09411436657133639,-0.0013666418343838726
188,11468,1147947.947947948,car,20.611589153619846,17.286003737124144,0.012873411380878748,0.0004489586888856782,-3.1217072559051138,-3.1070581821940917,4.762296992526071,1.9342784588963222,0.12048632234922493,0.004151389658127213,-0.012879793338095281,-0.0001928938921294334,-0.12054504783257379,-0.001754808359178865
188,11469,1148048.048048048,car,20.617224789256454,17.285956431857134,0.02789195652773304,0.000967492416460292,-3.1217066559279814,-3.1069873982221012,4.762296992526071,1.9342784588963222,0.13195805280710207,0.004550784090565776,-0.027905680015784282,-0.00041267829784912577,-0.13202245298675505,-0.0019259397293118273
188,11470,1148148.148148148,car,20.623352091818287,17.28562431709306,0.040149466775149786,0.0013909811071549615,-3.1217157035340817,-3.1069922909674443,4.762296992526071,1.9342784588963222,0.12826774066324997,0.004426499822903803,-0.04016918228817514,-0.0005927099363727378,-0.1283303821673544,-0.0018762218199581708
188,11471,1148248.2482482484,car,20.632464734639,17.285273582018576,0.04820971119734013,0.0016697355522032004,-3.121722651388497,-3.1069421004707443,4.762296992526071,1.9342784588963222,0.10973144073181884,0.0037891290784490437,-0.048233369969945615,-0.0007115419085215519,-0.10978506457501869,-0.001608160599192604
188,11472,1148348.3483483484,car,20.639894834005645,17.286032143890004,0.05171674293488877,0.0017909381601366068,-3.1217370400790254,-3.1069952185572793,4.762296992526071,1.9342784588963222,0.08073227887729874,0.002788154717505969,-0.051742106565527184,-0.0007637849490723823,-0.0807717221207774,-0.0011847215261845568
188,11473,1148448.4484484484,car,20.648372152644203,17.28620176489541,0.050617334780145636,0.0017531369229545387,-3.1217454846339368,-3.1069291360827576,4.762296992526071,1.9342784588963222,0.04512579583814034,0.0015591064176584135,-0.05064215828771701,-0.0007482468027215691,-0.045147850193173404,-0.0006632388573351608
188,11474,1148548.5485485485,car,20.653946051660256,17.28559542175902,0.04586979357998307,0.0015890437802524877,-3.1217551157305987,-3.106946245908663,4.762296992526071,1.9342784588963222,0.009193835521166052,0.0003173988392586591,-0.045892289002680824,-0.0006788470374356181,-0.009198322563588537,-0.00013496529033570482
188,11475,1148648.6486486488,car,20.65885866907661,17.284588542019506,0.03868622846248208,0.0013407532790911392,-3.1217584078658014,-3.10687008392318,4.762296992526071,1.9342784588963222,-0.02223620007437062,-0.00076879388969432,-0.0387052102693999,-0.0005732277106813794,0.022247073834338483,0.00032763333432860194
188,11476,1148748.7487487488,car,20.659745458644498,17.284093941011232,0.03096167011420682,0.0010737210739505429,-3.121760173142241,-3.1068444740206855,4.762296992526071,1.9342784588963222,-0.043562399944173956,-0.001505983873851197,-0.030976874435308128,-0.0004595034545756857,0.043583698522649705,0.0006417939009126333
188,11477,1148848.8488488488,car,20.659493982728854,17.284499333004508,0.024119781119551403,0.0008373628524602833,-3.1217544460834796,-3.1067495690690614,4.762296992526071,1.9342784588963222,-0.05318582586318144,-0.0018380100451353156,-0.024131645739724827,-0.00035873624596531736,0.05321182087950827,0.0007826061345313005
188,11478,1148948.9489489489,car,20.65917521174136,17.285308109575286,0.018892839321596553,0.0006570799195333129,-3.121747214876746,-3.1066502825754565,4.762296992526071,1.9342784588963222,-0.05280975810828288,-0.0018236519934000566,-0.01890215823553642,-0.00028203845670684224,0.052835547912374915,0.0007753288641064559
188,11479,1149049.0490490492,car,20.658381792062233,17.28508810826999,0.015348922451210788,0.0005351974814035837,-3.121744704316103,-3.106567951178407,4.762296992526071,1.9342784588963222,-0.04605224858856641,-0.0015883677327339493,-0.015356521139867376,-0.00023046743411970274,0.04607470172217614,0.0006740721994015624
188,11480,1149149.1491491492,car,20.66130439862937,17.28529321612235,0.012355682705415637,0.0004320287903321956,-3.121740149266398,-3.106461158114892,4.762296992526071,1.9342784588963222,-0.039782448704359104,-0.0013718480612556797,-0.012361824252689753,-0.00018666852491618693,0.03980184222478658,0.0005818483748626803
188,11481,1149249.2492492492,car,20.6644945091088,17.28564215141097,0.009026602464356324,0.0003163049038869067,-3.1217416097160346,-3.1063890103512612,4.762296992526071,1.9342784588963222,-0.03724928472857177,-0.0012880814664255132,-0.009031102563627031,-0.00013706687052612637,0.03726751375195919,0.0005484390594145295
188,11482,1149349.3493493493,car,20.665943117028135,17.285159205081865,0.004970442270618639,0.00017416557841843822,-3.121748685377849,-3.106329976827868,4.762296992526071,1.9342784588963222,-0.03851947221371148,-0.0013392850247803806,-0.004972919574091484,-7.550446262425381e-05,0.03853846328973652,0.0005746923230060728
188,11483,1149449.4494494495,car,20.66876604225977,17.284731836230158,-0.0003899026855681536,-1.4816732876184397e-05,-3.121750739003274,-3.1062459987432285,4.762296992526071,1.9342784588963222,-0.044354685816739486,-0.001552285702014859,0.0003901199084933454,7.0779081320995356e-06,0.044376753147705054,0.0006719560030239095
188,11484,1149549.5495495496,car,20.669890624230575,17.28468268334833,-0.006896707582735089,-0.00024517619257067897,-3.121755022495439,-3.1061729262552684,4.762296992526071,1.9342784588963222,-0.052370934334209564,-0.0018430706117386676,0.006900213986890392,0.00010832258435489,0.05239718962002151,0.0008038608346315008
188,11485,1149649.6496496496,car,20.668848191092525,17.284860461086346,-0.013816731865332324,-0.0004909831699839292,-3.1217570114508724,-3.1060902746092394,4.762296992526071,1.9342784588963222,-0.05887767942932423,-0.002080876280457001,0.013823752167061136,0.00021684080651402662,0.058907369828776736,0.0009126669340796961
188,11486,1149749.7497497497,car,20.665946229683215,17.284037814323476,-0.02018430263677658,-0.0007178808679766148,-3.1217579662406134,-3.10601197333855,4.762296992526071,1.9342784588963222,-0.06071568816733509,-0.0021530213782593945,0.02019457037397931,0.00031741657800128415,0.06074644703890106,0.0009484001467233833
188,11487,1149849.84984985,car,20.66217203068706,17.28247319601761,-0.025138781930139804,-0.0008950531290287411,-3.1217553452420583,-3.1059488368232295,4.762296992526071,1.9342784588963222,-0.056359597978418455,-0.002004302647021619,0.02515159008107622,0.00039622396244570117,0.05638826642328113,0.0008859588968307467
188,11488,1149949.94994995,car,20.65776455467014,17.282046192605357,-0.027953901620826914,-0.0009963740400996761,-3.121747783669165,-3.105883103245757,4.762296992526071,1.9342784588963222,-0.045397374748898725,-0.0016191389235085765,0.027968169030023367,0.00044147272021712936,0.04542056536338512,0.0007179742446832557
188,11489,1150050.05005005,car,20.652569863268482,17.281451828060025,-0.028060593700713652,-0.0010012081093181266,-3.1217404366191452,-3.1058110063591484,4.762296992526071,1.9342784588963222,-0.02818663232999996,-0.0010092921327920258,0.028074939289819925,0.0004439824181435505,0.028201113558593824,0.00044956286680560194
188,11490,1150150.15015015,car,20.6476563230953,17.281815929688193,-0.025368518219893936,-0.0009059386951231955,-3.1217322525101108,-3.105741917438595,4.762296992526071,1.9342784588963222,-0.006802847144748908,-0.0002479637784383664,0.025381506384925884,0.0004019642078328461,0.0068064298828904475,0.00011281648608128076
188,11491,1150250.2502502503,car,20.644096599456287,17.2842822959259,-0.020443640636070057,-0.000730500594006481,-3.1217278052958406,-3.105656477379575,4.762296992526071,1.9342784588963222,0.014938848569557534,0.0005287216483584762,0.020454117442840977,0.0003242733554998368,-0.014946403425131819,-0.00023187888826258873
188,11492,1150350.3503503504,car,20.64265151252725,17.286606161368486,-0.014425727692185752,-0.0005155221418777653,-3.1217264988505358,-3.1055473406770715,4.762296992526071,1.9342784588963222,0.03247903393269455,0.001157229211733649,0.014433121896359744,0.0002288555279690517,-0.032495613171483174,-0.0005118097878540086
188,11493,1150450.4504504504,car,20.643221790187322,17.289004653478553,-0.008658800615133829,-0.00030922157803319253,-3.1217278677904856,-3.1054127266519083,4.762296992526071,1.9342784588963222,0.04223620305807802,0.001508076162281483,0.008663234464322789,0.00013716666188678218,-0.042257825563799783,-0.0006688206739554762
188,11494,1150550.5505505505,car,20.64552420962288,17.29046966631882,-0.0043018309604794915,-0.00015349517593139122,-3.12172726841169,-3.1052615977606517,4.762296992526071,1.9342784588963222,0.04273698772972179,0.0015265676978950577,0.004304031205270024,6.801298137842516e-05,-0.04275887914366859,-0.0006773356064687908
188,11495,1150650.6506506507,car,20.64694721088919,17.29149251417637,-0.00173433723487359,-6.230861236255139e-05,-3.1217331974015625,-3.1051056336043894,4.762296992526071,1.9342784588963222,0.03610305244405821,0.0012875690681757516,0.001735232570365597,2.7855595235442455e-05,-0.03612150193291852,-0.0005703753096901096
188,11496,1150750.7507507508,car,20.64795652285274,17.291530811999667,-0.0009229970899194964,-3.474551461785794e-05,-3.1217382823530975,-3.1049477276621884,4.762296992526071,1.9342784588963222,0.025233533378201254,0.0008945992513305129,0.000923504980012843,1.641434364807639e-05,-0.025246320600627363,-0.00039345990852467344
188,11497,1150850.8508508508,car,20.648325616205547,17.291405543085556,-0.0014988718737216945,-5.76368467139716e-05,-3.1217421534828107,-3.1047851752852615,4.762296992526071,1.9342784588963222,0.013203694424229633,0.0004585089630195873,0.001499720619012203,2.787408909305674e-05,-0.013210194136724227,-0.00019633590516977888
188,11498,1150950.9509509508,car,20.647659784829585,17.291818717473646,-0.0028384983817003988,-0.00010836587137128269,-3.1217450343161155,-3.1046141802572267,4.762296992526071,1.9342784588963222,0.0028820433118692465,8.375550867189944e-05,0.002840089981420751,5.2010791450603275e-05,-0.0028831379100475335,-2.654106949396517e-05
188,11499,1151051.0510510511,car,20.64616530413145,17.29078224096646,-0.004312334910900202,-0.00016390388903390944,-3.1217484876643335,-3.1044455517742047,4.762296992526071,1.9342784588963222,-0.0039529727136581524,-0.00016415931421838085,0.004314738182098597,7.830254497519268e-05,0.003955451807687072,8.56886949114164e-05
188,11500,1151151.1511511512,car,20.64472006866418,17.289962248160972,-0.005583631085652059,-0.00021190531804358428,-3.1217471969093515,-3.1042753989596985,4.762296992526071,1.9342784588963222,-0.007348911142721516,-0.0002865967384836432,0.005586736668874162,0.00010106115540589288,0.007353151304558097,0.0001407073786319562
188,11501,1151251.2512512512,car,20.643606544120782,17.290133859536326,-0.006606469126246084,-0.00025076444788035184,-3.1217443179027535,-3.1040984435808814,4.762296992526071,1.9342784588963222,-0.008462831098585446,-0.0003260430313046461,0.0066101447686159895,0.00011959624702346272,0.008467635146582995,0.0001580167263287292
188,11502,1151351.3513513512,car,20.642942131659183,17.290161515773686,-0.007532905467640094,-0.00028625988260506594,-3.121741786333476,-3.1039158390796158,4.762296992526071,1.9342784588963222,-0.008770411785638425,-0.0003371294135018512,0.007537103453305774,0.0001366785972903508,0.008775375693326402,0.00016297414546385022
188,11503,1151451.4514514515,car,20.642725950446554,17.29036078819545,-0.008553214702126536,-0.00032562476626740695,-3.1217393151687625,-3.1037260269145994,4.762296992526071,1.9342784588963222,-0.009322657519559099,-0.0003589190165929442,0.008557993425130276,0.00015576188399983918,0.009327945566256012,0.00017377456784192346
188,11504,1151551.5515515516,car,20.642125271433216,17.289387921056374,-0.009643534858842522,-0.00036799144311974003,-3.1217404017366612,-3.103536963850951,4.762296992526071,1.9342784588963222,-0.009932036213557269,-0.00038389143439468025,0.009648939584269297,0.0001764856227607572,0.009937699719840149,0.0001866554555956917
188,11505,1151651.6516516516,car,20.64108628583617,17.288228637415187,-0.010619626411020183,-0.0004063222440278241,-3.1217420520183623,-3.1033529868598797,4.762296992526071,1.9342784588963222,-0.009861812889599699,-0.0003835161213451606,0.010625599378311836,0.00019545006331111862,0.009867482473303508,0.00018769050017108731
188,11506,1151751.7517517516,car,20.639523697978884,17.287327283942467,-0.01119955572946967,-0.00042973339772223683,-3.1217434222071807,-3.103170356669373,4.762296992526071,1.9342784588963222,-0.008282377107066393,-0.0003254221737165287,0.011205878851839608,0.00020736076897195043,0.00828720452140487,0.0001609700444510096
188,11507,1151851.851851852,car,20.63773014149,17.287540034203705,-0.011132990168955487,-0.000428424142411493,-3.1217424026489478,-3.1029811141870107,4.762296992526071,1.9342784588963222,-0.004808757733906167,-0.00019400632509572523,0.011139300629461476,0.00020736160285772477,0.004811661183023407,9.85193248317594e-05
188,11508,1151951.951951952,car,20.6357941288359,17.287445372794004,-0.0102594972868576,-0.00039594724564422074,-3.12174145723334,-3.102786441809374,4.762296992526071,1.9342784588963222,0.0004458909114046228,7.270740226621023e-06,0.01026533538350585,0.00019221931358345506,-0.0004459473815872337,1.5815790142654742e-06
188,11509,1152052.052052052,car,20.634002995426066,17.286684155076,-0.008627887019254172,-0.00033391579798693234,-3.121741085063693,-3.102592461595548,4.762296992526071,1.9342784588963222,0.00660081880952569,0.00024503072585603086,0.008632815332608108,0.0001625841635776495,-0.006604382135911988,-0.00011395444549593624
188,11510,1152152.152152152,car,20.633502621595287,17.2842663964395,-0.006652181562465607,-0.0002582449249383093,-3.121734670298338,-3.1024088046514904,4.762296992526071,1.9342784588963222,0.0117007690666149,0.00044338473328474153,0.006655997882957338,0.0001261037800035659,-0.011707266252674294,-0.00021095890821611345
188,11511,1152252.2522522523,car,20.633823790093842,17.28261130338782,-0.004792694935523165,-0.00018686789801954554,-3.1217306316769062,-3.1022260306582767,4.762296992526071,1.9342784588963222,0.014370032321975678,0.0005480788923137931,0.004795460937984492,9.164468650467005e-05,-0.014378083166129136,-0.00026257165631425865
188,11512,1152352.3523523523,car,20.63412639846665,17.282857116505916,-0.003300357871879281,-0.0001296814632779616,-3.1217324497673222,-3.1020395579452757,4.762296992526071,1.9342784588963222,0.01457906013628714,0.0005570910607060993,0.003302282347985087,6.411441787576497e-05,-0.014587248252948559,-0.00026745712599342324
188,11513,1152452.4524524524,car,20.63390666475848,17.28403694923423,-0.0022320005508938835,-8.904633343441968e-05,-3.121737245748407,-3.101844562036438,4.762296992526071,1.9342784588963222,0.013062574958404533,0.000498411891187964,0.002233328531598786,4.471441194427644e-05,-0.013069895687519208,-0.00023896793630438432
188,11514,1152552.5525525524,car,20.63270830168311,17.285789851965216,-0.0017124104013151514,-7.011856744371176e-05,-3.121747931701312,-3.101638719571166,4.762296992526071,1.9342784588963222,0.01000649401826109,0.0003783238109273743,0.0017134646197944656,3.6124683324328824e-05,-0.010012030977321663,-0.0001796862614698931
188,11515,1152652.6526526527,car,20.635258332067178,17.28597273706815,-0.0026798755035833096,-0.00011070314769530702,-3.121735063021137,-3.101417247789815,4.762296992526071,1.9342784588963222,0.002369476310966262,7.404468724571335e-05,0.0026815453047720366,5.74689487514204e-05,-0.002370479408196423,-2.6981090718112518e-05
188,11516,1152752.7527527527,car,20.63758869893331,17.284375381215785,-0.00530569283952569,-0.00021817026097247833,-3.1217316744356083,-3.1011944557243445,4.762296992526071,1.9342784588963222,-0.008734387761545115,-0.0003715018632607193,0.005308979226263609,0.0001127579055695514,0.0087400430471481,0.00019796650583723453
188,11517,1152852.8528528528,car,20.63697667954465,17.28342718892236,-0.008631451064691681,-0.0003542151821867161,-3.121744639108375,-3.1009907770752645,4.762296992526071,1.9342784588963222,-0.018242069602742213,-0.0007549108556103243,0.008636780974184776,0.00018283949633104388,0.018253459044534136,0.00039271707465397007
188,11518,1152952.9529529528,car,20.632456562862604,17.28356227964158,-0.011216635498828967,-0.00046048129999780324,-3.1217639311835716,-3.100785014830963,4.762296992526071,1.9342784588963222,-0.021186361630048497,-0.0008739756257402469,0.011223560660165013,0.0002379937999909446,0.02119952544288262,0.00045373286210246926
188,11519,1153053.053053053,car,20.62912387734397,17.284337965311295,-0.012698739592509467,-0.0005220067124452238,-3.121759764770988,-3.1005712463911284,4.762296992526071,1.9342784588963222,-0.01870941128352125,-0.0007732938081715869,0.012706594413564237,0.00027006787180920954,0.01872106743638405,0.0004021043795701188
188,11520,1153153.1531531531,car,20.627501885989272,17.285368960419387,-0.013497315998118745,-0.000555706807454229,-3.1217506573865714,-3.100337782280173,4.762296992526071,1.9342784588963222,-0.01454308972444832,-0.0006037818246290401,0.01350568471500982,0.00028780129894312185,0.014552206426735255,0.00031511797598964236
188,11521,1153253.2532532534,car,20.627609137366235,17.28702234085341,-0.01429947386091083,-0.0005895637347811896,-3.121742714444924,-3.1000757778703147,4.762296992526071,1.9342784588963222,-0.012008141615734427,-0.000500687415807491,0.014308358849213366,0.0003056225423276366,0.012015713931005869,0.0002622435511361455
188,11522,1153353.3533533535,car,20.627737824800505,17.289472921674953,-0.015288014440092734,-0.0006306492036149367,-3.121745320713618,-3.0997723974755287,4.762296992526071,1.9342784588963222,-0.011180198113219478,-0.00046565232075422314,0.015297519320362161,0.0003271186048675484,0.011187237502431089,0.0002436780639688121
188,11523,1153453.4534534535,car,20.625374913295804,17.29243316116987,-0.015767991473398246,-0.0006489153259235151,-3.121770635043317,-3.0994385400203006,4.762296992526071,1.9342784588963222,-0.008701273309851949,-0.0003557163084447688,0.015777755824302006,0.00033625489451053506,0.008706614500182593,0.00018318092162034752
188,11524,1153553.5535535538,car,20.620923835545753,17.294664762598906,-0.014891053024338224,-0.000606737826149724,-3.1218210036775282,-3.099127401564523,4.762296992526071,1.9342784588963222,-0.001922077429106937,-5.403607550521052e-05,0.014900137954089785,0.00031221773240248355,0.001922770066638901,1.6025347914263456e-05
188,11525,1153653.6536536538,car,20.616922062039553,17.294395533628276,-0.01260768720458885,-0.0004991392382877453,-3.1218996789515865,-3.098926454557971,4.762296992526071,1.9342784588963222,0.0076799302775623305,0.00038425248041946513,0.012615071470555453,0.0002507756382303397,-0.007686007721587346,-0.0002329470768797443
188,11526,1153753.7537537538,car,20.615281167020175,17.291781577826328,-0.009972990380218226,-0.0003672382811706747,-3.122036625103259,-3.0988929961446248,4.762296992526071,1.9342784588963222,0.014916770452975042,0.0007466393794854611,0.00997826467903493,0.00017214840750478562,-0.01492851854239299,-0.0004548024177336295
188,11527,1153853.853853854,car,20.615900376515935,17.290738909259037,-0.008865612654628138,-0.00028553890208615556,-3.122347399180943,-3.0989220423480095,4.762296992526071,1.9342784588963222,0.013420513328081876,0.0007736357594612314,0.008869465812902636,0.00011487558599871053,-0.013432915959095433,-0.0005152272444462164
188,11528,1153953.9539539542,car,20.618132586266167,17.289920624596103,-0.012014542228160816,-0.00036110071652978304,-3.12301922215208,-3.0990517659237837,4.762296992526071,1.9342784588963222,-0.004002511791332236,0.00018022976375010706,0.012019176439062187,0.00013789998705663326,0.003998474140520361,-0.00025453478168016233
188,11529,1154054.0540540542,car,20.62053009809891,17.28807388667736,-0.022741793665038285,-0.0007195609299101569,-3.124440076861909,-3.0991148894359988,4.762296992526071,1.9342784588963222,-0.0440531831752247,-0.001279992152926004,0.02275079002426241,0.0003293938477727191,0.04406865695808412,0.0005242153108760074
188,11530,1154154.1541541542,car,20.62434297615297,17.286974285258808,-0.04518963792014908,-0.0015111199739635765,-3.1273937983959548,-3.1014795417904955,4.762296992526071,1.9342784588963222,-0.11401219119943251,-0.0038530448588644977,0.04520653816471328,0.000869348084606254,0.11405540552447739,0.0022338682654510734
188,11531,1154254.2542542543,car,20.630574039951355,17.28824761410961,-0.08440280797188757,-0.0029020431411185287,-3.1335484495617063,-3.106807627729962,4.762296992526071,1.9342784588963222,-0.22183376521618808,-0.007751739272020509,0.08442342154210158,0.0022230031616841356,0.2218889438098767,0.005967031646439937
188,11532,1154354.3543543546,car,20.629543000110953,17.286297078497345,-0.14566811615751862,-0.005069234083177927,-3.1366176447532257,-3.102420025926193,4.762296992526071,1.9342784588963222,-0.37332295946708194,-0.013147526930658637,0.1456915328466994,0.004344474174109337,0.37338374826475135,0.011290086864931503
188,11533,1154454.4544544546,car,20.62521964613152,17.285396077789603,-0.2293008594503949,-0.007953091984001185,-3.1381741914690755,-3.1032019231520365,4.762296992526071,1.9342784588963222,-0.5527496238194467,-0.019228038425378978,0.22932670695089946,0.007169190738989607,0.5528121243317944,0.017338376106096096
188,11534,1154554.5545545546,car,20.61283679575394,17.284998338483014,-0.33737006473529113,-0.01155313849113952,-3.1389535464497658,-3.1040031837218147,4.762296992526071,1.9342784588963222,-0.7572921585071042,-0.025725589476066853,0.33739937979875745,0.010662743544876724,0.7573574137897275,0.02372692706558458
188,11535,1154654.6546546547,car,20.58745518533956,17.285386006151555,-0.4708505435843757,-0.015801729392202733,-3.139360846690773,-3.1041949822293287,4.762296992526071,1.9342784588963222,-0.9809805847582556,-0.03221592237417975,0.4708846373199189,0.014750843419104622,0.9810500413038697,0.030026484721720276
188,11536,1154754.754754755,car,20.548078654781854,17.285946407039766,-0.6300327496954183,-0.020523822419782477,-3.1395216845039378,-3.1055691670098846,4.762296992526071,1.9342784588963222,-1.2175084246074253,-0.03802295569186184,0.6300739027894625,0.019219000992338475,1.2175845580240339,0.035501453646546534
188,11537,1154854.854854855,car,20.492290354595262,17.28651470052182,-0.8139761331541955,-0.025505622277476003,-3.1395022619423685,-3.107686332561138,4.762296992526071,1.9342784588963222,-1.4582432291748348,-0.042582782113392253,0.8140276714248736,0.023804038880319355,1.458329057733349,0.03953439182950509
188,11538,1154954.954954955,car,20.412302748816007,17.28510039748736,-1.0194156891746915,-0.030507859817546834,-3.139381081642667,-3.1087715410248107,4.762296992526071,1.9342784588963222,-1.6888887459114272,-0.045451621238529465,1.0194806664408502,0.028253275907017872,1.6889851351415988,0.04171641415797191
188,11539,1155055.055055055,car,20.30566883454587,17.281006473812408,-1.241026017600142,-0.0350804782019077,-3.139204012076602,-3.111986822592672,4.762296992526071,1.9342784588963222,-1.8927078944231375,-0.04554046196910902,1.2411062718045176,0.03211601467854952,1.892811274635336,0.04101933570136339
188,11540,1155155.1551551553,car,20.170884399585223,17.275823740100456,-1.4720409678779554,-0.039059947109034376,-3.138993391635356,-3.1161381263440857,4.762296992526071,1.9342784588963222,-2.053873594763183,-0.04329434201812195,1.47213752212675,0.0352335993866774,2.05397918982433,0.03795564628365951
188,11541,1155255.2552552554,car,20.009311779632867,17.268743234466488,-1.7060659238088247,-0.04274192970965281,-3.1389993910326552,-3.1209545089871105,4.762296992526071,1.9342784588963222,-2.1641442426536206,-0.04076645843306756,1.7061710280779532,0.03831751406842699,2.1642426837228643,0.035154133413332844
188,11542,1155355.3553553554,car,19.824572414048184,17.259261136487524,-1.9372504929361403,-0.04712856264320389,-3.1392554608284344,-3.1243333574087617,4.762296992526071,1.9342784588963222,-2.220588572945716,-0.04195288530283148,1.9373553502873775,0.04260071021714859,2.220680559889822,0.03676283190603391
188,11543,1155455.4554554555,car,19.6195227236953,17.248609951644312,-2.1609640161085757,-0.05367030697417238,-3.139546780445788,-3.1254705558137004,4.762296992526071,1.9342784588963222,-2.2261439321814307,-0.05103708934437693,2.1610692962110574,0.04924913949148518,2.226243688650059,0.04648257762568441
188,11544,1155555.5555555557,car,19.393506125313824,17.234569953483504,-2.374040197481312,-0.06405308211666942,-3.139761820435541,-3.1243136108402267,4.762296992526071,1.9342784588963222,-2.1882866912872174,-0.07149159928885822,2.374153489091215,0.059706505690449364,2.188413912891518,0.0674850938835409
188,11545,1155655.6556556558,car,19.148084289704048,17.217270676323878,-2.5748968256577807,-0.08014406984160921,-3.1398017386196155,-3.121151838747133,4.762296992526071,1.9342784588963222,-2.1177343950614445,-0.10614381831707947,2.575036227464914,0.07553252250890326,2.1179210933282584,0.10235096789198493
188,11546,1155755.7557557558,car,18.883932424739186,17.196990096327717,-2.7635454073913537,-0.10414478461246501,-3.139362515512048,-3.1150053298806673,4.762296992526071,1.9342784588963222,-2.027224810715265,-0.1580201477350497,2.763770792183005,0.09798144289580367,2.027572175956393,0.15349876728236803
188,11547,1155855.8558558559,car,18.605108748003744,17.17439428492729,-2.9419390187887675,-0.13837320353970145,-3.1376547320243646,-3.104848943152933,4.762296992526071,1.9342784588963222,-1.9320807264353688,-0.2294237433881578,2.9424611095752233,0.1267870354847057,1.9329691962199471,0.22181360183286505
188,11548,1155955.9559559561,car,18.311094446229777,17.150027551324456,-3.1130710067940313,-0.1848286298225671,-3.1328469281598825,-3.08878501329605,4.762296992526071,1.9342784588963222,-1.8457107785132267,-0.32052766677762806,3.114568391553104,0.15759584411400115,1.848443403095525,0.30437353472739176
188,11549,1156056.0560560562,car,18.001978745296803,17.12306943500794,-3.280638483480952,-0.24402460758041722,-3.121225741267653,-3.0679135096614147,4.762296992526071,1.9342784588963222,-1.779047475583844,-0.4256754258526914,3.28492776853378,0.17716214018987608,1.7873475987103662,0.38935594247475597
188,11550,1156156.1561561562,car,17.662500595231556,17.0860402206249,-3.4492415798097844,-0.31462425230526825,-3.105467910001765,-3.047138545738569,4.762296992526071,1.9342784588963222,-1.7422812865060768,-0.534229837619104,3.458354447989554,0.18984311443456667,1.7604392927888763,0.4709555150083777
188,11551,1156256.2562562563,car,17.305475387117678,17.036432939249078,-3.611482348164644,-0.3938289213287617,-3.0870728915113115,-3.0270672945964456,4.762296992526071,1.9342784588963222,-1.6951131203121137,-0.6340140914222077,3.627577108118434,0.19644412700532676,1.7271436391741974,0.540700664357191
188,11552,1156356.3563563565,car,16.93534902835003,16.975396242594513,-3.7611040964071227,-0.4785439826811169,-3.0669287923631643,-3.0085701231140054,4.762296992526071,1.9342784588963222,-1.6173153696853544,-0.7164307922070113,3.786322220435739,0.19665302033103216,1.6662512491985493,0.5937919329084173
188,11553,1156456.4564564566,car,16.554143956801777,16.905108744268077,-3.8955529813132403,-0.566431375356347,-3.0448830155160582,-2.9942780453160083,4.762296992526071,1.9342784588963222,-1.510874477740273,-0.7791545792322125,3.9320441242128314,0.187634054611379,1.5790489185873238,0.6296253318710043
188,11554,1156556.5565565566,car,16.17691266385361,16.820021826351287,-4.020748240006548,-0.6588832601691497,-3.03138731093976,-2.983048607394432,4.762296992526071,1.9342784588963222,-1.4098676790825408,-0.8352301499387502,4.068822073207791,0.21267462618735838,1.493175382445637,0.6751026241591885
188,11555,1156656.6566566566,car,15.774560858460557,16.729653887021655,-4.147778488340034,-0.7615066606212794,-3.0160568176908424,-2.9657431694613785,4.762296992526071,1.9342784588963222,-1.3551913802351894,-0.9089848019086263,4.210483941513201,0.23618586064025238,1.4583376872301654,0.7321531514435995
188,11556,1156756.756756757,car,15.360814832407815,16.631369853430623,-4.273866291702166,-0.8763692405031621,-2.999487770658118,-2.9452961246346,4.762296992526071,1.9342784588963222,-1.3180867799421705,-1.0015742436295596,4.3549036930051,0.26224025186583166,1.4466506201352818,0.8048016576912904
188,11557,1156856.856856857,car,14.933235915208096,16.52383782290142,-4.3957404107102755,-1.004777699900375,-2.981072409179289,-2.920554209555428,4.762296992526071,1.9342784588963222,-1.2790448800873642,-1.1107541843613524,4.499825351314527,0.28928151035889516,1.440135641969725,0.8920425976837658
188,11558,1156956.956956957,car,14.488450159685136,16.40126735457161,-4.5073691696883555,-1.145502815091275,-2.9591846711426566,-2.890946442661919,4.762296992526071,1.9342784588963222,-1.215424551187418,-1.2253163062914905,4.640382815861186,0.3088702858795854,1.4175304299859983,0.9845122498763886
188,11559,1157057.057057057,car,14.03124377740427,16.263598618397083,-4.601677715477101,-1.2934831971093523,-2.9304367522537933,-2.8607043788265396,4.762296992526071,1.9342784588963222,-1.1093287283082327,-1.3235410105754246,4.770572732318191,0.3002871691979787,1.3620910778503705,1.0616397363349739
188,11560,1157157.1571571573,car,13.557210995003977,16.099594616569576,-4.678717474719399,-1.4437285633683956,-2.8998517377673476,-2.8349154974055177,4.762296992526071,1.9342784588963222,-0.9774470450918139,-1.392416636007395,4.888291843356308,0.28169527349004997,1.282360697163519,1.1179346387688156
188,11561,1157257.2572572574,car,13.089949592814557,15.915666971154252,-4.736195288637618,-1.5925945378532602,-2.873845419207863,-2.8119217580618807,4.762296992526071,1.9342784588963222,-0.8208965130576704,-1.4292029763902183,4.9887776875116785,0.28284334656987653,1.169756807915133,1.161103459304596
188,11562,1157357.3573573574,car,12.623875130016014,15.72265899657494,-4.775649574377175,-1.7397213151713498,-2.8468580197978635,-2.7906943130945945,4.762296992526071,1.9342784588963222,-0.6552208678694974,-1.4449625253086888,5.075084612544174,0.2774442056121842,1.0467085529435218,1.1923222259242672
188,11563,1157457.4574574574,car,12.158556753845307,15.513584651483562,-4.805904078844429,-1.8897417804005576,-2.8248207434165824,-2.769676725390309,4.762296992526071,1.9342784588963222,-0.51818474422848,-1.4658266500706574,5.1554466470289775,0.29867688441299634,0.9490089807154636,1.2314808775331827
188,11564,1157557.5575575577,car,11.688328281037652,15.291448133948371,-4.830839167291923,-2.047623753089255,-2.802868781035038,-2.7431841579050738,4.762296992526071,1.9342784588963222,-0.41371907879293796,-1.5090807961701351,5.236740415232596,0.3260673518256223,0.8916543610844629,1.2858619000055274
188,11565,1157657.6576576577,car,11.217788251514735,15.059802356729627,-4.8470583088077905,-2.2129211718669977,-2.7762340665773655,-2.714775329823431,4.762296992526071,1.9342784588963222,-0.3160060028683194,-1.5643025241342308,5.317773486745623,0.3350813416845875,0.8540488815048342,1.3481478735145784
188,11566,1157757.7577577578,car,10.749835323779948,14.808709041548001,-4.85802413524853,-2.3872273625427267,-2.7505817880763903,-2.6834493736988554,4.762296992526071,1.9342784588963222,-0.23585343860441355,-1.6330252351972234,5.4011888899334695,0.35554402595064705,0.8404359973417901,1.4198822478165516
188,11567,1157857.8578578578,car,10.279949029287561,14.545336523035457,-4.862838136168803,-2.567938696511948,-2.71946648120078,-2.6506045656987207,4.762296992526071,1.9342784588963222,-0.16295911998371054,-1.6999095582297106,5.488064589791472,0.3502155706106238,0.8451090539057178,1.4839268404989439
188,11568,1157957.957957958,car,9.802979844219058,14.255619732318582,-4.8632791762895105,-2.7516161700339783,-2.6863631164536956,-2.6214594156055075,4.762296992526071,1.9342784588963222,-0.10140433881703007,-1.7523313792004764,5.5778023818422735,0.3331613465549452,0.8615222196197585,1.5292898899695269
188,11569,1158058.0580580581,car,9.328042975909861,13.940331071121651,-4.8580018857615865,-2.9352125751068714,-2.654915994146296,-2.597042629420934,4.762296992526071,1.9342784588963222,-0.041568887156216094,-1.7840871600863806,5.666721675260094,0.3223672413041849,0.871143919859171,1.5574990330837741
188,11570,1158158.1581581582,car,8.859280534091797,13.604999136303302,-4.847270624677596,-3.121163885826982,-2.629186074214166,-2.571936485268651,4.762296992526071,1.9342784588963222,0.01618943317545267,-1.8126477174845663,5.754954060476757,0.34380266557285655,0.8745877845379455,1.5877814876693703
188,11571,1158258.2582582582,car,8.39137577525319,13.259232443179087,-4.828451087290039,-3.3112351268628517,-2.6014597771439765,-2.545158098633965,4.762296992526071,1.9342784588963222,0.0828939111567499,-1.8460989964936874,5.843877034968615,0.3568181159768007,0.8782631648712925,1.6259171930304825
188,11572,1158358.3583583585,car,7.927058351322581,12.89228089678376,-4.801899519922935,-3.50941418998123,-2.5759847278707264,-2.513884449184273,4.762296992526071,1.9342784588963222,0.1536897316293961,-1.898008916112145,5.934863274255314,0.3893903853117413,0.8874437855922775,1.6847854185810023
188,11573,1158458.4584584585,car,7.464835656023704,12.510844796124168,-4.764203506597301,-3.7139949310915474,-2.5448852003265383,-2.478789461583481,4.762296992526071,1.9342784588963222,0.24022323043686458,-1.9545942060711614,6.027878004936767,0.3950698141433744,0.8996190964910384,1.7518079780835356
188,11574,1158558.5585585586,car,7.005430598474516,12.102244171289316,-4.716625124582401,-3.922465279581635,-2.5107601530005157,-2.444172361786915,4.762296992526071,1.9342784588963222,0.3314897595639038,-2.004296944580142,6.122385828619498,0.38558812337069126,0.9144787180810854,1.8140618448459256
188,11575,1158658.6586586586,car,6.552889414162674,11.668994497603894,-4.658765887729744,-4.130068862588917,-2.4757707832963427,-2.4116148560801345,4.762296992526071,1.9342784588963222,0.42719731180503473,-2.0313420208183954,6.214864123388027,0.3701787868384421,0.918819507696022,1.8613486135147415
188,11576,1158758.758758759,car,6.107969585348165,11.21493036255998,-4.590828576280391,-4.333494989304136,-2.441548114362048,-2.3823731570245434,4.762296992526071,1.9342784588963222,0.5248352945235262,-2.0316855968953553,6.30298938127995,0.3566660883640216,0.907515890321529,1.8919866172421926
188,11577,1158858.858858859,car,5.674694827093889,10.743766974659628,-4.51415970555053,-4.5341343316157685,-2.4100831703711414,-2.3564766335419107,4.762296992526071,1.9342784588963222,0.6184319369810711,-2.0210875258323266,6.388061530637406,0.3587225461875949,0.889857147625479,1.9171351294504624
188,11578,1158958.958958959,car,5.2523799766166945,10.255117942874996,-4.429103443326654,-4.738416535648264,-2.3838834179212616,-2.3262794746954123,4.762296992526071,1.9342784588963222,0.7082213811304804,-2.0287323943126148,6.473875467956402,0.3981017487844025,0.8798043265848724,1.9604277592776276
188,11579,1159059.059059059,car,4.834068852353858,9.754524979136697,-4.3317797407686935,-4.945943347712851,-2.3527611633072727,-2.291602872723211,4.762296992526071,1.9342784588963222,0.8107300650773541,-2.045993193831606,6.561793263798702,0.4117529410764207,0.8803931223052035,2.0169976048134717
188,11580,1159159.1591591593,car,4.425517947961771,9.228180205657813,-4.223265336631282,-5.156625598932309,-2.318831619389668,-2.2565084366185486,4.762296992526071,1.9342784588963222,0.916844000155565,-2.0687909172218624,6.652608745858567,0.41177001552012493,0.8928417417121324,2.079262466370559
188,11581,1159259.2592592593,car,4.033048488030667,8.677287786493027,-4.10429276328978,-5.368909737289639,-2.2838730263230387,-2.2218083276189575,4.762296992526071,1.9342784588963222,1.0223224738679497,-2.088950680753343,6.74567017549618,0.4078538186381251,0.9112171909975358,2.1397526534685967
188,11582,1159359.3593593594,car,3.6552282497878545,8.107394818157521,-3.975805773072176,-5.581491634690498,-2.248740777425025,-2.1875027068954975,4.762296992526071,1.9342784588963222,1.123751942293541,-2.102438685768821,6.840819585390303,0.4040641204740756,0.9327031891838642,2.193885050797348
188,11583,1159459.4594594594,car,3.2926142122134006,7.517650999094654,-3.8389322347491404,-5.7935283580700165,-2.213659437669736,-2.1534976125012686,4.762296992526071,1.9342784588963222,1.2183300182173282,-2.1085758658697475,6.938438986024433,0.40054459923176733,0.957291480951116,2.239199239888271
188,11584,1159559.5595595597,car,2.945403543763983,6.908923914401591,-3.6946927610404687,-6.004154040138396,-2.1786669154148743,-2.1199571309376286,4.762296992526071,1.9342784588963222,1.3047582616448723,-2.1068578392497312,7.038721951321061,0.39624945196946815,0.9842734529915835,2.274302056868133
188,11585,1159659.6596596597,car,2.6122104332990523,6.278584858274896,-3.543561842620797,-6.211961754846003,-2.143893688745299,-2.087393305935059,4.762296992526071,1.9342784588963222,1.384360402559982,-2.0948775976584058,7.140899490637422,0.3909652679736815,1.00951797556717,2.299095328679055
188,11586,1159759.7597597598,car,2.29377979122712,5.628953927879884,-3.385519546191966,-6.416111052850181,-2.109878191910691,-2.0563869633343126,4.762296992526071,1.9342784588963222,1.4598638350972268,-2.0733596236746097,7.244131176898723,0.3883131880815349,1.0298979277703704,2.317182082720993
188,11587,1159859.8598598598,car,1.9912669040261566,4.960668378289118,-3.2194089763873572,-6.617296927431831,-2.0776910165250135,-2.025748818011581,4.762296992526071,1.9342784588963222,1.5373466946368466,-2.048702194185684,7.348122714920576,0.39787604792259446,1.0447630388569014,2.3386076482836033
188,11588,1159959.95995996,car,1.7026238256140205,4.275012326472995,-3.0426471879384147,-6.816052133259456,-2.0481517919710592,-1.9866973668220806,4.762296992526071,1.9342784588963222,1.6260582037772529,-2.024190369118749,7.451995288546749,0.42899278905055027,1.0508492535418328,2.374263628756288
188,11589,1160060.0600600601,car,1.4221133765733298,3.585386310997489,-2.857181828970811,-7.000689203752106,-2.0078101545200417,-1.9485182869242579,4.762296992526071,1.9342784588963222,1.7140853290142755,-1.9544389645357723,7.552023034616869,0.37427986313519224,1.0452976034485848,2.380183417609299
188,11590,1160160.1601601602,car,1.1690158600095741,2.8607963253930144,-2.673976274108973,-7.173131024969256,-1.9695729552610233,-1.9155917403712721,4.762296992526071,1.9342784588963222,1.7591734285718488,-1.864468975704663,7.648585144087976,0.32109672921241383,1.035104949974641,2.3450998818166413
188,11591,1160260.2602602602,car,0.9381769455422915,2.120272871175357,-2.498757508151919,-7.326356704981593,-1.9341469683590553,-1.8881085237163509,4.762296992526071,1.9342784588963222,1.7557811082001633,-1.7349000065688165,7.73610654005065,0.2682298532227212,0.9976116789516276,2.2577458383804823
188,11592,1160360.3603603605,car,0.725912968882001,1.3676583249488905,-2.3365501331996876,-7.458532381604682,-1.903177841909487,-1.8690970819753283,4.762296992526071,1.9342784588963222,1.7032424188556332,-1.5739930454114692,7.812716509725882,0.2250167795026119,0.9320854843786909,2.123606718345796
188,11593,1160460.4604604605,car,0.531675069392866,0.6029426592105869,-2.186800371264287,-7.574770197704195,-1.8817954931488405,-1.8539881192907905,4.762296992526071,1.9342784588963222,1.6227851341971036,-1.4137413102342378,7.880578353638024,0.23605978895415536,0.849333205092532,1.977556368542039
188,11594,1160560.5605605606,car,0.3423978035336596,-0.16988482775021316,-2.0434773273536297,-7.679348651118032,-1.8642435615882882,-1.8380486686500712,4.762296992526071,1.9342784588963222,1.5486382534485776,-1.27048414471941,7.942158834214362,0.26515720798698017,0.7682245298552894,1.849930126722707
188,11595,1160660.6606606606,car,0.15814260395208082,-0.9476586433136733,-1.8992192238177783,-7.774770800251503,-1.8474852599737157,-1.8199107879068332,4.762296992526071,1.9342784588963222,1.5069038099535819,-1.1473316379437708,7.997872505356327,0.29686704874018033,0.6920491503778919,1.7630079277588613
188,11596,1160760.7607607609,car,-0.018140653596857438,-1.7317431114898727,-1.7477101383857,-7.864059402710645,-1.829839686606794,-1.7975188254670242,4.762296992526071,1.9342784588963222,1.5094940498344915,-1.0482020557395224,8.04936509820465,0.3250269727002806,0.6265634085765167,1.7276336796830722
188,11597,1160860.860860861,car,-0.18408361194438216,-2.525323118827614,-1.5863474356324279,-7.949441631619012,-1.8089110356089437,-1.7686801742302882,4.762296992526071,1.9342784588963222,1.5492949432549343,-0.9724068891212021,8.099316540123318,0.33345468048891136,0.5795361623539363,1.7349431736312737
188,11598,1160960.960960961,car,-0.3406204938975389,-3.3223546528712626,-1.4210523622387925,-8.03374191770594,-1.780422669263202,-1.7400359601712683,4.762296992526071,1.9342784588963222,1.5888953126951648,-0.9218413308169918,8.153586267861261,0.28183326466943415,0.5710207866506867,1.7459424432437451
189,11424,1143543.5435435437,car,29.178946980427853,20.050659558429093,-1.9246078926818833,-0.03838399190602675,-3.121740152581398,-3.121740152581398,4.901743266668754,1.9492712576489717,0.7610690711757775,0.016736010588688024,1.9249906083625357,0.00017065777684152628,-0.7612513289896773,-0.0016245806337421183
189,11425,1143643.6436436437,car,28.977651810441866,20.05263672215752,-1.8476564547562784,-0.03669893835337982,-3.121743394616564,-3.1218269887379617,4.901743266668754,1.9492712576489717,0.767209706136589,0.016814150110491904,1.848020883674838,1.9505772574417157e-05,-0.7673922999451694,-0.0015832937164269364
189,11426,1143743.7437437437,car,28.786733682590018,20.052665677473083,-1.7679982250597155,-0.03497944090104578,-3.1217449347615296,-3.121848406344969,4.901743266668754,1.9492712576489717,0.7871438049387326,0.01706781132923089,1.768344217530259,-0.00011587644422061949,-0.7873275043636642,-0.0014424664572236824
189,11427,1143843.843843844,car,28.60589415548684,20.05243872529544,-1.683017725558048,-0.03318902271894742,-3.121746456078073,-3.12186564932778,4.901743266668754,1.9492712576489717,0.8233961589647771,0.0175478415111501,1.6833449226939539,-0.00021682276258789407,-0.8235822431915679,-0.001204175732173643
189,11428,1143943.943943944,car,28.436096470469007,20.052463166999264,-1.5912637125148523,-0.031305163417661167,-3.1217479262649697,-3.1218818178951184,4.901743266668754,1.9492712576489717,0.8704914008891566,0.018190374377452533,1.5915715941252253,-0.0002771224392834268,-0.8706809603376305,-0.0009132620104525153
189,11429,1144044.044044044,car,28.277622132432974,20.052840351937526,-1.4933704791175082,-0.029334764817095033,-3.121749549415582,-3.1218992224148354,4.901743266668754,1.9492712576489717,0.918856800868164,0.0188627370744279,1.493658536955098,-0.0003021716169189989,-0.9190501781243704,-0.0006272488970648117
189,11430,1144144.1441441441,car,28.128600503255917,20.054864828361815,-1.390959800884754,-0.02729878986250036,-3.1217503284201045,-3.1219113266800917,4.901743266668754,1.9492712576489717,0.9621439478986814,0.019476021287077698,1.3912276229265808,-0.0003046495805284627,-0.9623409716701999,-0.00038226704115808946
189,11431,1144244.2442442444,car,27.9899100062198,20.05622450908201,-1.2856591171624718,-0.025218769353862074,-3.121749222969779,-3.1219209549029228,4.901743266668754,1.9492712576489717,0.9976820363187062,0.019991774789185925,1.2859063978425929,-0.00029640883428870557,-0.9978822976192571,-0.00019170387158953806
189,11432,1144344.3443443445,car,27.861924742474358,20.056344499428402,-1.178670985201445,-0.023111150502163825,-3.1217480450174007,-3.1219376810644284,4.901743266668754,1.9492712576489717,1.0251756940330645,0.020402786797290653,1.178897509131477,-0.00028212918520722705,-1.0253786979555817,-5.589442862144467e-05
189,11433,1144444.4444444445,car,27.74491493678274,20.05756867661819,-1.0708157222564958,-0.02098912217564108,-3.121748175620508,-3.1219558229826787,4.901743266668754,1.9492712576489717,1.0452427614853468,0.020708320679161042,1.0710213746254447,-0.0002633948129928884,-1.0454478770539168,3.6692271738855003e-05
189,11434,1144544.5445445445,car,27.638390378594742,20.05829778023921,-0.9625851263238787,-0.018861414699219772,-3.121748587291187,-3.1219777564469755,4.901743266668754,1.9492712576489717,1.0590605344736925,0.02091856874831425,0.9627698684037723,-0.00024264829767802268,-1.0592671014199013,0.00010023802498172751
189,11435,1144644.6446446448,car,27.54394073863031,20.060182215896,-0.8544178728906324,-0.01673723338041513,-3.121750427819729,-3.121994594016865,4.901743266668754,1.9492712576489717,1.067358736655745,0.02103496636813721,0.854581762474132,-0.00021850123523469572,-1.0675659797156785,0.00014655770366815007
189,11436,1144744.7447447449,car,27.458663730328905,20.062883227356313,-0.7459815189471081,-0.014610720399644823,-3.121752005142911,-3.1220018103260028,4.901743266668754,1.9492712576489717,1.0735163749373193,0.021115763148284193,0.7461245626031681,-0.00019194129891130125,-1.0737240092409372,0.00018625645037892782
189,11437,1144844.844844845,car,27.382470359014214,20.064550707653645,-0.6365815426304641,-0.01246838083177489,-3.1217525858532538,-3.121999073526214,4.901743266668754,1.9492712576489717,1.0810338033088138,0.02122672882796132,0.6367036157805454,-0.0001630654075587771,-1.0812421596548851,0.00022382559055096965
189,11438,1144944.944944945,car,27.31523437198334,20.06671986219358,-0.5258227525050314,-0.010302041557660992,-3.1217539799897707,-3.121981675334168,4.901743266668754,1.9492712576489717,1.0909122393422805,0.02138783367447494,0.5259236465212834,-0.0001309273826057989,-1.0911218480172145,0.0002572072603934522
189,11439,1145045.0450450452,car,27.26229138867944,20.070173268430146,-0.4149716829452639,-0.008135321395998972,-3.12175617388009,-3.1219366969068547,4.901743266668754,1.9492712576489717,1.0973167825739334,0.021487922272557903,0.41505140841841254,-9.731666325022564e-05,-1.0975271170782697,0.0002817798121164221
189,11440,1145145.1451451452,car,27.22120152677516,20.071591557679668,-0.30636213731500567,-0.0060115575450834435,-3.1217541090736374,-3.121873171162588,4.901743266668754,1.9492712576489717,1.0925364662716595,0.021382460851579795,0.30642110487788143,-6.700563130917526e-05,-1.0927456487865244,0.0002946583644852195
189,11441,1145245.2452452453,car,27.196701555334304,20.072488863995314,-0.20428323734139084,-0.004012668793771007,-3.121750604956587,-3.121794381580545,4.901743266668754,1.9492712576489717,1.0642761065511828,0.020833488271444222,0.20432263914631077,-4.1253048391223963e-05,-1.0644799589676375,0.0002866453517485906
189,11442,1145345.3453453453,car,27.186978273112217,20.07147882900196,-0.11370276811640212,-0.0022350555029721064,-3.121743341704533,-3.121708839902213,4.901743266668754,1.9492712576489717,1.0023893904243515,0.01963940425385438,0.11372473108099165,-2.215828988812304e-05,-1.0025817316747565,0.00025989766460254166
189,11443,1145445.4454454456,car,27.188857863983106,20.07005735659744,-0.038973993826412714,-0.0007646963856874529,-3.1217374026935425,-3.1216259454233826,4.901743266668754,1.9492712576489717,0.9030535631115268,0.017717318204353655,0.038981493941745875,-9.241924539874673e-06,-0.9032273217948623,0.00021535101346854824
189,11444,1145545.5455455456,car,27.19860846685622,20.06809048076828,0.01732325502984705,0.0003460089972438555,-3.1217327616029453,-3.1215546633253832,4.901743266668754,1.9492712576489717,0.7708038725854992,0.015146674948023544,-0.017326710113235843,-1.925405304968955e-06,-0.7709526607122832,0.00016338737618770346
189,11445,1145645.6456456457,car,27.20811633088758,20.06665108102168,0.05549204016337177,0.001101196779474164,-3.12173352830938,-3.121498047861891,4.901743266668754,1.9492712576489717,0.6195918394572508,0.012195266961497003,-0.05550296528021687,9.713032662508718e-07,-0.6197118360687439,0.00011088096406746198
189,11446,1145745.7457457457,car,27.217906390318397,20.065145176420025,0.07732489036732637,0.0015345177441097675,-3.121734979809957,-3.121458924168896,4.901743266668754,1.9492712576489717,0.46372837763001495,0.009141371943726969,-0.07734011516439752,1.1763325544389327e-06,-0.46381846472829574,6.839200217142495e-05
189,11447,1145845.845845846,car,27.226960084480076,20.063176734149728,0.08559176982720845,0.0016994161034132296,-3.1217365763347846,-3.1214367117248965,4.901743266668754,1.9492712576489717,0.31576058768097215,0.006232022122661591,-0.08560863903334398,3.2401466622386174e-07,-0.31582207862247197,3.856100821147696e-05
189,11448,1145945.945945946,car,27.23333458213539,20.06050667219319,0.0836941187831713,0.0016624688287208117,-3.1217389861154605,-3.121435745760913,4.901743266668754,1.9492712576489717,0.18581488142128882,0.0036693048796492727,-0.08371062848360207,-6.151479552450947e-07,-0.18585110584690223,2.02827756680987e-05
189,11449,1146046.046046046,car,27.239925066360794,20.059721568301534,0.07473273460964062,0.0014847239087588948,-3.1217395264201087,-3.1214391027008954,4.901743266668754,1.9492712576489717,0.0789209999560529,0.0015554217922670913,-0.07474748174084002,-8.50297507578408e-07,-0.07893632520083847,1.161045361764302e-05
189,11450,1146146.146146146,car,27.243417443191344,20.05792283166166,0.06230557352903905,0.0012376238508321705,-3.1217402944373447,-3.1214563100437425,4.901743266668754,1.9492712576489717,8.427327476773216e-05,-6.787047065877306e-06,-0.06231786425478396,-5.485984372370026e-07,-8.412193853760597e-05,8.45862309287759e-06
189,11451,1146246.2462462464,car,27.242206636746488,20.055540561347044,0.05016673372143343,0.0009960466243861348,-3.1217410178769933,-3.1214901953622283,4.901743266668754,1.9492712576489717,-0.047027715539705986,-0.0009410851444693261,-0.05017662086225595,-2.4053474630700636e-08,0.0470371301804207,7.383955633609809e-06
189,11452,1146346.3463463464,car,27.239939204978707,20.05282288271055,0.04084372538535511,0.0008102963342228897,-3.121740269199073,-3.121541037898699,4.901743266668754,1.9492712576489717,-0.06492859186789843,-0.0012961433999357638,-0.04085176230071344,6.554123846563842e-07,0.06494152739862968,6.985295438871868e-06
189,11453,1146446.4464464465,car,27.238985695666557,20.049208263468607,0.03528131585542629,0.000698901808544912,-3.121738950862578,-3.121616858182775,4.901743266668754,1.9492712576489717,-0.0612947274086106,-0.0012249764452607645,-0.03528823755149026,1.65467057334633e-06,0.06130696626951851,7.887676654963873e-06
189,11454,1146546.5465465465,car,27.2403450168193,20.045713288493946,0.03314496243586558,0.0006548253678866109,-3.1217379400249796,-3.121718403878848,4.901743266668754,1.9492712576489717,-0.045784014583130035,-0.0009203520285217123,-0.033151430134365556,3.3441960861302572e-06,0.0457932627547227,1.1201856716893787e-05
189,11455,1146646.6466466468,car,27.243476623579237,20.042180355156958,0.03345327348806297,0.0006583128699381359,-3.1217376056387187,-3.121847578416543,4.901743266668754,1.9492712576489717,-0.026813615328842286,-0.0005495194865131692,-0.03345974965576716,5.989595346616379e-06,0.02681924025037524,1.7060534465050833e-05
189,11456,1146746.7467467468,car,27.247782438423076,20.04098296740281,0.0349698870492675,0.0006849004120282959,-3.1217391890421795,-3.1219899623121687,4.901743266668754,1.9492712576489717,-0.010521782505588826,-0.000233063456261799,-0.03497659216213767,9.46236825449798e-06,0.010524335753618174,2.4137412329617637e-05
189,11457,1146846.8468468469,car,27.25375863431341,20.042399344374918,0.03637933473419577,0.0007089775154317851,-3.1217442916028086,-3.1221281568931425,4.901743266668754,1.9492712576489717,-0.0009705305385668359,-4.920106183009843e-05,-0.036386240132469286,1.3184928237167538e-05,0.0009713158673295159,2.9929193940900883e-05
189,11458,1146946.946946947,car,27.25963187944657,20.044842249749,0.03687354512397721,0.0007151597538438784,-3.1217459250285122,-3.1222494692455007,4.901743266668754,1.9492712576489717,0.0013230016125386403,-6.122641887639632e-06,-0.0368804759031703,1.675228869180579e-05,-0.0013226195543613911,3.2376966263102534e-05
189,11459,1147047.0470470472,car,27.264683545424944,20.047841903412884,0.0361845272815082,0.0006986231456550935,-3.1217442721176667,-3.1223479358432673,4.901743266668754,1.9492712576489717,-0.0018629106677316917,-6.788121950775865e-05,-0.03619126554727904,1.9671608718287224e-05,0.001863890969143927,3.089451495185165e-05
189,11460,1147147.1471471472,car,27.269096413811656,20.050927668911896,0.03439706071124028,0.0006612603522437286,-3.1217423780212292,-3.122426773746561,4.901743266668754,1.9492712576489717,-0.008072184424000595,-0.0001864356321434869,-0.03440340947588415,2.161621715111243e-05,0.008074294676560853,2.6174339945801364e-05
189,11461,1147247.2472472473,car,27.272728784338483,20.05210029317877,0.03191336042170256,0.0006109176429204432,-3.1217412747195064,-3.1225002208844184,4.901743266668754,1.9492712576489717,-0.014571115652631772,-0.0003093051808044744,-0.03191919922472742,2.26853274929344e-05,0.014574384405431047,2.0006498231517713e-05
189,11462,1147347.3473473473,car,27.27522896814598,20.052887182851173,0.02940657775160354,0.0005605114374430748,-3.1217400114685003,-3.122569671389313,4.901743266668754,1.9492712576489717,-0.01863650185260236,-0.00038471958178685,-0.029411909874962474,2.3358931775022498e-05,0.018640466593699775,1.4684271320223338e-05
189,11463,1147447.4474474476,car,27.27565237274143,20.052688634855784,0.027624069128602408,0.0005242504362956878,-3.1217376875824034,-3.1226399889724936,4.901743266668754,1.9492712576489717,-0.018314567302552674,-0.00037599524977512973,-0.027629032622399,2.4291812869478178e-05,0.01831842232217203,1.230992016326807e-05
189,11464,1147547.5475475476,car,27.27693517302453,20.05173193350305,0.02643939566054957,0.0004996892940688422,-3.1217380289229926,-3.122723754041112,4.901743266668754,1.9492712576489717,-0.01579897365153041,-0.0003252812299731764,-0.02644410503751012,2.5318981547342188e-05,0.01580231764019095,1.1555035048260959e-05
189,11465,1147647.6476476477,car,27.28069766543868,20.049183836999212,0.024854851809451847,0.00046803026094478746,-3.1217397858212994,-3.122827987526533,4.901743266668754,1.9492712576489717,-0.015810860971365942,-0.00032178426954277453,-0.024859245002458348,2.5469643134763838e-05,0.015814133177032896,7.850544913341338e-06
189,11466,1147747.7477477477,car,27.285552031644222,20.04767286860799,0.021761601875573897,0.00040869149835740887,-3.1217432525279363,-3.1229452451998103,4.901743266668754,1.9492712576489717,-0.021669497146652006,-0.00042699795672211736,-0.02176542674342659,2.3315409961300736e-05,0.021673703506854936,-3.184454185328116e-06
189,11467,1147847.847847848,car,27.29043955598135,20.04532799064006,0.016396049315264262,0.0003078510013384758,-3.12174585637165,-3.123079851830092,4.901743266668754,1.9492712576489717,-0.034066541842965946,-0.0006523250098289889,-0.01639892971268413,1.759733071778996e-05,0.03407277844909094,-2.3870822392736105e-05
189,11468,1147947.947947948,car,27.294714466044077,20.045399192623314,0.008604985879878376,0.00016323049449841094,-3.1217488003186107,-3.1232164752741216,4.901743266668754,1.9492712576489717,-0.051057803779751665,-0.0009599701046291841,-0.008606530615606622,7.546513520190738e-06,0.05106679963232204,-5.3335969845735246e-05
189,11469,1148048.048048048,car,27.296302370536285,20.044764489636993,-0.0007332484236323026,-8.520705804066335e-06,-3.121747303795601,-3.1233522502773203,4.901743266668754,1.9492712576489717,-0.0674531258770868,-0.0012534023752547555,0.0007332731231463074,-6.0315883410966735e-06,0.06746471608988074,-8.538744753829801e-05
189,11470,1148148.148148148,car,27.293551238681786,20.04466790863584,-0.009953763973867867,-0.0001767554508511505,-3.121736829007355,-3.1234807905423425,4.901743266668754,1.9492712576489717,-0.07702676284472411,-0.0014192777751565473,0.009955311278463953,-2.0906596179885983e-05,0.0770397583766002,-0.00011033138938718566
189,11471,1148248.2482482484,car,27.29010603258196,20.04563195878865,-0.017791932495640664,-0.0003186097770241378,-3.121732788478679,-3.1236305736675996,4.901743266668754,1.9492712576489717,-0.07752235181916411,-0.0014184418980346372,0.01779475104643309,-3.477520550680419e-05,0.07753523257483587,-0.00012132006622877015
189,11472,1148348.3483483484,car,27.28595290688527,20.04659215605718,-0.023181825199125705,-0.0004153423343930347,-3.1217323327763724,-3.1237729835419272,4.901743266668754,1.9492712576489717,-0.06833014926121812,-0.0012429303185227,0.023185501808336364,-4.510779522290181e-05,0.06834135726587122,-0.00011428427538899945
189,11473,1148448.4484484484,car,27.28092716789118,20.04737551533092,-0.02512774146876213,-0.0004498921408220713,-3.1217317547391863,-3.1239084980381984,4.901743266668754,1.9492712576489717,-0.04934950407678374,-0.0008943877614394311,0.025131720421114147,-4.922331028755562e-05,0.04935753348700156,-8.584970487668267e-05
189,11474,1148548.5485485485,car,27.274194972096083,20.048255743126123,-0.02280162557565578,-0.0004085067156974155,-3.121725021188253,-3.124032132757742,4.901743266668754,1.9492712576489717,-0.021169034480496757,-0.00038665211148947447,0.02280524109007686,-4.4558418279884676e-05,0.021172538024119045,-3.3975123444582355e-05
189,11475,1148648.6486486488,car,27.26928264690069,20.047878464068457,-0.01651132542605423,-0.000297549409445901,-3.1217252616746722,-3.124160492280108,4.901743266668754,1.9492712576489717,0.011445672167426903,0.00019379378769582495,0.01651397805552846,-3.0524705584293935e-05,-0.011447263286280915,3.362515316589982e-05
189,11476,1148748.7487487488,car,27.26756783034709,20.048720731083097,-0.007648584124943434,-0.00014216088501290487,-3.121731377309386,-3.1242885433703513,4.901743266668754,1.9492712576489717,0.041375385641300715,0.0007212162570420053,0.007649898915899609,-9.767808472302251e-06,-0.04138154856286687,0.00010063992679748535
189,11477,1148848.8488488488,car,27.268975621188364,20.051829696430538,0.0018124432795889461,2.290961370709634e-05,-3.1217436560928062,-3.124413502806128,4.901743266668754,1.9492712576489717,0.062005935214139135,0.001081429056964336,-0.001812540958667258,1.3067719040438456e-05,-0.06201518485540777,0.0001494588065951677
189,11478,1148948.9489489489,car,27.272931765183113,20.055078565213353,0.00983829883365283,0.00016253916413022445,-3.12175192783941,-3.124524422541912,4.901743266668754,1.9492712576489717,0.06906095682043305,0.0012031269805192343,-0.009839587135773344,3.267900938619541e-05,-0.06907123353798593,0.0001672394271065806
189,11479,1149049.0490490492,car,27.27794462780634,20.058454349092028,0.014845777766159012,0.000249879926472502,-3.1217529483607693,-3.1246113299788996,4.901743266668754,1.9492712576489717,0.061670552517798294,0.0010747815773526682,-0.014847813328589431,4.468578294293524e-05,-0.06167973767329765,0.0001488752589255929
189,11480,1149149.1491491492,car,27.28322391191999,20.062317855317925,0.015858757802424392,0.0002687274253295331,-3.121750209706801,-3.124665224273912,4.901743266668754,1.9492712576489717,0.04165705121273024,0.0007306192770640189,-0.015860967788304873,4.5981337909371226e-05,-0.04166334714167493,9.60480105732834e-05
189,11481,1149249.2492492492,car,27.287801483876812,20.06612749424146,0.012654867437034034,0.00021569346179276254,-3.121743893627403,-3.1246881898033827,4.901743266668754,1.9492712576489717,0.013058648579517537,0.00024128547850040157,-0.012656655645747838,3.55159587208238e-05,-0.01306086518779655,1.7943011864409467e-05
189,11482,1149349.3493493493,car,27.290664854344,20.066637655541626,0.005843509526497471,0.00010137524715491455,-3.121738766085157,-3.1247092990272174,4.901743266668754,1.9492712576489717,-0.018428248092823868,-0.00029575995098095917,-0.005844370436770667,1.465349116953809e-05,0.01843048781677898,-7.014666658063844e-05
189,11483,1149449.4494494495,car,27.29089690349238,20.066221556146502,-0.003246269151846882,-5.150600460151339e-05,-3.1217366542276275,-3.124736755522112,4.901743266668754,1.9492712576489717,-0.04652767082310599,-0.0007738720864914196,0.0032466518706742876,-1.2957831216433931e-05,0.04653386410214065,-0.00015007315904274634
189,11484,1149549.5495495496,car,27.288397434454833,20.06571991839916,-0.012928737943782813,-0.00021428968362371826,-3.1217354447574874,-3.1247690772178824,4.901743266668754,1.9492712576489717,-0.06601679648239239,-0.0011047732146928022,0.012930443985697388,-4.246434103125023e-05,0.06602571768081746,-0.0002062677544074252
189,11485,1149649.6496496496,car,27.283977153300803,20.065083194922654,-0.021634166095488946,-0.00036039883347669174,-3.1217349740579112,-3.1248049903480686,4.901743266668754,1.9492712576489717,-0.07415034255016766,-0.0012425387506559051,0.021637056977227672,-6.924832545328465e-05,0.07416039558807973,-0.00023006319481771943
189,11486,1149749.7497497497,car,27.278555313947866,20.062928005814673,-0.028236801150993716,-0.00047085822675468745,-3.1217377362910117,-3.124856247279834,4.901743266668754,1.9492712576489717,-0.07097074723323393,-0.0011885558607588546,0.02824058384676961,-8.983709722768565e-05,0.07098035585681041,-0.0002207041419817065
189,11487,1149849.84984985,car,27.27337068355814,20.06194741593446,-0.032260926542003104,-0.0005377899152812435,-3.1217381249185183,-3.124910844237541,4.901743266668754,1.9492712576489717,-0.05902507143189027,-0.000986712848703214,0.03226524494880674,-0.00010279948929814496,0.05903302733579739,-0.00018531960647102247
189,11488,1149949.94994995,car,27.26868081152322,20.062710140198487,-0.03369516331683915,-0.000561187226271189,-3.1217388323698545,-3.1249632850533167,4.901743266668754,1.9492712576489717,-0.04167242186420277,-0.0006943872900627486,0.033699663631579085,-0.00010785717323552027,0.04167799437228707,-0.0001330520210027341
189,11489,1150050.05005005,car,27.264254538626677,20.063576803109946,-0.03282664844583505,-0.0005460470665806279,-3.121739393023434,-3.125013563068315,4.901743266668754,1.9492712576489717,-0.022125569396354745,-0.00036608705008454835,0.032831019417045526,-0.00010573373608043337,0.02212847666551122,-7.322093330956535e-05
189,11490,1150150.15015015,car,27.261038189056546,20.06342213961321,-0.03033165757573845,-0.0005038094929264039,-3.121740033717439,-3.125064134751938,4.901743266668754,1.9492712576489717,-0.00385923191411789,-6.014761328895123e-05,0.030335681798152027,-9.841310015636312e-05,0.0038596654355492334,-1.647507077187004e-05
189,11491,1150250.2502502503,car,27.259889176374706,20.06469832742056,-0.027054350526522133,-0.000448641252193554,-3.1217445993198685,-3.125110351130744,4.901743266668754,1.9492712576489717,0.010349734069397824,0.0001771678186773903,0.027057925806185032,-8.838807659570716e-05,-0.010351211727595446,2.8275673633109657e-05
189,11492,1150350.3503503504,car,27.256956767792655,20.06752810916492,-0.023158719809362474,-0.00038341407274660746,-3.1217418827479615,-3.1251440228577065,4.901743266668754,1.9492712576489717,0.02144048585329371,0.0003613633054846688,0.023161767641538832,-7.634971579973445e-05,-0.021443434516083867,6.429011013717038e-05
189,11493,1150450.4504504504,car,27.254821611025687,20.070696310037395,-0.01904091381773428,-0.00031476182712572034,-3.1217422885622996,-3.1251490378305946,4.901743266668754,1.9492712576489717,0.029087180384193945,0.0004873326996630077,0.019043410255555764,-6.32444526673261e-05,-0.02909112295652865,9.011654082178162e-05
189,11494,1150550.5505505505,car,27.25446404079331,20.072828075853792,-0.015275072326037299,-0.00025214555861195526,-3.1217434524937495,-3.1251404460401653,4.901743266668754,1.9492712576489717,0.03240015448459647,0.0005409873081360035,0.015277067865229461,-5.108218448359662e-05,-0.03240450947377794,0.00010219421273763329
189,11495,1150650.6506506507,car,27.253486349635118,20.074370322968566,-0.011987242881722537,-0.0001976146304020271,-3.1217424066544712,-3.12512370119876,4.901743266668754,1.9492712576489717,0.032573017577479955,0.0005424535155151589,0.011988803720412593,-4.0358406530532784e-05,-0.032577367506729134,0.00010419333386301648
189,11496,1150750.7507507508,car,27.252760411457658,20.074757145727496,-0.009205829141791515,-0.00015159248491275536,-3.121741500803103,-3.1251014312249956,4.901743266668754,1.9492712576489717,0.030714688305553725,0.0005103500473979484,0.009207024426727503,-3.117170163766369e-05,-0.030718767033684306,9.943243147072004e-05
189,11497,1150850.8508508508,car,27.252089658873953,20.07498646904083,-0.006827020451082305,-0.00011231687536802476,-3.1217410855838184,-3.1250775765720893,4.901743266668754,1.9492712576489717,0.028016351754180917,0.00046454429110657326,0.006827904802573576,-2.322341450273478e-05,-0.028020052853845085,9.167922405719695e-05
189,11498,1150950.9509509508,car,27.25104824044546,20.075880801146543,-0.004614244415682984,-7.583444365516158e-05,-3.121741337137618,-3.1250478139164506,4.901743266668754,1.9492712576489717,0.025721644444703647,0.00042568855934579984,0.00461484058156468,-1.5773308145395078e-05,-0.025725026408935536,8.497028234117292e-05
189,11499,1151051.0510510511,car,27.249868693176495,20.075156889581237,-0.0024158530854371096,-3.9593748132113414e-05,-3.12174208384518,-3.1250220837282723,4.901743266668754,1.9492712576489717,0.024262017386610404,0.00040098016541921684,0.002416163030350712,-8.3669632253524e-06,-0.024265196540813,8.068207336155863e-05
189,11500,1151151.1511511512,car,27.249431768526502,20.074633101960274,-0.0004285632913448604,-6.830373431720294e-06,-3.1217414493643987,-3.124997940741592,4.901743266668754,1.9492712576489717,0.02255032263618217,0.0003723778276285401,0.00042861443431616383,-1.6779110200833127e-06,-0.022553271238595147,7.531720106494929e-05
189,11501,1151251.2512512512,car,27.25003335999408,20.075162047062314,0.0008528780528792752,1.4245729742028805e-05,-3.121740397792445,-3.1249693294277647,4.901743266668754,1.9492712576489717,0.01876559412644795,0.00030955182157760557,-0.0008529927849303816,2.6875185094540107e-06,-0.018768041272709146,6.302408036502893e-05
189,11502,1151351.3513513512,car,27.251834082170372,20.07539101136273,0.0008449359386393041,1.3906518850397568e-05,-3.1217374582562205,-3.1249369129555418,4.901743266668754,1.9492712576489717,0.011449460359674146,0.00018805950882188282,-0.0008450454935842546,2.87148807444814e-06,-0.011450937293359524,3.929389464053608e-05
189,11503,1151451.4514514515,car,27.254750956070936,20.07560997869282,-0.0006393172092495226,-1.1014263181112632e-05,-3.1217330665283667,-3.1249010206687453,4.901743266668754,1.9492712576489717,0.001247932432291014,1.8396790949256643e-05,0.0006394098633574386,-1.6836499762146325e-06,-0.001248051674763961,6.388630515887189e-06
189,11504,1151551.5515515516,car,27.25343830432406,20.074108050549622,-0.002425037621886411,-4.0960639255479545e-05,-3.121737830050816,-3.1248913991787917,4.901743266668754,1.9492712576489717,-0.006162285895332088,-0.00010488934900950708,0.002425372858508742,-7.192964746981611e-06,0.006163153728182239,-1.747438519110856e-05
189,11505,1151651.6516516516,car,27.250770485171525,20.071925544346673,-0.003365497930026662,-5.681554447569214e-05,-3.121742776281386,-3.1248862902791994,4.901743266668754,1.9492712576489717,-0.007417393426850586,-0.00012566000079264144,0.003365962626566802,-9.995982359379106e-06,0.007418426354744395,-2.1589435362403707e-05
189,11506,1151751.7517517516,car,27.24807338062684,20.06953861510378,-0.0027985052757248177,-4.756078261166052e-05,-3.1217448650064386,-3.1248927505786295,4.901743266668754,1.9492712576489717,-0.002338729196813341,-4.098159939934905e-05,0.0027988979940172056,-7.989079342025687e-06,0.0023390818993472414,-5.4420274352274295e-06
189,11507,1151851.851851852,car,27.246455307220163,20.067849238745463,-0.0006975905895716698,-1.2837390808335711e-05,-3.1217447980704294,-3.1249100144920767,4.901743266668754,1.9492712576489717,0.006717416181623272,0.00010959976999421183,0.0006977079685311408,-1.0099058690843258e-06,-0.006718268282009954,2.3739369325979248e-05
189,11508,1151951.951951952,car,27.246262015118617,20.064955045391986,0.002507169281369487,4.005327130002733e-05,-3.1217435031410106,-3.1249472589152383,4.901743266668754,1.9492712576489717,0.01653886321051088,0.0002721811385414415,-0.0025074703705140074,9.716531220990665e-06,-0.01654100746388042,5.613330580091344e-05
189,11509,1152052.052052052,car,27.24785705628228,20.060270219339507,0.006206044041267487,0.00010079952073417182,-3.121739517284898,-3.1250148904901356,4.901743266668754,1.9492712576489717,0.024463723039310725,0.000402110950532239,-0.006206822089719586,2.2421688181571334e-05,-0.024466884684978808,8.361801594051116e-05
189,11510,1152152.152152152,car,27.24812341249191,20.05460596500168,0.010228151270442111,0.00016641288323306848,-3.1217393905790116,-3.125123533817138,4.901743266668754,1.9492712576489717,0.030565553956896738,0.0005004749630038057,-0.010229439234950783,3.6668749666165444e-05,-0.030569465825204745,0.00010640978431789255
189,11511,1152252.2522522523,car,27.24953411431173,20.048740787584972,0.014009944690201885,0.0002275152116266028,-3.1217375122921243,-3.125275847915651,4.901743266668754,1.9492712576489717,0.03336644982248407,0.0005431557119353688,-0.014011700284111432,5.068078796858865e-05,-0.03337065679175172,0.00011940339555661234
189,11512,1152352.3523523523,car,27.252584184667143,20.04517016641578,0.016678462776391383,0.0002699657714878016,-3.121741198671724,-3.1254610120709327,4.901743266668754,1.9492712576489717,0.030762233485699928,0.0004969275980642833,-0.016680535419175305,6.115742707232206e-05,-0.03076603637813917,0.00011380529624344907
189,11513,1152452.4524524524,car,27.257401837361023,20.043125786261683,0.017475695106634083,0.0002819523132194725,-3.121753213057042,-3.1256731079170343,4.901743266668754,1.9492712576489717,0.021911454721302744,0.000350494926365703,-0.01747784938213302,6.478844369711451e-05,-0.02191409581829289,8.42565355716993e-05
189,11514,1152552.5525525524,car,27.25918157011156,20.042192849396375,0.016621669180970966,0.0002677122675512338,-3.1217427215015547,-3.1258618510911105,4.901743266668754,1.9492712576489717,0.010092559023756813,0.00015919436881806374,-0.016623708376438565,6.225781046325068e-05,-0.010093730544876169,4.116044839772885e-05
189,11515,1152652.6526526527,car,27.26127245310364,20.03982852554271,0.014093362861624199,0.00022762317526760193,-3.12174164264729,-3.1260995263714775,4.901743266668754,1.9492712576489717,-0.0036314362204722117,-5.809084647903282e-05,-0.014095104372338034,5.2170798578856156e-05,0.0036318738235986336,-1.4003544593816584e-05
189,11516,1152752.7527527527,car,27.263747327679283,20.03784988927117,0.009739389575951494,0.0001603118834473162,-3.1217461661273997,-3.1263614930741217,4.901743266668754,1.9492712576489717,-0.01910805532080677,-0.0002965983796658557,-0.009740652967526684,3.299967182633865e-05,0.019110178324234884,-8.266291656824307e-05
189,11517,1152852.8528528528,car,27.265519521977957,20.037541719042142,0.0036149756678056973,6.773275359518767e-05,-3.1217470939221084,-3.1266235421172497,4.901743266668754,1.9492712576489717,-0.035442690650671065,-0.0005405093371570035,-0.0036156079250551985,4.017090349601524e-06,0.035446437400743366,-0.00016293096053806742
189,11518,1152952.9529529528,car,27.266141181917053,20.036852895858825,-0.004004462714996544,-4.491433069215191e-05,-3.1217445087368065,-3.126893914940191,4.901743266668754,1.9492712576489717,-0.05123406254010599,-0.000767558735531659,0.0040045653717527665,-3.457045353533958e-05,0.05123920468800071,-0.000249426777128472
189,11519,1153053.053053053,car,27.266321997942395,20.03649509629371,-0.012733564477553187,-0.00017105873401061518,-3.121749026773141,-3.127190284713667,4.901743266668754,1.9492712576489717,-0.06519849712311027,-0.0009588091615831142,0.012734451717914725,-8.163846265339577e-05,0.06520468595625281,-0.0003350693465545871
189,11520,1153153.1531531531,car,27.26439536981452,20.036318373412275,-0.021682668330957406,-0.0002973415051835553,-3.121743931189867,-3.1274724754550203,4.901743266668754,1.9492712576489717,-0.07459480154778082,-0.0010763474425243694,0.021684298752928988,-0.00013306207096858158,0.0746014706256008,-0.00040437886622990003
189,11521,1153253.2532532534,car,27.25982087031617,20.036863439199934,-0.029680213169691536,-0.00040720934485260834,-3.1217274914479245,-3.1277500195084134,4.901743266668754,1.9492712576489717,-0.07665267116670334,-0.0010845904087492457,0.029682445837790106,-0.0001824344691191116,0.07665909129394523,-0.0004382411802574043
189,11522,1153353.3533533535,car,27.255153165578093,20.038403974100824,-0.03591895141487925,-0.0004900960620693075,-3.1217324074018316,-3.1280692043224723,4.901743266668754,1.9492712576489717,-0.0710902646007266,-0.000984989671215138,0.03592160069147122,-0.00022331291276200447,0.07109580586850786,-0.0004269819213553838
189,11523,1153453.4534534535,car,27.249378609679063,20.040524630358586,-0.03956938886864897,-0.0005362519271397125,-3.121737317194414,-3.1283643089455975,4.901743266668754,1.9492712576489717,-0.05764887795562018,-0.0007815998470447218,0.039572236080901574,-0.00024946567922970583,0.05765303265224234,-0.00036311687150105895
189,11524,1153553.5535535538,car,27.24354153136375,20.044185033569683,-0.0399165319680447,-0.0005382614640326965,-3.121759020698298,-3.1286623842875683,4.901743266668754,1.9492712576489717,-0.036614322583780994,-0.0004859546036054326,0.03991935616293863,-0.0002534823387348236,0.036616758890327235,-0.00024028839668489821
189,11525,1153653.6536536538,car,27.23544094876761,20.046083775527478,-0.03611398234488647,-0.0004878974550083118,-3.1217755530954565,-3.1289249023257537,4.901743266668754,1.9492712576489717,-0.0076518096001978175,-0.00010196165635954714,0.03611655936109504,-0.00022782592010845256,0.007652327601847556,-4.968511899048284e-05
189,11526,1153753.7537537538,car,27.229620731483053,20.046278606573225,-0.028375076574350146,-0.00039097927060921013,-3.121858118806032,-3.1293276259259963,4.901743266668754,1.9492712576489717,0.025333400706440308,0.0003135100932517985,0.02837726668365414,-0.00016902945025458715,-0.02533465437074533,0.0001864613807618184
189,11527,1153853.853853854,car,27.22660194021983,20.049485675652313,-0.017648830346580716,-0.00026342754107559757,-3.1220391361393065,-3.129820970093661,4.901743266668754,1.9492712576489717,0.057098922868842994,0.000686493136372624,0.017650607133579466,-8.169753863634705e-05,-0.05710143011442428,0.00043005173629381355
189,11528,1153953.9539539542,car,27.22582977728922,20.052477271056016,-0.005193546743471403,-0.0001248186500650366,-3.122386152690404,-3.1303554488046226,4.901743266668754,1.9492712576489717,0.08323807295981511,0.0009575577604553256,0.005194986032154313,2.505190108667003e-05,-0.08324111080213144,0.0006412326842810909
189,11529,1154054.0540540542,car,27.22572844966535,20.053619310728497,0.007937788218780384,8.1326204703626e-06,-3.123062730154765,-3.130718274657282,4.901743266668754,1.9492712576489717,0.10185126706896278,0.0011014449703247388,-0.00793657619419185,0.0001389469665432789,-0.10185419036543283,0.0007859322986128656
189,11530,1154154.1541541542,car,27.227080099597593,20.052572271830883,0.02065783557509442,0.00011782828244432914,-3.124472903584381,-3.1319653853453313,4.901743266668754,1.9492712576489717,0.11164315871584506,0.0010992765970827547,-0.020656825481687777,0.00023582868967732585,-0.1116456170221993,0.0008120940959440185
189,11531,1154254.2542542543,car,27.231570637820866,20.05281376428754,0.03192290165355608,0.0001904640952279209,-3.127421468688784,-3.1342570897133646,4.901743266668754,1.9492712576489717,0.1119905651838278,0.0009542171731384101,-0.03192239530060704,0.00026192522972497297,-0.11199284219581437,0.0006328645274584595
189,11532,1154354.3543543546,car,27.23657115539045,20.051489911324612,0.03919330189332075,0.00021179521500976336,-3.1335514464235046,-3.137572552404335,4.901743266668754,1.9492712576489717,0.0967101915537717,0.0006664938356264697,-0.03919373783169992,0.00010336969602275434,-0.09671242423840784,0.0001111860169571335
189,11533,1154454.4544544546,car,27.239877619671134,20.04917294913161,0.040664798685963885,0.00019612644504123309,-3.136483573347613,-3.1393295081806465,4.901743266668754,1.9492712576489717,0.06487162835479307,0.00034697245719515,-0.04066526997796536,1.1634930339735728e-05,-0.06487255439669169,-1.5535015927091033e-05
189,11534,1154554.5545545546,car,27.247208229783755,20.048086259758264,0.03675538286853507,0.00016071504606413175,-3.137886446405689,-3.140989501729294,4.901743266668754,1.9492712576489717,0.024524365330468714,7.492847019569356e-05,-0.036755726075269425,-2.4491190094004577e-05,-0.02452447459746633,1.5964215302393642e-05
189,11535,1154654.6546546547,car,27.255844405762883,20.049085329252925,0.025096086655040158,0.00011873461762938915,-3.138557640184883,-3.141395903399207,4.901743266668754,1.9492712576489717,-0.030216082882039266,-0.00011697771064610331,-0.025096331431860373,-4.256722830331397e-05,0.030216298745722597,2.527109608582576e-05
189,11536,1154754.754754755,car,27.265397852215738,20.051838384359222,0.002686815267229227,7.531747691731031e-05,-3.1388749686788473,-3.1415836568290194,4.901743266668754,1.9492712576489717,-0.10539744119482312,-0.00023995266137146132,-0.0026870100339986694,-6.801529045532555e-05,0.10539770408718233,-4.6484907743161004e-05
189,11537,1154854.854854855,car,27.273729185722203,20.054533973621275,-0.03333147622008454,3.198141397146962e-05,-3.1390163851008563,-3.1415572037557986,4.901743266668754,1.9492712576489717,-0.20417249014794853,-0.00031487082788364074,0.03333128321436868,-0.00011785204472451097,0.20417262377654424,-0.00021113278785471717
189,11538,1154954.954954955,car,27.279460389893178,20.055571654375864,-0.08546393379946127,-1.3593020587950913e-05,-3.1390742288129734,-3.141522743942251,4.901743266668754,1.9492712576489717,-0.32709745107031213,-0.00036938495419709487,0.08546369700663396,-0.00020164128340429563,0.32709734403629914,-0.0004543856716290764
189,11539,1155055.055055055,car,27.28033331037196,20.053606838241215,-0.15550576813420341,-6.627540068146618e-05,-3.1391073152210534,-3.141498288949357,4.901743266668754,1.9492712576489717,-0.47175919221759866,-0.0004303026117949023,0.1555054525787584,-0.00032020885823160183,0.4717588046585561,-0.0007421787313472797
189,11540,1155155.1551551553,car,27.272664877893842,20.050804053291508,-0.2441130947061234,-0.00013397052590113627,-3.139138408728809,-3.141502304942416,4.901743266668754,1.9492712576489717,-0.6322635620440269,-0.0005257957349979186,0.24411268831725821,-0.0004651425843121866,0.6322629483129721,-0.0010259338886932155
189,11541,1155255.2552552554,car,27.252589805021962,20.048716797578628,-0.3508653866157875,-0.00022991134734674852,-3.139162448302069,-3.1415019431507534,4.901743266668754,1.9492712576489717,-0.80082903579428,-0.0006937638177446812,0.35086490925997244,-0.0006227634101008921,0.8008283569750861,-0.0012524152725986453
189,11542,1155355.3553553554,car,27.22091794659558,20.04632191436156,-0.47545940718256846,-0.0003754959700943862,-3.139194439962702,-3.1413093359844604,4.901743266668754,1.9492712576489717,-0.9731499935790829,-0.0009890604284697262,0.47545894041649633,-0.0007647572461442847,0.9731495670549949,-0.0013447617544551013
189,11543,1155455.4554554555,car,27.1793780083684,20.045990268923614,-0.6182366074468976,-0.0005907057795874664,-3.139193796464426,-3.1409212978589243,4.901743266668754,1.9492712576489717,-1.149092734242593,-0.001439748834878814,0.6182362456390873,-0.0008923557885785161,1.1490928817566377,-0.001316761957164677
189,11544,1155555.5555555557,car,27.12359896525984,20.046461258757773,-0.7788843249918812,-0.0008802370983849321,-3.1391990276234436,-3.140678423984533,4.901743266668754,1.9492712576489717,-1.3260385503362222,-0.002003715786037777,0.7788842006617552,-0.0009841213880435096,1.3260395477469429,-0.0011703272296006853
189,11545,1155655.6556556558,car,27.050325267650795,20.0472352893267,-0.9559364296516746,-0.0012528214944424504,-3.1392230056660635,-3.140455006134644,4.901743266668754,1.9492712576489717,-1.4979117823281851,-0.002670847869544791,0.9559367144939332,-0.0010124126787717813,1.4979139057327893,-0.0008786798521919189
189,11546,1155755.7557557558,car,26.955362639506355,20.050134042188244,-1.146471630056344,-0.0017152758702174806,-3.139212276446196,-3.1402300339752274,4.901743266668754,1.9492712576489717,-1.6553518170356194,-0.0034275321476025205,1.1464724649913913,-0.0010137612760865796,1.6553552860759315,-0.0005128354716682115
189,11547,1155855.8558558559,car,26.838278914101757,20.05403253518531,-1.3468880957477842,-0.0022707660036817546,-3.1391960617715786,-3.139919854587177,4.901743266668754,1.9492712576489717,-1.7899926924360874,-0.004251280090706473,1.346889669815168,-0.0009571784178525901,1.789997740464016,-3.860985298426416e-05
189,11548,1155955.9559559561,car,26.698922866688143,20.05728147653141,-1.5535816823225506,-0.0028995926902911345,-3.1392080466081467,-3.13962888259128,4.901743266668754,1.9492712576489717,-1.896707373701821,-0.005039654328135257,1.5535841796021093,-0.0008050937689608648,1.8967139986164623,0.0005167426405179067
189,11549,1156056.0560560562,car,26.539242709993147,20.058784994138062,-1.7635864471321676,-0.003567853323097131,-3.139234139948881,-3.1394023606942345,4.901743266668754,1.9492712576489717,-1.9748344859419344,-0.005674900097013177,1.763589956906207,-0.0005915954364250006,1.9748423776674426,0.0010172145579389735
189,11550,1156156.1561561562,car,26.357493105994177,20.060268505874003,-1.974217130217229,-0.004235194343490897,-3.1392335532537743,-3.1392965531423282,4.901743266668754,1.9492712576489717,-2.0250580179880875,-0.0060599589800279475,1.9742216278499167,-0.00042218941696179225,2.0250666789459357,0.0012826314976731841
189,11551,1156256.2562562563,car,26.155684049364197,20.06059431074184,-2.18349261169884,-0.004877197454640986,-3.1392281686034633,-3.1392545588772736,4.901743266668754,1.9492712576489717,-2.0505273510167834,-0.006197256665414333,2.1834980400275836,-0.0002856468664488984,2.050536272293006,0.0013488027238738893
189,11552,1156356.3563563565,car,25.932639188136708,20.06164326705469,-2.38973204482638,-0.005482193244092294,-3.139214509227769,-3.139244979998694,4.901743266668754,1.9492712576489717,-2.054333766849236,-0.006137722378754976,2.3897383246150756,-0.00020094469063199841,2.054342554013252,0.0012522073623022593
189,11553,1156456.4564564566,car,25.689050546997663,20.063233131620144,-2.5917698078989617,-0.006049292051209537,-3.13920382447569,-3.139241323543889,4.901743266668754,1.9492712576489717,-2.040366673025484,-0.005954321365184768,2.591776863640623,-0.00014201449466032853,2.040375075190118,0.001080221699708504
189,11554,1156556.5565565566,car,25.425872211425514,20.064642829341736,-2.7891677037928715,-0.006583000518993913,-3.1391997626393238,-3.139238091410339,4.901743266668754,1.9492712576489717,-2.0138267423573923,-0.005712620728335467,2.7891754708985457,-9.118611633135692e-05,2.0138346465129824,0.000893741184464219
189,11555,1156656.6566566566,car,25.147355660527865,20.066174302229754,-2.982386931858885,-0.0070915294077680885,-3.139198586069862,-3.1392285844007795,4.901743266668754,1.9492712576489717,-1.9813838184925927,-0.005467098623453981,2.982395362583208,-4.851977982615798e-05,1.9813912288766284,0.0007235208429284927
189,11556,1156756.756756757,car,24.848231244400324,20.067357963640564,-3.1708272036344196,-0.007578629502115994,-3.13919814923814,-3.1392155113468294,4.901743266668754,1.9492712576489717,-1.9430014512592075,-0.005233785690219677,3.1708362604743177,-1.3944506412898704e-05,1.9430084133263092,0.0005812497015592463
189,11557,1156856.856856857,car,24.52730415856997,20.06792258227504,-3.352871575848109,-0.008043099094456994,-3.139197106638885,-3.1392014119374605,4.901743266668754,1.9492712576489717,-1.8947143486895437,-0.005003281283815581,3.3528812229856158,1.1122418006243029e-05,1.8947208977292083,0.00046439408811558246
189,11558,1156956.956956957,car,24.18586700529188,20.066656012621575,-3.5267269655493774,-0.008480696045792345,-3.139198083324922,-3.1391976972008218,4.901743266668754,1.9492712576489717,-1.8334135166912389,-0.004758042348441141,3.5267371620897934,3.5684278316900145e-05,1.833419653783514,0.0003677954125156013
189,11559,1157057.057057057,car,23.827618293112227,20.066711314835082,-3.6913809801287223,-0.008892076987043772,-3.13919552897637,-3.139188738586111,4.901743266668754,1.9492712576489717,-1.7602247885341695,-0.004506335918953207,3.691391689811468,4.335970862016578e-05,1.7602305334675101,0.0002868488470362321
189,11560,1157157.1571571573,car,23.45505856050888,20.066128001178217,-3.8465878031248257,-0.009276187264318872,-3.139192094511064,-3.1391804423018463,4.901743266668754,1.9492712576489717,-1.6788100053724289,-0.00424658248997031,3.846598987809531,4.220813227395932e-05,1.6788153623114241,0.00021649152494230758
189,11561,1157257.2572572574,car,23.06692062228717,20.06386423150944,-3.9920484952330173,-0.009630013129827511,-3.1391906291954714,-3.1391822603983948,4.901743266668754,1.9492712576489717,-1.5912033471302705,-0.0039702176170985995,3.992060110239367,4.099670070144279e-05,1.5912082932830385,0.00014810058286272116
189,11562,1157357.3573573574,car,22.66247879191335,20.061682149714812,-4.127433815724579,-0.009954281273791526,-3.139190978831179,-3.139188757846488,4.901743266668754,1.9492712576489717,-1.4985317469048183,-0.0036865087242248977,4.127445819048323,4.1508481900496066e-05,1.4985362788965724,8.751568058763468e-05
189,11563,1157457.4574574574,car,22.244946180536324,20.06049577694494,-4.253478979578259,-0.010255342856674178,-3.1391917613986884,-3.1391924674662723,4.901743266668754,1.9492712576489717,-1.4056130144149077,-0.0034229392993666476,4.253491342404121,4.3178643185606824e-05,1.405617181341371,4.820736609586866e-05
189,11564,1157557.5575575577,car,21.818356544704866,20.059468921930016,-4.372661384562214,-0.01054350743851773,-3.1391929083462324,-3.1391937753243577,4.901743266668754,1.9492712576489717,-1.3221514298502717,-0.0032116752201453084,4.372674095684381,5.0213791772885444e-05,1.3221553300592577,3.884241270443213e-05
189,11565,1157657.6576576577,car,21.385093567596755,20.05839584426209,-4.488777249563663,-0.010832136447153364,-3.13919413529365,-3.139193088092696,4.901743266668754,1.9492712576489717,-1.259198713303044,-0.003084231026740254,4.488790318901483,6.570125172962113e-05,1.259202488866381,6.401389860896884e-05
189,11566,1157757.7577577578,car,20.94162334645432,20.05715953752338,-4.605421730758489,-0.01113448092374442,-3.139195782864048,-3.1391890462828727,4.901743266668754,1.9492712576489717,-1.2227361951214735,-0.0030594583055419218,4.605435189601414,9.585898329520469e-05,1.2227400159390185,0.00012871173205110517
189,11567,1157857.8578578578,car,20.48966952609461,20.056643841171446,-4.725764308455425,-0.011462724172972503,-3.139194670845659,-3.1391751279568814,4.901743266668754,1.9492712576489717,-1.214772144329855,-0.0031447488193709393,4.725778208518918,0.0001304008120184743,1.2147761927126723,0.00023173992934186378
189,11568,1157957.957957958,car,20.022272827812387,20.05625252890166,-4.850813112225667,-0.011819098461169417,-3.1391869111634647,-3.1391515457555625,4.901743266668754,1.9492712576489717,-1.228152583392833,-0.003306030545898426,4.850827508636828,0.0001492686095126497,1.228156982818951,0.00035140505306708973
189,11569,1158058.0580580581,car,19.539505966822123,20.053147026571164,-4.98013743621251,-0.012195101245230216,-3.139177300985653,-3.1391323595337095,4.901743266668754,1.9492712576489717,-1.2529205323515773,-0.0034808253076222305,4.9801523647783625,0.0001662894428866614,1.252925285041436,0.0004545732260701771
189,11570,1158158.1581581582,car,19.041132724242285,20.048423220292282,-5.11235926963549,-0.012580121219598577,-3.1391675821530263,-3.139118017302963,4.901743266668754,1.9492712576489717,-1.2793105644589482,-0.0036227320898745007,5.112374744486082,0.0001822599405493265,1.2793155880418272,0.0005203049695366043
189,11571,1158258.2582582582,car,18.52688761102555,20.042885609573624,-5.245680941741728,-0.01296377249883485,-3.139157358840928,-3.1391062598689543,4.901743266668754,1.9492712576489717,-1.2997208573779788,-0.003704238325172145,5.245696957148887,0.00018896743248396526,1.2997260241815247,0.0005390270905479694
189,11572,1158358.3583583585,car,18.000124960503413,20.036045062619984,-5.378742768317368,-0.013336784633792377,-3.1391476549204205,-3.1391002843191944,4.901743266668754,1.9492712576489717,-1.3111995163273371,-0.0037128387047845805,5.378759299601701,0.00018573896144041292,1.3112046750184592,0.0005069497285134362
189,11573,1158458.4584584585,car,17.45958592320834,20.027760009385695,-5.510032998447608,-0.013691963741049886,-3.139142300674807,-3.139101595147116,4.901743266668754,1.9492712576489717,-1.3113508797396431,-0.0036489365823047177,5.510050006814492,0.000190410727846535,1.3113558840892983,0.00043565639258066067
189,11574,1158558.5585585586,car,16.904550494118666,20.01956121292832,-5.637749192423263,-0.014026205333971952,-3.139139812833318,-3.139104394292581,4.901743266668754,1.9492712576489717,-1.2975819421348367,-0.0035286390296569137,5.63776663688995,0.00019767601256564724,1.2975866939137222,0.00034586973370201706
189,11575,1158658.6586586586,car,16.33574573227958,20.01133388341866,-5.760093669838263,-0.01433813689099881,-3.139139326290776,-3.139106713285222,4.901743266668754,1.9492712576489717,-1.2683248341167253,-0.003368517151974665,5.760111511485705,0.00020671287231759268,1.2683292812792717,0.00025689419655141287
189,11576,1158758.758758759,car,15.753675500412372,20.00347489964631,-5.875557907447447,-0.014627333967022345,-3.1391385511125085,-3.139106281335388,4.901743266668754,1.9492712576489717,-1.2237418440385541,-0.003182385704177959,5.875576111273565,0.00020808317709308452,1.223745968867783,0.00017919124453099223
189,11577,1158858.858858859,car,15.161574418271737,19.995587373368405,-5.983520338049744,-0.014893397657176705,-3.1391365221996406,-3.1391044450746435,4.901743266668754,1.9492712576489717,-1.1673722245988534,-0.00297879522028303,5.983538870126765,0.00019705538459358594,1.167376019771725,0.00011156955333398904
189,11578,1158958.958958959,car,14.557883783677555,19.987621086911698,-6.083851893821454,-0.015134981100853692,-3.139133527771641,-3.139103169059436,4.901743266668754,1.9492712576489717,-1.103291300109239,-0.0027593001262718126,6.083870717177856,0.0001739931509751047,1.1032947496036383,4.61623965965891e-05
189,11579,1159059.059059059,car,13.947150827353408,19.97941084504303,-6.177865252630673,-0.015353063282582922,-3.1391296646906,-3.139106917011952,4.901743266668754,1.9492712576489717,-1.0395839041812887,-0.002533871931231024,6.17788432859013,0.00013701856059351696,1.0395869918536502,-2.661678139312439e-05
189,11580,1159159.1591591593,car,13.331668062050767,19.97062230748629,-6.267809888905074,-0.01555373730783066,-3.139129850697199,-3.139120246992556,4.901743266668754,1.9492712576489717,-0.9848293814200219,-0.002328445524589309,6.267829186284134,0.00011732541805104663,0.9848321292269842,-9.699973427826185e-05
189,11581,1159259.2592592593,car,12.707609395847992,19.96135385705368,-6.3551476012456085,-0.015750397371818665,-3.1391413433866253,-3.1391353784177163,4.901743266668754,1.9492712576489717,-0.9412214127461443,-0.002187203680402997,6.355167116534083,0.00017192749441634,0.9412239463939975,-0.00012002623281061288
189,11582,1159359.3593593594,car,12.072053043901155,19.954851901046137,-6.440100640623671,-0.015959938498272885,-3.1391514801211153,-3.139132568224566,4.901743266668754,1.9492712576489717,-0.9052945704668797,-0.0021507537870273145,6.440120412237201,0.00023850373836476965,0.9052971233524895,-5.923151325526541e-05
189,11583,1159459.4594594594,car,11.42685517058122,19.95009370756983,-6.522548590528013,-0.016187806872530894,-3.139148356018006,-3.139114821650339,4.901743266668754,1.9492712576489717,-0.8735998021728801,-0.002199535142398213,6.522568673536533,0.00024472470862994117,0.8736025687866419,6.419282286960993e-05
189,11584,1159559.5595595597,car,10.774066346815255,19.943731430326416,-6.602395142155411,-0.016426270507765066,-3.139137238694941,-3.1390975675695265,4.901743266668754,1.9492712576489717,-0.8441205738474503,-0.0022704708518430563,6.602415572308313,0.00021461790667621702,0.8441236041633081,0.00019779986007013558
189,11585,1159659.6596596597,car,10.1121248355506,19.93564899658555,-6.679066398137219,-0.016663455164669258,-3.139126080343155,-3.1390854825933574,4.901743266668754,1.9492712576489717,-0.8137709477447381,-0.0023089069371027685,6.679087182073396,0.00018901468943266844,0.813774167343756,0.00030167630015236375
189,11586,1159759.7597597598,car,9.44199089936462,19.926973820791748,-6.751749181857439,-0.016888526694797967,-3.139114651485095,-3.139078111382644,4.901743266668754,1.9492712576489717,-0.7797350135449901,-0.002285441517558567,6.751770302090786,0.00015764328244331424,0.7797382828900556,0.00035325147344819835
189,11587,1159859.8598598598,car,8.763504510017663,19.916951213672462,-6.819335154476898,-0.017092277825030863,-3.1391075736639444,-3.1390784722643703,4.901743266668754,1.9492712576489717,-0.7391453196525006,-0.0021883970203279367,6.8193565733016115,0.00014564958992755936,0.7391484756484462,0.00035155695742070266
189,11588,1159959.95995996,car,8.07596218762472,19.90612258465963,-6.8806416875844345,-0.01727201418822206,-3.139108038702677,-3.1390795210426736,4.901743266668754,1.9492712576489717,-0.6899595151900074,-0.002035889081170684,6.880663363683809,0.00017623369515796725,0.6899624439188384,0.0003216008779373966
189,11589,1160060.0600600601,car,7.383786801184767,19.896424211204128,-6.935574200440913,-0.01742953542647032,-3.1391060479930375,-3.1390725384342706,4.901743266668754,1.9492712576489717,-0.6351480300659509,-0.001856429896874724,6.9355960987408,0.00018346169038321522,0.6351506826451793,0.00027706313878906653
189,11590,1160160.1601601602,car,6.6878343991664355,19.886888527497746,-6.984938470839445,-0.017560796385559112,-3.139097483259859,-3.1390663167023343,4.901743266668754,1.9492712576489717,-0.5800200392482693,-0.001644793977109941,6.984960544306556,0.00013214857579016068,0.5800223377199543,0.00019754156600329596
189,11591,1160260.2602602602,car,5.991205409705876,19.875360904678697,-7.03023108617682,-0.017660386524014794,-3.139093630146123,-3.1390677734063934,4.901743266668754,1.9492712576489717,-0.5305027818873096,-0.0013924889974825353,7.030253267550301,9.163736611098386e-05,0.5305046052209177,6.674714038597002e-05
189,11592,1160360.3603603605,car,5.288250633421704,19.864523118372766,-7.0717930814588525,-0.017722916488416833,-3.1390924010312697,-3.1390748361370404,4.901743266668754,1.9492712576489717,-0.4857406833082841,-0.0010944017683398818,7.071815289372785,4.161076957865523e-05,0.4857419013406998,-0.00012007477324267992
189,11593,1160460.4604604605,car,4.579050484530084,19.8530665292166,-7.1092573988856955,-0.017742918019166845,-3.139097291184173,-3.1390886283572055,4.901743266668754,1.9492712576489717,-0.442464060694154,-0.0007470981543434054,7.109279539780632,2.7075438843587873e-06,0.44246454739855606,-0.00035701120872837385
189,11594,1160560.5605605606,car,3.8658149983851176,19.8428015632645,-7.142266352483118,-0.017718113076482196,-3.139104176878363,-3.1391089965268923,4.901743266668754,1.9492712576489717,-0.39870896167484665,-0.00036085019267867056,7.142288329260227,-5.528692469165125e-05,0.39870862513597705,-0.0006313278663596971
189,11595,1160660.6606606606,car,3.1487910968074018,19.832699702115345,-7.170526631437682,-0.01765028007513853,-3.1391196428463104,-3.1391379590495263,4.901743266668754,1.9492712576489717,-0.35352356793628537,4.232542458042503e-05,7.1705483540472725,-8.254521846905519e-05,0.35352238222915233,-0.0009165919855967019
189,11596,1160760.7607607609,car,2.4276260297649377,19.824536316015514,-7.1940793767376086,-0.017549701435245143,-3.139141043637617,-3.139168958516963,4.901743266668754,1.9492712576489717,-0.3076227212482845,0.00041597758007226354,7.194100782111778,-8.741023415404642e-05,0.3076207769685213,-0.001170146499429843
189,11597,1160860.860860861,car,1.7064003114707382,19.8184386897184,-7.214390627142262,-0.017433746427951903,-3.1391654332123733,-3.1391967550979447,4.901743266668754,1.9492712576489717,-0.26697006350070424,0.000704203151308503,7.214411691229731,-7.720367350643256e-05,0.2669675678329793,-0.0013521956189625974
189,11598,1160960.960960961,car,0.9847074166658745,19.814910144109724,-7.2342335119039785,-0.0173221578301576,-3.1391875311321646,-3.1392188973728796,4.901743266668754,1.9492712576489717,-0.24028340136516158,0.0008635967773910408,7.234254250160353,-7.709297940512033e-05,0.24028062933812733,-0.0014415047272587696
190,11544,1155555.5555555557,motorcycle,0.05480116632263454,49.91596289661909,0.0020134815538759253,-4.524089938482815,-1.5683971183064447,-1.5683971183064447,2.0465074577815883,0.7480597605073798,-0.01204262933162634,-1.361234943138571,4.524081748460109,-0.00884074881086119,1.3612021326184303,-0.015308477968916257
190,11545,1155655.6556556558,motorcycle,0.01701018451194901,49.47855536159076,0.0005196796090707317,-4.658438532551083,-1.568742130921499,-1.5687217815908947,2.0465074577815883,0.7480597605073798,-0.014346991009209234,-1.345960952421304,4.658429771422776,-0.009049659967430346,1.3459286411236657,-0.01711182622879629
190,11546,1155755.7557557558,motorcycle,-0.014944452629695806,49.0074104697671,-0.0019898849182682504,-4.786054351809085,-1.5686922192670292,-1.5687815775211225,2.0465074577815883,0.7480597605073798,-0.021827548581830364,-1.2963776044444126,4.786039570310439,-0.012060246073110858,1.2963288072642156,-0.024555216127386644
190,11547,1155855.8558558559,motorcycle,-0.052157280738827035,48.51275500219301,-0.006965013799509173,-4.897584262386793,-1.5687194675110039,-1.5687429551242449,2.0465074577815883,0.7480597605073798,-0.03817563257767323,-1.1895210108029706,4.897559234563383,-0.017136584809984843,1.189439160037007,-0.04064601622405129
190,11548,1155955.9559559561,motorcycle,-0.0975171401284707,48.00434544829439,-0.01681761458849053,-4.981701565796453,-1.5687047801352854,-1.5684426789632528,2.0465074577815883,0.7480597605073798,-0.06861308876566401,-1.0131209572066497,4.981655494605749,-0.027237031475960197,1.012975233852504,-0.07073192689831119
190,11549,1156056.0560560562,motorcycle,-0.14824668964326232,47.488555711351246,-0.03546211906822304,-5.030674646765667,-1.568475683939423,-1.5678705116048783,2.0465074577815883,0.7480597605073798,-0.12156177904582309,-0.7773384510259156,5.030578805876834,-0.04713641227842781,0.7770542566732758,-0.12336537502110573
190,11550,1156156.1561561562,motorcycle,-0.20890399126210812,46.97125753158834,-0.06915513217246633,-5.044099487716115,-1.5677636350433226,-1.5679178813094425,2.0465074577815883,0.7480597605073798,-0.21086874627749724,-0.5101941886427508,5.043866566011978,-0.084451989617164,0.5095523435334092,-0.21241503591104124
190,11551,1156256.2562562563,motorcycle,-0.27816030430161576,46.45738881690236,-0.12711014552882388,-5.0277133670754885,-1.5667522475584128,-1.5728032888126557,2.0465074577815883,0.7480597605073798,-0.3565279462904302,-0.24353292317796343,5.027158211970027,-0.14744152192725088,0.24208910840697775,-0.3575098946160655
190,11552,1156356.3563563565,motorcycle,-0.35296577767670145,45.95148087097541,-0.21992955578968434,-4.990379382321732,-1.5683293743167719,-1.5937390032252219,2.0465074577815883,0.7480597605073798,-0.577135370825399,-0.005237311750432627,4.989821641755601,-0.23223990285719875,0.003813531724548716,-0.5771465348314307
190,11553,1156456.4564564566,motorcycle,-0.4341638187713388,45.45803315905167,-0.3523873162161092,-4.9425138403962805,-1.5829796415361752,-1.6446134349907833,2.0465074577815883,0.7480597605073798,-0.8634232544862896,0.18025031416094003,4.9464401678395475,-0.2921464514969333,-0.16971783973535,-0.8655551669410678
190,11554,1156556.5565565566,motorcycle,-0.5277493726447593,44.9757548486788,-0.5117895348673974,-4.896405111375022,-1.630273483450383,-1.6919127809144587,2.0465074577815883,0.7480597605073798,-1.1433836397023085,0.28792330890134105,4.918168911444425,-0.21983198402593424,-0.21944907018478066,-1.1584766225274599
190,11555,1156656.6566566566,motorcycle,-0.6685714513953985,44.47047514709714,-0.6878668786411231,-4.866996855211262,-1.6715078809638686,-1.7298804306374944,2.0465074577815883,0.7480597605073798,-1.380658904414564,0.2901838582746878,4.911494273700109,-0.19504673998516853,-0.14990009453140168,-1.4028384239112803
190,11556,1156756.756756757,motorcycle,-0.8260067280212233,43.98496298194309,-0.8724010665515147,-4.83973378617413,-1.709059624843992,-1.7689759187945395,2.0465074577815883,0.7480597605073798,-1.559673232032725,0.283289273385083,4.913784571301759,-0.19704803676359706,-0.06562665265019738,-1.583832865423743
190,11557,1156856.856856857,motorcycle,-0.9992344536673263,43.50499772260995,-1.0581986762485862,-4.812333233746118,-1.7481696460115363,-1.8130813502072072,2.0465074577815883,0.7480597605073798,-1.6746073993413557,0.2795836518311149,4.923543945090996,-0.1924853547400931,0.020278487498376796,-1.6976647911895975
190,11558,1156956.956956957,motorcycle,-1.1886088405215032,43.03087562326484,-1.2327396216596556,-4.7806869105890515,-1.7933912078472802,-1.8489923010382128,2.0465074577815883,0.7480597605073798,-1.701415462696442,0.2937775985444418,4.934878357862843,-0.14693503661146057,0.08907707522859287,-1.7242926459211634
190,11559,1157057.057057057,motorcycle,-1.4030948741397646,42.559189237542334,-1.3894165713145825,-4.752280437133379,-1.8308775776785362,-1.8722694646174554,2.0465074577815883,0.7480597605073798,-1.6485116886379767,0.2898948833496977,4.949757981659589,-0.12059720063659274,0.1437842807936669,-1.667619834244309
190,11560,1157157.1571571573,motorcycle,-1.6278483606303547,42.10390064906243,-1.5274561245954452,-4.7282840938968675,-1.8585613441821167,-1.8807530545457363,2.0465074577815883,0.7480597605073798,-1.5438367383201204,0.27040784247690597,4.967366894287883,-0.12271439481580892,0.17886725095006745,-1.557099477360868
190,11561,1157257.2572572574,motorcycle,-1.8599621173523324,41.65188433250089,-1.6618504903366351,-4.720874930038729,-1.8692301398825972,-1.8940107142962719,2.0465074577815883,0.7480597605073798,-1.4656841062215213,0.19413749139344377,5.0008268374649125,-0.20034495000116426,0.2453894745317784,-1.4579791735768852
190,11562,1157357.3573573574,motorcycle,-2.0883776590702654,41.19584640151359,-1.803509726218894,-4.7264315968627795,-1.8843788117423268,-1.9199716330852148,2.0465074577815883,0.7480597605073798,-1.446071546130658,0.09719809376875882,5.052270982190177,-0.257606084765275,0.3536091757219272,-1.4055358184003177
190,11563,1157457.4574574574,motorcycle,-2.328215953955721,40.742789670048076,-1.9554610423593504,-4.737838271387833,-1.9075945131667762,-1.9576277292919346,2.0465074577815883,0.7480597605073798,-1.4739959989252625,0.015216761191915437,5.117870198805635,-0.27989998604775934,0.47274498714600366,-1.396211993859521
190,11564,1157557.5575575577,motorcycle,-2.587053171844931,40.28280993706577,-2.1129319361642858,-4.753801386399071,-1.9448304664427791,-1.9870819349467939,2.0465074577815883,0.7480597605073798,-1.5124848566505806,-0.05260321449775833,5.1971376889257,-0.22993223032171994,0.601588342718903,-1.388693272712714
190,11565,1157657.6576576577,motorcycle,-2.874494401398829,39.83831499937555,-2.27387818618993,-4.771527675107366,-1.9729128782867271,-2.014840869334412,2.0465074577815883,0.7480597605073798,-1.5495089936961741,-0.10093016949467319,5.280846126085252,-0.22508343465545488,0.6993060408821292,-1.3864112239322484
190,11566,1157757.7577577578,motorcycle,-3.1732245679666082,39.38929537571291,-2.4368213520693334,-4.789138560741799,-2.002778750496168,-2.04330387855029,2.0465074577815883,0.7480597605073798,-1.5799040414339214,-0.13004771693042907,5.369425273381198,-0.20789105190051105,0.7795627008195682,-1.380322855099109
190,11567,1157857.8578578578,motorcycle,-3.4942124566991697,38.93704840882204,-2.5982609957037606,-4.804335412465866,-2.030819210079621,-2.077964234459173,2.0465074577815883,0.7480597605073798,-1.5926680022617823,-0.13849885535644102,5.458434263472239,-0.19517773597759458,0.83119543970823,-1.3656088163789157
190,11568,1157957.957957958,motorcycle,-3.8257988698415852,38.494808153267286,-2.74293367480013,-4.809099129263924,-2.0683121269991687,-2.1007782775907247,2.0465074577815883,0.7480597605073798,-1.5354484241374629,-0.10320564706946028,5.535144648592886,-0.11529656800232457,0.8234776166866493,-1.300053031068087
190,11569,1158058.0580580581,motorcycle,-4.193509082254116,38.04933474831076,-2.8722057032858617,-4.814889929997151,-2.0924700658441737,-2.1136681404891124,2.0465074577815883,0.7480597605073798,-1.4407131106460644,-0.08559743094478167,5.605755538091975,-0.0907495847205424,0.7921651666075036,-1.206422619228234
190,11570,1158158.1581581582,motorcycle,-4.570996773792441,37.60337548607328,-2.986215066588072,-4.818327549126846,-2.1082469036614944,-2.1234403617407676,2.0465074577815883,0.7480597605073798,-1.3235617273133444,-0.06569858805435583,5.667809373135041,-0.09847692315914491,0.734030510821189,-1.1033273130239294
190,11571,1158258.2582582582,motorcycle,-4.959876812223191,37.15070331287167,-3.086918271388167,-4.813322179836153,-2.1180474054581966,-2.1397033849696014,2.0465074577815883,0.7480597605073798,-1.2002850249185228,-0.02077972189782587,5.716627991494178,-0.1315265296356607,0.6423034037238955,-1.0141805931147116
190,11572,1158358.3583583585,motorcycle,-5.3345228958693225,36.7245984495538,-3.167130636719881,-4.788708887348845,-2.1378909467132075,-2.1495395229264607,2.0465074577815883,0.7480597605073798,-1.0453960693140518,0.08274778955514539,5.740440622760854,-0.09894813985347595,0.4917748767314807,-0.9262060294714505
190,11573,1158458.4584584585,motorcycle,-5.735334679832372,36.30450260952327,-3.240541836641611,-4.757359925753421,-2.1450233910057275,-2.1565984465646895,2.0465074577815883,0.7480597605073798,-0.9242617567039566,0.17220660889256514,5.754555304463839,-0.13666786768027883,0.3574592297563136,-0.8695618495045558
190,11574,1158558.5585585586,motorcycle,-6.142096262458694,35.87579314561805,-3.316636945778405,-4.718432975152691,-2.152144587523512,-2.1760760609094225,2.0465074577815883,0.7480597605073798,-0.8605645134631718,0.2563254410353829,5.764638197463585,-0.180656645198499,0.25836297290175037,-0.8599549917219264
190,11575,1158658.6586586586,motorcycle,-6.537048801492754,35.464642525463475,-3.3917055233994624,-4.6664237874230645,-2.1731647006749073,-2.193709776701538,2.0465074577815883,0.7480597605073798,-0.8176150512725365,0.3585250964740814,5.766840010695679,-0.1507766968920894,0.1678338319521,-0.876850284667466
190,11576,1158758.758758759,motorcycle,-6.953862871089517,35.06423129717909,-3.470814391612789,-4.606650354945601,-2.1871015953732695,-2.216800951101732,2.0465074577815883,0.7480597605073798,-0.8070096453559136,0.4511607936363101,5.765331782809654,-0.16949769282129257,0.09831497567791148,-0.9193175702495162
190,11577,1158858.858858859,motorcycle,-7.371275138235266,34.668542126618185,-3.550345250738785,-4.540060260260582,-2.2111049045205204,-2.233149922924999,2.0465074577815883,0.7480597605073798,-0.8021582060907665,0.5342704359459111,5.76185489416701,-0.13463560006366437,0.05080616857007891,-0.9624559312300067
190,11578,1158958.958958959,motorcycle,-7.8140460076464935,34.27197711054679,-3.640017991317205,-4.476737070927594,-2.227796310184509,-2.2426971481331033,2.0465074577815883,0.7480597605073798,-0.8385244917356715,0.5724442157962861,5.767925452065556,-0.1481275083995981,0.0588465133741341,-1.0135841313393275
190,11579,1159059.059059059,motorcycle,-8.26022258534462,33.87890745135576,-3.746603077979601,-4.409771491140236,-2.236172094138723,-2.2635877017533605,2.0465074577815883,0.7480597605073798,-0.926365183988043,0.6099245039394794,5.7820838076946774,-0.22500237508617227,0.09207760832260059,-1.1052972761463815
190,11580,1159159.1591591593,motorcycle,-8.697634561449945,33.483709799068684,-3.8697784032724476,-4.331258758911555,-2.256549158098916,-2.3014230450712874,2.0465074577815883,0.7480597605073798,-1.0444472119387709,0.6776383523932514,5.802705138848276,-0.25219119466333995,0.13694915358333704,-1.237460562803405
190,11581,1159259.2592592593,motorcycle,-9.150713071490136,33.08102203466208,-4.001423468560699,-4.244300920334961,-2.294117588338952,-2.332323524698573,2.0465074577815883,0.7480597605073798,-1.1495355083444516,0.7518172724309614,5.830031252879099,-0.19030414487733927,0.19728128661631106,-1.3593164421948556
190,11582,1159359.3593593594,motorcycle,-9.617573664311513,32.7064184429606,-4.132556474257793,-4.146137391307263,-2.3223735973650035,-2.363809355433566,2.0465074577815883,0.7480597605073798,-1.2118396041094828,0.840657987493635,5.850897604619589,-0.18834941142185713,0.21323885468320136,-1.4593800974655209
190,11583,1159459.4594594594,motorcycle,-10.086896402971911,32.334242583093896,-4.2589226592932405,-4.040813479395074,-2.355132633877845,-2.3980120915356817,2.0465074577815883,0.7480597605073798,-1.231467867586074,0.922779060631451,5.868632630745055,-0.1604582140518218,0.2166583186611042,-1.52351353016368
190,11584,1159559.5595595597,motorcycle,-10.564318802323397,31.971103600666023,-4.374215657177831,-3.9357719176065817,-2.3897329210464173,-2.4285368766932955,2.0465074577815883,0.7480597605073798,-1.2005296518845658,0.9719233587789209,5.883139962900071,-0.11281568972628397,0.21306876738257086,-1.529871942601814
190,11585,1159659.6596596597,motorcycle,-11.052105454849269,31.62014787646511,-4.470167960078898,-3.837003888137556,-2.4214050575055106,-2.4480549565979692,2.0465074577815883,0.7480597605073798,-1.1065915930402879,0.9776571989325739,5.890747533284452,-0.06398381046643786,0.18701495693079873,-1.4647129269233272
190,11586,1159759.7597597598,motorcycle,-11.545834045751008,31.277525825168052,-4.543143713892372,-3.746370572346374,-2.4419633926954982,-2.4601541139424716,2.0465074577815883,0.7480597605073798,-0.9600107087927845,0.9496153374837466,5.888288516415071,-0.059208258520869084,0.12299624118917396,-1.344716243240383
190,11587,1159859.8598598598,motorcycle,-12.03995632466129,30.934165700098607,-4.592340312938056,-3.6613546090592672,-2.4562367692705003,-2.467271540246857,2.0465074577815883,0.7480597605073798,-0.7781115987568106,0.910673781682441,5.872810762381494,-0.07211707406460155,0.025999533875699643,-1.1975426593662224
190,11588,1159959.95995996,motorcycle,-12.53558535086726,30.58991713111673,-4.621758628170641,-3.577435017420187,-2.4631364312496493,-2.4793057048675675,2.0465074577815883,0.7480597605073798,-0.5901227639487386,0.8825982659120606,5.843404708858808,-0.11539293488187363,-0.09447584438071238,-1.0574965202543347
190,11589,1160060.0600600601,motorcycle,-13.020909272187914,30.24881293148904,-4.628918167979621,-3.4892620385115447,-2.4766561382054855,-2.4920585659731067,2.0465074577815883,0.7480597605073798,-0.38878807101562063,0.8819187865114644,5.795661417726752,-0.11018942927112496,-0.23819289371652635,-0.9339170496081806
190,11590,1160160.1601601602,motorcycle,-13.508461805423973,29.917992462233062,-4.6213067147080285,-3.4009043553014373,-2.489709380231674,-2.496529175544736,2.0465074577815883,0.7480597605073798,-0.20832936312875985,0.8822194570509589,5.736950047760754,-0.1001515592074309,-0.3696190391401865,-0.8277040895428806
190,11591,1160260.2602602602,motorcycle,-13.98330341905523,29.602872233687744,-4.608084042951516,-3.3092628843848324,-2.492848009948178,-2.500374208268187,2.0465074577815883,0.7480597605073798,-0.07616725479868043,0.8951392370927155,5.671331191447482,-0.1471798280549974,-0.4801377607596528,-0.759304573395421
190,11592,1160360.3603603605,motorcycle,-14.451293090461315,29.282682452896992,-4.603184547410648,-3.2108625871252743,-2.4970310586671887,-2.5188991242741934,2.0465074577815883,0.7480597605073798,-0.027594788108933135,0.9292566192768008,5.608857128350066,-0.19916888481294137,-0.536283769158563,-0.7593938739136702
190,11593,1160460.4604604605,motorcycle,-14.905111545709529,28.96827624828604,-4.608828776812892,-3.1045463129593003,-2.514370626703675,-2.548300607909963,2.0465074577815883,0.7480597605073798,-0.03877228823010788,0.9808299899973794,5.553640421781621,-0.19128138655151172,-0.5442545617086052,-0.8168951778975269
190,11594,1160560.5605605606,motorcycle,-15.37008167323017,28.661489984936622,-4.626137040093595,-2.9996257557912833,-2.5418892176684733,-2.570929815207555,2.0465074577815883,0.7480597605073798,-0.09084814348406944,1.006967981531728,5.511871978202417,-0.13478087564387664,-0.49333497847556274,-0.8825296029126165
190,11595,1160660.6606606606,motorcycle,-15.837808463217884,28.37652091115885,-4.6488317734173625,-2.897173890682744,-2.5629210729445626,-2.5882517465504886,2.0465074577815883,0.7480597605073798,-0.14359756692418177,1.0133838978091543,5.4764550669728,-0.11701841657002987,-0.4340136632970129,-0.9269300543390135
190,11596,1160760.7607607609,motorcycle,-16.306234664839298,28.098234730156474,-4.676670115744763,-2.798216618650374,-2.581029747252398,-2.6050515793473035,2.0465074577815883,0.7480597605073798,-0.19581714848780313,1.0037555495097488,5.448642019544983,-0.11644637924830015,-0.36781122318635195,-0.9542454940483982
190,11597,1160860.860860861,motorcycle,-16.7778330887065,27.824935462054064,-4.707652051306902,-2.701765084925953,-2.5983721170270857,-2.6221697815564777,2.0465074577815883,0.7480597605073798,-0.23995572895158757,0.9881469442284059,5.4265086982765185,-0.12052285189254519,-0.3053550823417068,-0.9699337136798131
190,11598,1160960.960960961,motorcycle,-17.251846710780733,27.556049201162974,-4.738645917450058,-2.6060010669287736,-2.6156582541269437,-2.639457263688816,2.0465074577815883,0.7480597605073798,-0.2670047434363496,0.975931578062627,5.40651086650218,-0.12508773798358863,-0.2590180334473713,-0.9780816103098844
